Stkcd,year,IndustryName1
000002,2015,房地产业
000002,2016,房地产业
000002,2017,房地产业
000002,2018,房地产业
000002,2019,房地产业
000004,2015,医药制造业
000004,2016,医药制造业
000004,2017,医药制造业
000004,2018,医药制造业
000004,2019,医药制造业
000005,2015,房地产业
000005,2016,生态保护和环境治理业
000005,2017,生态保护和环境治理业
000005,2018,生态保护和环境治理业
000005,2019,生态保护和环境治理业
000006,2015,房地产业
000006,2016,房地产业
000006,2017,房地产业
000006,2018,房地产业
000006,2019,房地产业
000007,2015,住宿业
000007,2016,住宿业
000007,2017,房地产业
000007,2018,房地产业
000007,2019,房地产业
000008,2015,铁路、船舶、航空航天和其他运输设备制造业
000008,2016,铁路、船舶、航空航天和其他运输设备制造业
000008,2017,铁路、船舶、航空航天和其他运输设备制造业
000008,2018,铁路、船舶、航空航天和其他运输设备制造业
000008,2019,铁路、船舶、航空航天和其他运输设备制造业
000009,2015,综合
000009,2016,综合
000009,2017,综合
000009,2018,综合
000009,2019,综合
000010,2015,土木工程建筑业
000010,2016,土木工程建筑业
000010,2017,土木工程建筑业
000010,2018,土木工程建筑业
000010,2019,土木工程建筑业
000011,2015,房地产业
000011,2016,房地产业
000011,2017,房地产业
000011,2018,房地产业
000011,2019,房地产业
000012,2015,非金属矿物制品业
000012,2016,非金属矿物制品业
000012,2017,非金属矿物制品业
000012,2018,非金属矿物制品业
000012,2019,非金属矿物制品业
000014,2015,房地产业
000014,2016,房地产业
000014,2017,房地产业
000014,2018,房地产业
000014,2019,房地产业
000016,2015,计算机、通信和其他电子设备制造业
000016,2016,计算机、通信和其他电子设备制造业
000016,2017,计算机、通信和其他电子设备制造业
000016,2018,计算机、通信和其他电子设备制造业
000016,2019,计算机、通信和其他电子设备制造业
000017,2015,铁路、船舶、航空航天和其他运输设备制造业
000017,2016,铁路、船舶、航空航天和其他运输设备制造业
000017,2017,铁路、船舶、航空航天和其他运输设备制造业
000017,2018,铁路、船舶、航空航天和其他运输设备制造业
000017,2019,铁路、船舶、航空航天和其他运输设备制造业
000018,2015,纺织业
000018,2016,建筑装饰、装修和其他建筑业
000018,2017,建筑装饰、装修和其他建筑业
000018,2018,建筑装饰、装修和其他建筑业
000019,2015,酒、饮料和精制茶制造业
000019,2016,酒、饮料和精制茶制造业
000019,2017,酒、饮料和精制茶制造业
000019,2018,酒、饮料和精制茶制造业
000019,2019,批发业
000020,2015,计算机、通信和其他电子设备制造业
000020,2016,计算机、通信和其他电子设备制造业
000020,2017,计算机、通信和其他电子设备制造业
000020,2018,计算机、通信和其他电子设备制造业
000020,2019,计算机、通信和其他电子设备制造业
000021,2015,计算机、通信和其他电子设备制造业
000021,2016,计算机、通信和其他电子设备制造业
000021,2017,计算机、通信和其他电子设备制造业
000021,2018,计算机、通信和其他电子设备制造业
000021,2019,计算机、通信和其他电子设备制造业
000022,2015,水上运输业
000022,2016,水上运输业
000022,2017,水上运输业
000023,2015,非金属矿物制品业
000023,2016,非金属矿物制品业
000023,2017,非金属矿物制品业
000023,2018,非金属矿物制品业
000023,2019,非金属矿物制品业
000025,2015,批发业
000025,2016,批发业
000025,2017,批发业
000025,2018,批发业
000025,2019,批发业
000026,2015,零售业
000026,2016,零售业
000026,2017,零售业
000026,2018,零售业
000026,2019,零售业
000027,2015,电力、热力生产和供应业
000027,2016,电力、热力生产和供应业
000027,2017,电力、热力生产和供应业
000027,2018,电力、热力生产和供应业
000027,2019,电力、热力生产和供应业
000028,2015,批发业
000028,2016,批发业
000028,2017,批发业
000028,2018,批发业
000028,2019,批发业
000029,2015,房地产业
000029,2016,房地产业
000029,2017,房地产业
000029,2018,房地产业
000029,2019,房地产业
000030,2015,汽车制造业
000030,2016,汽车制造业
000030,2017,汽车制造业
000030,2018,汽车制造业
000030,2019,汽车制造业
000031,2015,房地产业
000031,2016,房地产业
000031,2017,房地产业
000031,2018,房地产业
000031,2019,房地产业
000032,2015,批发业
000032,2016,批发业
000032,2017,批发业
000032,2018,批发业
000032,2019,批发业
000033,2015,住宿业
000033,2016,住宿业
000034,2015,综合
000034,2016,批发业
000034,2017,批发业
000034,2018,批发业
000034,2019,批发业
000035,2015,生态保护和环境治理业
000035,2016,生态保护和环境治理业
000035,2017,生态保护和环境治理业
000035,2018,生态保护和环境治理业
000035,2019,生态保护和环境治理业
000036,2015,房地产业
000036,2016,房地产业
000036,2017,房地产业
000036,2018,房地产业
000036,2019,房地产业
000037,2015,电力、热力生产和供应业
000037,2016,电力、热力生产和供应业
000037,2017,电力、热力生产和供应业
000037,2018,电力、热力生产和供应业
000037,2019,电力、热力生产和供应业
000038,2015,房地产业
000038,2016,商务服务业
000038,2017,商务服务业
000038,2018,商务服务业
000038,2019,商务服务业
000039,2015,金属制品业
000039,2016,金属制品业
000039,2017,金属制品业
000039,2018,金属制品业
000039,2019,金属制品业
000040,2015,房地产业
000040,2016,房地产业
000040,2017,土木工程建筑业
000040,2018,电力、热力生产和供应业
000040,2019,电力、热力生产和供应业
000042,2015,房地产业
000042,2016,房地产业
000042,2017,房地产业
000042,2018,房地产业
000042,2019,房地产业
000043,2015,房地产业
000043,2016,房地产业
000043,2017,房地产业
000043,2018,房地产业
000045,2015,计算机、通信和其他电子设备制造业
000045,2016,计算机、通信和其他电子设备制造业
000045,2017,计算机、通信和其他电子设备制造业
000045,2018,计算机、通信和其他电子设备制造业
000045,2019,计算机、通信和其他电子设备制造业
000048,2015,农副食品加工业
000048,2016,农副食品加工业
000048,2017,农副食品加工业
000048,2018,农副食品加工业
000048,2019,农副食品加工业
000049,2015,电气机械和器材制造业
000049,2016,电气机械和器材制造业
000049,2017,电气机械和器材制造业
000049,2018,电气机械和器材制造业
000049,2019,电气机械和器材制造业
000050,2015,计算机、通信和其他电子设备制造业
000050,2016,计算机、通信和其他电子设备制造业
000050,2017,计算机、通信和其他电子设备制造业
000050,2018,计算机、通信和其他电子设备制造业
000050,2019,计算机、通信和其他电子设备制造业
000055,2015,金属制品业
000055,2016,金属制品业
000055,2017,金属制品业
000055,2018,金属制品业
000055,2019,金属制品业
000056,2015,房地产业
000056,2016,房地产业
000056,2017,房地产业
000056,2018,房地产业
000056,2019,商务服务业
000058,2015,商务服务业
000058,2016,商务服务业
000058,2017,商务服务业
000058,2018,商务服务业
000058,2019,商务服务业
000059,2015,石油、煤炭及其他燃料加工业
000059,2016,石油、煤炭及其他燃料加工业
000059,2017,石油、煤炭及其他燃料加工业
000059,2018,石油、煤炭及其他燃料加工业
000059,2019,石油、煤炭及其他燃料加工业
000060,2015,有色金属冶炼和压延加工业
000060,2016,有色金属冶炼和压延加工业
000060,2017,有色金属冶炼和压延加工业
000060,2018,有色金属冶炼和压延加工业
000060,2019,有色金属冶炼和压延加工业
000061,2015,商务服务业
000061,2016,商务服务业
000061,2017,商务服务业
000061,2018,商务服务业
000061,2019,商务服务业
000062,2015,商务服务业
000062,2016,商务服务业
000062,2017,批发业
000062,2018,批发业
000062,2019,批发业
000063,2015,计算机、通信和其他电子设备制造业
000063,2016,计算机、通信和其他电子设备制造业
000063,2017,计算机、通信和其他电子设备制造业
000063,2018,计算机、通信和其他电子设备制造业
000063,2019,计算机、通信和其他电子设备制造业
000065,2015,土木工程建筑业
000065,2016,土木工程建筑业
000065,2017,土木工程建筑业
000065,2018,土木工程建筑业
000065,2019,土木工程建筑业
000066,2015,计算机、通信和其他电子设备制造业
000066,2016,计算机、通信和其他电子设备制造业
000066,2017,计算机、通信和其他电子设备制造业
000066,2018,计算机、通信和其他电子设备制造业
000066,2019,计算机、通信和其他电子设备制造业
000068,2015,计算机、通信和其他电子设备制造业
000068,2016,计算机、通信和其他电子设备制造业
000068,2017,计算机、通信和其他电子设备制造业
000068,2018,计算机、通信和其他电子设备制造业
000068,2019,计算机、通信和其他电子设备制造业
000069,2015,公共设施管理业
000069,2016,公共设施管理业
000069,2017,公共设施管理业
000069,2018,房地产业
000069,2019,房地产业
000070,2015,电气机械和器材制造业
000070,2016,电气机械和器材制造业
000070,2017,电气机械和器材制造业
000070,2018,电气机械和器材制造业
000070,2019,电气机械和器材制造业
000078,2015,零售业
000078,2016,零售业
000078,2017,零售业
000078,2018,零售业
000078,2019,零售业
000088,2015,道路运输业
000088,2016,道路运输业
000088,2017,道路运输业
000088,2018,道路运输业
000088,2019,道路运输业
000089,2015,航空运输业
000089,2016,航空运输业
000089,2017,航空运输业
000089,2018,航空运输业
000089,2019,航空运输业
000090,2015,土木工程建筑业
000090,2016,土木工程建筑业
000090,2017,土木工程建筑业
000090,2018,土木工程建筑业
000090,2019,土木工程建筑业
000096,2015,批发业
000096,2016,批发业
000096,2017,批发业
000096,2018,批发业
000096,2019,批发业
000099,2015,航空运输业
000099,2016,航空运输业
000099,2017,航空运输业
000099,2018,航空运输业
000099,2019,航空运输业
000100,2015,计算机、通信和其他电子设备制造业
000100,2016,计算机、通信和其他电子设备制造业
000100,2017,计算机、通信和其他电子设备制造业
000100,2018,计算机、通信和其他电子设备制造业
000100,2019,计算机、通信和其他电子设备制造业
000150,2015,房地产业
000150,2016,卫生
000150,2017,卫生
000150,2018,卫生
000150,2019,卫生
000151,2015,批发业
000151,2016,批发业
000151,2017,批发业
000151,2018,批发业
000151,2019,批发业
000153,2015,医药制造业
000153,2016,医药制造业
000153,2017,医药制造业
000153,2018,医药制造业
000153,2019,医药制造业
000155,2015,化学原料和化学制品制造业
000155,2016,化学原料和化学制品制造业
000155,2017,化学原料和化学制品制造业
000155,2018,化学原料和化学制品制造业
000155,2019,化学原料和化学制品制造业
000156,2015,广播、电视、电影和录音制作业
000156,2016,广播、电视、电影和录音制作业
000156,2017,广播、电视、电影和录音制作业
000156,2018,广播、电视、电影和录音制作业
000156,2019,广播、电视、电影和录音制作业
000157,2015,专用设备制造业
000157,2016,专用设备制造业
000157,2017,专用设备制造业
000157,2018,专用设备制造业
000157,2019,专用设备制造业
000158,2015,纺织业
000158,2016,纺织业
000158,2017,纺织业
000158,2018,纺织业
000158,2019,软件和信息技术服务业
000159,2015,批发业
000159,2016,批发业
000159,2017,批发业
000159,2018,批发业
000159,2019,批发业
000301,2015,电力、热力生产和供应业
000301,2016,电力、热力生产和供应业
000301,2017,电力、热力生产和供应业
000301,2018,化学纤维制造业
000301,2019,化学纤维制造业
000333,2015,电气机械和器材制造业
000333,2016,电气机械和器材制造业
000333,2017,电气机械和器材制造业
000333,2018,电气机械和器材制造业
000333,2019,电气机械和器材制造业
000338,2015,汽车制造业
000338,2016,汽车制造业
000338,2017,汽车制造业
000338,2018,汽车制造业
000338,2019,汽车制造业
000400,2015,电气机械和器材制造业
000400,2016,电气机械和器材制造业
000400,2017,电气机械和器材制造业
000400,2018,电气机械和器材制造业
000400,2019,电气机械和器材制造业
000401,2015,非金属矿物制品业
000401,2016,非金属矿物制品业
000401,2017,非金属矿物制品业
000401,2018,非金属矿物制品业
000401,2019,非金属矿物制品业
000402,2015,房地产业
000402,2016,房地产业
000402,2017,房地产业
000402,2018,房地产业
000402,2019,房地产业
000403,2015,医药制造业
000403,2016,医药制造业
000403,2017,医药制造业
000403,2018,医药制造业
000403,2019,医药制造业
000404,2015,通用设备制造业
000404,2016,通用设备制造业
000404,2017,通用设备制造业
000404,2018,通用设备制造业
000404,2019,通用设备制造业
000407,2015,化学原料和化学制品制造业
000407,2016,燃气生产和供应业
000407,2017,燃气生产和供应业
000407,2018,燃气生产和供应业
000407,2019,燃气生产和供应业
000408,2015,批发业
000408,2016,批发业
000408,2017,化学原料和化学制品制造业
000408,2018,化学原料和化学制品制造业
000408,2019,化学原料和化学制品制造业
000409,2015,黑色金属矿采选业
000409,2016,综合
000409,2017,综合
000409,2018,综合
000409,2019,综合
000410,2015,通用设备制造业
000410,2016,通用设备制造业
000410,2017,通用设备制造业
000410,2018,通用设备制造业
000410,2019,通用设备制造业
000411,2015,批发业
000411,2016,批发业
000411,2017,批发业
000411,2018,批发业
000411,2019,批发业
000413,2015,计算机、通信和其他电子设备制造业
000413,2016,计算机、通信和其他电子设备制造业
000413,2017,计算机、通信和其他电子设备制造业
000413,2018,计算机、通信和其他电子设备制造业
000413,2019,计算机、通信和其他电子设备制造业
000415,2015,租赁业
000415,2016,租赁业
000415,2017,租赁业
000415,2018,租赁业
000415,2019,租赁业
000417,2015,零售业
000417,2016,零售业
000417,2017,零售业
000417,2018,零售业
000417,2019,零售业
000418,2015,电气机械和器材制造业
000418,2016,电气机械和器材制造业
000418,2017,电气机械和器材制造业
000418,2018,电气机械和器材制造业
000419,2015,零售业
000419,2016,零售业
000419,2017,零售业
000419,2018,零售业
000419,2019,零售业
000420,2015,化学纤维制造业
000420,2016,化学纤维制造业
000420,2017,化学纤维制造业
000420,2018,化学纤维制造业
000420,2019,化学纤维制造业
000421,2015,燃气生产和供应业
000421,2016,燃气生产和供应业
000421,2017,燃气生产和供应业
000421,2018,燃气生产和供应业
000421,2019,燃气生产和供应业
000422,2015,化学原料和化学制品制造业
000422,2016,化学原料和化学制品制造业
000422,2017,化学原料和化学制品制造业
000422,2018,化学原料和化学制品制造业
000422,2019,化学原料和化学制品制造业
000423,2015,医药制造业
000423,2016,医药制造业
000423,2017,医药制造业
000423,2018,医药制造业
000423,2019,医药制造业
000425,2015,专用设备制造业
000425,2016,专用设备制造业
000425,2017,专用设备制造业
000425,2018,专用设备制造业
000425,2019,专用设备制造业
000426,2015,有色金属矿采选业
000426,2016,有色金属矿采选业
000426,2017,有色金属矿采选业
000426,2018,有色金属矿采选业
000426,2019,有色金属矿采选业
000428,2015,住宿业
000428,2016,住宿业
000428,2017,住宿业
000428,2018,住宿业
000428,2019,住宿业
000429,2015,道路运输业
000429,2016,道路运输业
000429,2017,道路运输业
000429,2018,道路运输业
000429,2019,道路运输业
000430,2015,公共设施管理业
000430,2016,公共设施管理业
000430,2017,公共设施管理业
000430,2018,公共设施管理业
000430,2019,公共设施管理业
000488,2015,造纸和纸制品业
000488,2016,造纸和纸制品业
000488,2017,造纸和纸制品业
000488,2018,造纸和纸制品业
000488,2019,造纸和纸制品业
000498,2015,土木工程建筑业
000498,2016,土木工程建筑业
000498,2017,土木工程建筑业
000498,2018,土木工程建筑业
000498,2019,土木工程建筑业
000501,2015,零售业
000501,2016,零售业
000501,2017,零售业
000501,2018,零售业
000501,2019,零售业
000502,2015,房地产业
000502,2016,房地产业
000502,2017,房地产业
000502,2018,房地产业
000502,2019,房地产业
000503,2015,互联网和相关服务
000503,2016,互联网和相关服务
000503,2017,互联网和相关服务
000503,2018,互联网和相关服务
000503,2019,互联网和相关服务
000504,2015,新闻和出版业
000504,2016,新闻和出版业
000504,2017,新闻和出版业
000504,2018,科技推广和应用服务业
000504,2019,科技推广和应用服务业
000505,2015,房地产业
000505,2016,房地产业
000505,2017,房地产业
000505,2018,农副食品加工业
000505,2019,农副食品加工业
000506,2015,有色金属矿采选业
000506,2016,有色金属矿采选业
000506,2017,有色金属矿采选业
000506,2018,有色金属矿采选业
000506,2019,有色金属矿采选业
000507,2015,水上运输业
000507,2016,水上运输业
000507,2017,水上运输业
000507,2018,水上运输业
000507,2019,水上运输业
000509,2015,橡胶和塑料制品业
000509,2016,橡胶和塑料制品业
000509,2017,橡胶和塑料制品业
000509,2018,橡胶和塑料制品业
000509,2019,橡胶和塑料制品业
000510,2015,化学原料和化学制品制造业
000510,2016,化学原料和化学制品制造业
000510,2017,化学原料和化学制品制造业
000510,2018,化学原料和化学制品制造业
000510,2019,化学原料和化学制品制造业
000511,2015,非金属矿物制品业
000511,2016,非金属矿物制品业
000511,2017,非金属矿物制品业
000513,2015,医药制造业
000513,2016,医药制造业
000513,2017,医药制造业
000513,2018,医药制造业
000513,2019,医药制造业
000514,2015,房地产业
000514,2016,房地产业
000514,2017,房地产业
000514,2018,房地产业
000514,2019,房地产业
000516,2015,零售业
000516,2016,零售业
000516,2017,零售业
000516,2018,卫生
000516,2019,卫生
000517,2015,房地产业
000517,2016,房地产业
000517,2017,房地产业
000517,2018,房地产业
000517,2019,房地产业
000518,2015,医药制造业
000518,2016,医药制造业
000518,2017,医药制造业
000518,2018,医药制造业
000518,2019,医药制造业
000519,2015,非金属矿物制品业
000519,2016,非金属矿物制品业
000519,2017,专用设备制造业
000519,2018,专用设备制造业
000519,2019,专用设备制造业
000520,2015,水上运输业
000520,2016,水上运输业
000520,2017,水上运输业
000520,2018,水上运输业
000520,2019,水上运输业
000521,2015,电气机械和器材制造业
000521,2016,电气机械和器材制造业
000521,2017,电气机械和器材制造业
000521,2018,电气机械和器材制造业
000521,2019,电气机械和器材制造业
000523,2015,化学原料和化学制品制造业
000523,2016,化学原料和化学制品制造业
000523,2017,化学原料和化学制品制造业
000523,2018,化学原料和化学制品制造业
000523,2019,化学原料和化学制品制造业
000524,2015,住宿业
000524,2016,住宿业
000524,2017,住宿业
000524,2018,住宿业
000524,2019,住宿业
000525,2015,化学原料和化学制品制造业
000525,2016,化学原料和化学制品制造业
000525,2017,化学原料和化学制品制造业
000525,2018,化学原料和化学制品制造业
000525,2019,化学原料和化学制品制造业
000526,2015,房地产业
000526,2016,教育
000526,2017,教育
000526,2018,教育
000526,2019,教育
000528,2015,专用设备制造业
000528,2016,专用设备制造业
000528,2017,专用设备制造业
000528,2018,专用设备制造业
000528,2019,专用设备制造业
000529,2015,农副食品加工业
000529,2016,农副食品加工业
000529,2017,农副食品加工业
000529,2018,农副食品加工业
000529,2019,农副食品加工业
000530,2015,通用设备制造业
000530,2016,通用设备制造业
000530,2017,通用设备制造业
000530,2018,通用设备制造业
000530,2019,通用设备制造业
000531,2015,电力、热力生产和供应业
000531,2016,电力、热力生产和供应业
000531,2017,电力、热力生产和供应业
000531,2018,电力、热力生产和供应业
000531,2019,电力、热力生产和供应业
000532,2015,综合
000532,2016,综合
000532,2017,综合
000532,2018,综合
000532,2019,综合
000533,2015,电气机械和器材制造业
000533,2016,电气机械和器材制造业
000533,2017,电气机械和器材制造业
000533,2018,电气机械和器材制造业
000533,2019,电气机械和器材制造业
000534,2015,房地产业
000534,2016,房地产业
000534,2017,房地产业
000534,2018,房地产业
000534,2019,医药制造业
000536,2015,计算机、通信和其他电子设备制造业
000536,2016,计算机、通信和其他电子设备制造业
000536,2017,计算机、通信和其他电子设备制造业
000536,2018,计算机、通信和其他电子设备制造业
000536,2019,计算机、通信和其他电子设备制造业
000537,2015,房地产业
000537,2016,房地产业
000537,2017,房地产业
000537,2018,房地产业
000537,2019,房地产业
000538,2015,医药制造业
000538,2016,医药制造业
000538,2017,医药制造业
000538,2018,医药制造业
000538,2019,医药制造业
000539,2015,电力、热力生产和供应业
000539,2016,电力、热力生产和供应业
000539,2017,电力、热力生产和供应业
000539,2018,电力、热力生产和供应业
000539,2019,电力、热力生产和供应业
000540,2015,房地产业
000540,2016,房地产业
000540,2017,房地产业
000540,2018,房地产业
000540,2019,房地产业
000541,2015,电气机械和器材制造业
000541,2016,电气机械和器材制造业
000541,2017,电气机械和器材制造业
000541,2018,电气机械和器材制造业
000541,2019,电气机械和器材制造业
000543,2015,电力、热力生产和供应业
000543,2016,电力、热力生产和供应业
000543,2017,电力、热力生产和供应业
000543,2018,电力、热力生产和供应业
000543,2019,电力、热力生产和供应业
000544,2015,水的生产和供应业
000544,2016,水的生产和供应业
000544,2017,水的生产和供应业
000544,2018,水的生产和供应业
000544,2019,水的生产和供应业
000545,2015,化学原料和化学制品制造业
000545,2016,化学原料和化学制品制造业
000545,2017,化学原料和化学制品制造业
000545,2018,化学原料和化学制品制造业
000545,2019,化学原料和化学制品制造业
000546,2015,非金属矿物制品业
000546,2016,非金属矿物制品业
000546,2017,非金属矿物制品业
000546,2018,生态保护和环境治理业
000546,2019,生态保护和环境治理业
000547,2015,计算机、通信和其他电子设备制造业
000547,2016,计算机、通信和其他电子设备制造业
000547,2017,计算机、通信和其他电子设备制造业
000547,2018,计算机、通信和其他电子设备制造业
000547,2019,计算机、通信和其他电子设备制造业
000548,2015,道路运输业
000548,2016,道路运输业
000548,2017,道路运输业
000548,2018,道路运输业
000548,2019,道路运输业
000550,2015,汽车制造业
000550,2016,汽车制造业
000550,2017,汽车制造业
000550,2018,汽车制造业
000550,2019,汽车制造业
000551,2015,综合
000551,2016,综合
000551,2017,综合
000551,2018,综合
000551,2019,综合
000552,2015,煤炭开采和洗选业
000552,2016,煤炭开采和洗选业
000552,2017,煤炭开采和洗选业
000552,2018,煤炭开采和洗选业
000552,2019,煤炭开采和洗选业
000553,2015,化学原料和化学制品制造业
000553,2016,化学原料和化学制品制造业
000553,2017,化学原料和化学制品制造业
000553,2018,化学原料和化学制品制造业
000553,2019,化学原料和化学制品制造业
000554,2015,批发业
000554,2016,批发业
000554,2017,批发业
000554,2018,批发业
000554,2019,批发业
000555,2015,软件和信息技术服务业
000555,2016,软件和信息技术服务业
000555,2017,软件和信息技术服务业
000555,2018,软件和信息技术服务业
000555,2019,软件和信息技术服务业
000557,2015,酒、饮料和精制茶制造业
000557,2016,铁路运输业
000557,2017,铁路运输业
000557,2018,铁路运输业
000557,2019,铁路运输业
000558,2015,房地产业
000558,2016,房地产业
000558,2017,房地产业
000558,2018,房地产业
000558,2019,房地产业
000559,2015,汽车制造业
000559,2016,汽车制造业
000559,2017,汽车制造业
000559,2018,汽车制造业
000559,2019,汽车制造业
000560,2015,零售业
000560,2016,零售业
000560,2017,零售业
000560,2018,房地产业
000560,2019,房地产业
000561,2015,计算机、通信和其他电子设备制造业
000561,2016,计算机、通信和其他电子设备制造业
000561,2017,计算机、通信和其他电子设备制造业
000561,2018,计算机、通信和其他电子设备制造业
000561,2019,计算机、通信和其他电子设备制造业
000564,2015,零售业
000564,2016,零售业
000564,2017,零售业
000564,2018,零售业
000564,2019,零售业
000565,2015,化学原料和化学制品制造业
000565,2016,化学原料和化学制品制造业
000565,2017,化学原料和化学制品制造业
000565,2018,化学原料和化学制品制造业
000565,2019,化学原料和化学制品制造业
000566,2015,医药制造业
000566,2016,医药制造业
000566,2017,医药制造业
000566,2018,医药制造业
000566,2019,医药制造业
000568,2015,酒、饮料和精制茶制造业
000568,2016,酒、饮料和精制茶制造业
000568,2017,酒、饮料和精制茶制造业
000568,2018,酒、饮料和精制茶制造业
000568,2019,酒、饮料和精制茶制造业
000570,2015,通用设备制造业
000570,2016,通用设备制造业
000570,2017,通用设备制造业
000570,2018,通用设备制造业
000570,2019,通用设备制造业
000571,2015,煤炭开采和洗选业
000571,2016,煤炭开采和洗选业
000571,2017,综合
000571,2018,综合
000571,2019,综合
000572,2015,汽车制造业
000572,2016,汽车制造业
000572,2017,汽车制造业
000572,2018,汽车制造业
000572,2019,汽车制造业
000573,2015,房地产业
000573,2016,房地产业
000573,2017,房地产业
000573,2018,房地产业
000573,2019,房地产业
000576,2015,造纸和纸制品业
000576,2016,造纸和纸制品业
000576,2017,造纸和纸制品业
000576,2018,造纸和纸制品业
000576,2019,造纸和纸制品业
000581,2015,汽车制造业
000581,2016,汽车制造业
000581,2017,汽车制造业
000581,2018,汽车制造业
000581,2019,汽车制造业
000582,2015,水上运输业
000582,2016,水上运输业
000582,2017,水上运输业
000582,2018,水上运输业
000582,2019,水上运输业
000584,2015,化学纤维制造业
000584,2016,化学纤维制造业
000584,2017,化学纤维制造业
000584,2018,化学纤维制造业
000584,2019,专用设备制造业
000585,2015,电气机械和器材制造业
000585,2016,电气机械和器材制造业
000585,2017,电气机械和器材制造业
000585,2018,电气机械和器材制造业
000585,2019,电气机械和器材制造业
000586,2015,计算机、通信和其他电子设备制造业
000586,2016,计算机、通信和其他电子设备制造业
000586,2017,计算机、通信和其他电子设备制造业
000586,2018,计算机、通信和其他电子设备制造业
000586,2019,计算机、通信和其他电子设备制造业
000587,2015,其他制造业
000587,2016,其他制造业
000587,2017,其他制造业
000587,2018,其他制造业
000587,2019,其他制造业
000589,2015,橡胶和塑料制品业
000589,2016,橡胶和塑料制品业
000589,2017,橡胶和塑料制品业
000589,2018,橡胶和塑料制品业
000589,2019,橡胶和塑料制品业
000590,2015,医药制造业
000590,2016,医药制造业
000590,2017,医药制造业
000590,2018,医药制造业
000590,2019,医药制造业
000591,2015,零售业
000591,2016,电力、热力生产和供应业
000591,2017,电力、热力生产和供应业
000591,2018,电力、热力生产和供应业
000591,2019,电力、热力生产和供应业
000592,2015,林业
000592,2016,林业
000592,2017,林业
000592,2018,林业
000592,2019,林业
000593,2015,零售业
000593,2016,零售业
000593,2017,燃气生产和供应业
000593,2018,燃气生产和供应业
000593,2019,燃气生产和供应业
000595,2015,通用设备制造业
000595,2016,通用设备制造业
000595,2017,通用设备制造业
000595,2018,通用设备制造业
000595,2019,通用设备制造业
000596,2015,酒、饮料和精制茶制造业
000596,2016,酒、饮料和精制茶制造业
000596,2017,酒、饮料和精制茶制造业
000596,2018,酒、饮料和精制茶制造业
000596,2019,酒、饮料和精制茶制造业
000597,2015,医药制造业
000597,2016,医药制造业
000597,2017,医药制造业
000597,2018,医药制造业
000597,2019,医药制造业
000598,2015,水的生产和供应业
000598,2016,水的生产和供应业
000598,2017,水的生产和供应业
000598,2018,水的生产和供应业
000598,2019,水的生产和供应业
000599,2015,橡胶和塑料制品业
000599,2016,橡胶和塑料制品业
000599,2017,橡胶和塑料制品业
000599,2018,橡胶和塑料制品业
000599,2019,橡胶和塑料制品业
000600,2015,电力、热力生产和供应业
000600,2016,电力、热力生产和供应业
000600,2017,电力、热力生产和供应业
000600,2018,电力、热力生产和供应业
000600,2019,电力、热力生产和供应业
000601,2015,电力、热力生产和供应业
000601,2016,电力、热力生产和供应业
000601,2017,电力、热力生产和供应业
000601,2018,电力、热力生产和供应业
000601,2019,电力、热力生产和供应业
000603,2015,有色金属矿采选业
000603,2016,有色金属矿采选业
000603,2017,有色金属矿采选业
000603,2018,有色金属矿采选业
000603,2019,有色金属矿采选业
000605,2015,水的生产和供应业
000605,2016,水的生产和供应业
000605,2017,水的生产和供应业
000605,2018,水的生产和供应业
000605,2019,水的生产和供应业
000606,2015,医药制造业
000606,2016,医药制造业
000606,2017,医药制造业
000606,2018,互联网和相关服务
000606,2019,互联网和相关服务
000607,2015,新闻和出版业
000607,2016,新闻和出版业
000607,2017,新闻和出版业
000607,2018,新闻和出版业
000607,2019,新闻和出版业
000608,2015,房地产业
000608,2016,房地产业
000608,2017,房地产业
000608,2018,房地产业
000608,2019,房地产业
000609,2015,房地产业
000609,2016,综合
000609,2017,综合
000609,2018,综合
000609,2019,综合
000610,2015,公共设施管理业
000610,2016,公共设施管理业
000610,2017,公共设施管理业
000610,2018,公共设施管理业
000610,2019,公共设施管理业
000611,2015,纺织业
000611,2016,纺织业
000611,2017,纺织业
000611,2018,纺织业
000611,2019,纺织业
000612,2015,有色金属冶炼和压延加工业
000612,2016,有色金属冶炼和压延加工业
000612,2017,有色金属冶炼和压延加工业
000612,2018,有色金属冶炼和压延加工业
000612,2019,有色金属冶炼和压延加工业
000613,2015,住宿业
000613,2016,住宿业
000613,2017,住宿业
000613,2018,住宿业
000613,2019,住宿业
000615,2015,化学纤维制造业
000615,2016,房地产业
000615,2017,房地产业
000615,2018,房地产业
000615,2019,房地产业
000616,2015,房地产业
000616,2016,房地产业
000616,2017,房地产业
000616,2018,房地产业
000616,2019,房地产业
000619,2015,橡胶和塑料制品业
000619,2016,橡胶和塑料制品业
000619,2017,橡胶和塑料制品业
000619,2018,橡胶和塑料制品业
000619,2019,橡胶和塑料制品业
000620,2015,房地产业
000620,2016,房地产业
000620,2017,房地产业
000620,2018,房地产业
000620,2019,房地产业
000622,2015,专用设备制造业
000622,2016,专用设备制造业
000622,2017,专用设备制造业
000622,2018,专用设备制造业
000622,2019,专用设备制造业
000623,2015,医药制造业
000623,2016,医药制造业
000623,2017,医药制造业
000623,2018,医药制造业
000623,2019,医药制造业
000625,2015,汽车制造业
000625,2016,汽车制造业
000625,2017,汽车制造业
000625,2018,汽车制造业
000625,2019,汽车制造业
000626,2015,批发业
000626,2016,批发业
000626,2017,批发业
000626,2018,批发业
000626,2019,批发业
000628,2015,房屋建筑业
000628,2016,房屋建筑业
000628,2017,房屋建筑业
000628,2018,房屋建筑业
000628,2019,房屋建筑业
000629,2015,黑色金属矿采选业
000629,2016,黑色金属矿采选业
000629,2017,黑色金属矿采选业
000629,2018,有色金属冶炼和压延加工业
000629,2019,有色金属冶炼和压延加工业
000630,2015,有色金属冶炼和压延加工业
000630,2016,有色金属冶炼和压延加工业
000630,2017,有色金属冶炼和压延加工业
000630,2018,有色金属冶炼和压延加工业
000630,2019,有色金属冶炼和压延加工业
000631,2015,房地产业
000631,2016,房地产业
000631,2017,房地产业
000631,2018,房地产业
000631,2019,房地产业
000632,2015,批发业
000632,2016,批发业
000632,2017,批发业
000632,2018,批发业
000632,2019,批发业
000633,2015,电气机械和器材制造业
000633,2016,电气机械和器材制造业
000633,2017,电气机械和器材制造业
000633,2018,电气机械和器材制造业
000633,2019,电气机械和器材制造业
000635,2015,化学原料和化学制品制造业
000635,2016,化学原料和化学制品制造业
000635,2017,化学原料和化学制品制造业
000635,2018,化学原料和化学制品制造业
000635,2019,化学原料和化学制品制造业
000636,2015,计算机、通信和其他电子设备制造业
000636,2016,计算机、通信和其他电子设备制造业
000636,2017,计算机、通信和其他电子设备制造业
000636,2018,计算机、通信和其他电子设备制造业
000636,2019,计算机、通信和其他电子设备制造业
000637,2015,石油、煤炭及其他燃料加工业
000637,2016,石油、煤炭及其他燃料加工业
000637,2017,石油、煤炭及其他燃料加工业
000637,2018,石油、煤炭及其他燃料加工业
000637,2019,石油、煤炭及其他燃料加工业
000638,2015,批发业
000638,2016,批发业
000638,2017,批发业
000638,2018,软件和信息技术服务业
000638,2019,软件和信息技术服务业
000639,2015,农副食品加工业
000639,2016,农副食品加工业
000639,2017,农副食品加工业
000639,2018,农副食品加工业
000639,2019,农副食品加工业
000650,2015,医药制造业
000650,2016,医药制造业
000650,2017,医药制造业
000650,2018,医药制造业
000650,2019,医药制造业
000651,2015,电气机械和器材制造业
000651,2016,电气机械和器材制造业
000651,2017,电气机械和器材制造业
000651,2018,电气机械和器材制造业
000651,2019,电气机械和器材制造业
000652,2015,批发业
000652,2016,批发业
000652,2017,批发业
000652,2018,批发业
000652,2019,批发业
000655,2015,黑色金属矿采选业
000655,2016,黑色金属矿采选业
000655,2017,黑色金属矿采选业
000655,2018,黑色金属矿采选业
000655,2019,黑色金属矿采选业
000656,2015,房地产业
000656,2016,房地产业
000656,2017,房地产业
000656,2018,房地产业
000656,2019,房地产业
000657,2015,有色金属冶炼和压延加工业
000657,2016,有色金属冶炼和压延加工业
000657,2017,有色金属冶炼和压延加工业
000657,2018,有色金属冶炼和压延加工业
000657,2019,有色金属冶炼和压延加工业
000659,2015,橡胶和塑料制品业
000659,2016,橡胶和塑料制品业
000659,2017,橡胶和塑料制品业
000659,2018,橡胶和塑料制品业
000659,2019,橡胶和塑料制品业
000661,2015,医药制造业
000661,2016,医药制造业
000661,2017,医药制造业
000661,2018,医药制造业
000661,2019,医药制造业
000662,2015,化学原料和化学制品制造业
000662,2016,化学原料和化学制品制造业
000662,2017,软件和信息技术服务业
000662,2018,软件和信息技术服务业
000662,2019,软件和信息技术服务业
000663,2015,林业
000663,2016,家具制造业
000663,2017,家具制造业
000663,2018,家具制造业
000663,2019,家具制造业
000665,2015,广播、电视、电影和录音制作业
000665,2016,广播、电视、电影和录音制作业
000665,2017,广播、电视、电影和录音制作业
000665,2018,广播、电视、电影和录音制作业
000665,2019,广播、电视、电影和录音制作业
000667,2015,房地产业
000667,2016,房地产业
000667,2017,房地产业
000667,2018,房地产业
000667,2019,房地产业
000668,2015,房地产业
000668,2016,房地产业
000668,2017,房地产业
000668,2018,房地产业
000668,2019,房地产业
000669,2015,燃气生产和供应业
000669,2016,燃气生产和供应业
000669,2017,燃气生产和供应业
000669,2018,燃气生产和供应业
000669,2019,燃气生产和供应业
000670,2015,计算机、通信和其他电子设备制造业
000670,2016,计算机、通信和其他电子设备制造业
000670,2017,计算机、通信和其他电子设备制造业
000670,2018,计算机、通信和其他电子设备制造业
000670,2019,计算机、通信和其他电子设备制造业
000671,2015,房地产业
000671,2016,房地产业
000671,2017,房地产业
000671,2018,房地产业
000671,2019,房地产业
000672,2015,非金属矿物制品业
000672,2016,非金属矿物制品业
000672,2017,非金属矿物制品业
000672,2018,非金属矿物制品业
000672,2019,非金属矿物制品业
000673,2015,文化艺术业
000673,2016,文化艺术业
000673,2017,文化艺术业
000673,2018,文化艺术业
000673,2019,文化艺术业
000676,2015,电气机械和器材制造业
000676,2016,电气机械和器材制造业
000676,2017,互联网和相关服务
000676,2018,互联网和相关服务
000676,2019,互联网和相关服务
000677,2015,化学纤维制造业
000677,2016,化学纤维制造业
000677,2017,化学纤维制造业
000677,2018,化学纤维制造业
000677,2019,化学纤维制造业
000678,2015,通用设备制造业
000678,2016,通用设备制造业
000678,2017,通用设备制造业
000678,2018,通用设备制造业
000678,2019,通用设备制造业
000679,2015,零售业
000679,2016,零售业
000679,2017,零售业
000679,2018,零售业
000679,2019,零售业
000680,2015,专用设备制造业
000680,2016,专用设备制造业
000680,2017,专用设备制造业
000680,2018,专用设备制造业
000680,2019,专用设备制造业
000681,2015,文化艺术业
000681,2016,文化艺术业
000681,2017,文化艺术业
000681,2018,文化艺术业
000681,2019,文化艺术业
000682,2015,电气机械和器材制造业
000682,2016,电气机械和器材制造业
000682,2017,电气机械和器材制造业
000682,2018,电气机械和器材制造业
000682,2019,软件和信息技术服务业
000683,2015,化学原料和化学制品制造业
000683,2016,化学原料和化学制品制造业
000683,2017,化学原料和化学制品制造业
000683,2018,化学原料和化学制品制造业
000683,2019,化学原料和化学制品制造业
000685,2015,水的生产和供应业
000685,2016,水的生产和供应业
000685,2017,水的生产和供应业
000685,2018,水的生产和供应业
000685,2019,水的生产和供应业
000687,2015,化学纤维制造业
000687,2016,计算机、通信和其他电子设备制造业
000687,2017,计算机、通信和其他电子设备制造业
000687,2018,计算机、通信和其他电子设备制造业
000687,2019,计算机、通信和其他电子设备制造业
000688,2015,有色金属矿采选业
000688,2016,有色金属矿采选业
000688,2017,有色金属矿采选业
000688,2018,有色金属矿采选业
000688,2019,有色金属矿采选业
000690,2015,电力、热力生产和供应业
000690,2016,电力、热力生产和供应业
000690,2017,电力、热力生产和供应业
000690,2018,电力、热力生产和供应业
000690,2019,电力、热力生产和供应业
000691,2015,房地产业
000691,2016,房地产业
000691,2017,房地产业
000691,2018,房地产业
000691,2019,房地产业
000692,2015,电力、热力生产和供应业
000692,2016,电力、热力生产和供应业
000692,2017,电力、热力生产和供应业
000692,2018,电力、热力生产和供应业
000692,2019,电力、热力生产和供应业
000693,2015,有色金属矿采选业
000693,2016,有色金属矿采选业
000693,2017,有色金属矿采选业
000695,2015,电力、热力生产和供应业
000695,2016,电力、热力生产和供应业
000695,2017,电力、热力生产和供应业
000695,2018,电力、热力生产和供应业
000695,2019,印刷和记录媒介复制业
000697,2015,有色金属矿采选业
000697,2016,有色金属矿采选业
000697,2017,铁路、船舶、航空航天和其他运输设备制造业
000697,2018,铁路、船舶、航空航天和其他运输设备制造业
000697,2019,铁路、船舶、航空航天和其他运输设备制造业
000698,2015,石油、煤炭及其他燃料加工业
000698,2016,石油、煤炭及其他燃料加工业
000698,2017,石油、煤炭及其他燃料加工业
000698,2018,石油、煤炭及其他燃料加工业
000698,2019,石油、煤炭及其他燃料加工业
000700,2015,汽车制造业
000700,2016,汽车制造业
000700,2017,汽车制造业
000700,2018,汽车制造业
000700,2019,汽车制造业
000701,2015,批发业
000701,2016,批发业
000701,2017,批发业
000701,2018,批发业
000701,2019,批发业
000702,2015,农副食品加工业
000702,2016,农副食品加工业
000702,2017,农副食品加工业
000702,2018,农副食品加工业
000702,2019,农副食品加工业
000703,2015,化学纤维制造业
000703,2016,化学纤维制造业
000703,2017,化学纤维制造业
000703,2018,化学纤维制造业
000703,2019,化学纤维制造业
000705,2015,批发业
000705,2016,批发业
000705,2017,批发业
000705,2018,批发业
000705,2019,批发业
000707,2015,化学原料和化学制品制造业
000707,2016,化学原料和化学制品制造业
000707,2017,化学原料和化学制品制造业
000707,2018,化学原料和化学制品制造业
000707,2019,化学原料和化学制品制造业
000708,2015,黑色金属冶炼和压延加工业
000708,2016,黑色金属冶炼和压延加工业
000708,2017,黑色金属冶炼和压延加工业
000708,2018,黑色金属冶炼和压延加工业
000708,2019,黑色金属冶炼和压延加工业
000709,2015,黑色金属冶炼和压延加工业
000709,2016,黑色金属冶炼和压延加工业
000709,2017,黑色金属冶炼和压延加工业
000709,2018,黑色金属冶炼和压延加工业
000709,2019,黑色金属冶炼和压延加工业
000710,2015,汽车制造业
000710,2016,汽车制造业
000710,2017,专业技术服务业
000710,2018,专业技术服务业
000710,2019,专业技术服务业
000711,2015,房地产业
000711,2016,房地产业
000711,2017,农、林、牧、渔专业及辅助性活动
000711,2018,土木工程建筑业
000711,2019,土木工程建筑业
000713,2015,农、林、牧、渔专业及辅助性活动
000713,2016,农、林、牧、渔专业及辅助性活动
000713,2017,农、林、牧、渔专业及辅助性活动
000713,2018,农、林、牧、渔专业及辅助性活动
000713,2019,农、林、牧、渔专业及辅助性活动
000715,2015,零售业
000715,2016,零售业
000715,2017,零售业
000715,2018,零售业
000715,2019,零售业
000716,2015,食品制造业
000716,2016,食品制造业
000716,2017,食品制造业
000716,2018,食品制造业
000716,2019,食品制造业
000717,2015,黑色金属冶炼和压延加工业
000717,2016,黑色金属冶炼和压延加工业
000717,2017,黑色金属冶炼和压延加工业
000717,2018,黑色金属冶炼和压延加工业
000717,2019,黑色金属冶炼和压延加工业
000718,2015,房地产业
000718,2016,房地产业
000718,2017,房地产业
000718,2018,房地产业
000718,2019,房地产业
000719,2015,新闻和出版业
000719,2016,新闻和出版业
000719,2017,新闻和出版业
000719,2018,新闻和出版业
000719,2019,新闻和出版业
000720,2015,电力、热力生产和供应业
000720,2016,电力、热力生产和供应业
000720,2017,电力、热力生产和供应业
000720,2018,电力、热力生产和供应业
000720,2019,电力、热力生产和供应业
000721,2015,餐饮业
000721,2016,餐饮业
000721,2017,餐饮业
000721,2018,餐饮业
000721,2019,餐饮业
000722,2015,电力、热力生产和供应业
000722,2016,电力、热力生产和供应业
000722,2017,电力、热力生产和供应业
000722,2018,电力、热力生产和供应业
000722,2019,电力、热力生产和供应业
000723,2015,石油、煤炭及其他燃料加工业
000723,2016,石油、煤炭及其他燃料加工业
000723,2017,石油、煤炭及其他燃料加工业
000723,2018,石油、煤炭及其他燃料加工业
000723,2019,石油、煤炭及其他燃料加工业
000725,2015,计算机、通信和其他电子设备制造业
000725,2016,计算机、通信和其他电子设备制造业
000725,2017,计算机、通信和其他电子设备制造业
000725,2018,计算机、通信和其他电子设备制造业
000725,2019,计算机、通信和其他电子设备制造业
000726,2015,纺织业
000726,2016,纺织业
000726,2017,纺织业
000726,2018,纺织业
000726,2019,纺织业
000727,2015,计算机、通信和其他电子设备制造业
000727,2016,计算机、通信和其他电子设备制造业
000727,2017,计算机、通信和其他电子设备制造业
000727,2018,计算机、通信和其他电子设备制造业
000727,2019,计算机、通信和其他电子设备制造业
000729,2015,酒、饮料和精制茶制造业
000729,2016,酒、饮料和精制茶制造业
000729,2017,酒、饮料和精制茶制造业
000729,2018,酒、饮料和精制茶制造业
000729,2019,酒、饮料和精制茶制造业
000731,2015,化学原料和化学制品制造业
000731,2016,化学原料和化学制品制造业
000731,2017,化学原料和化学制品制造业
000731,2018,化学原料和化学制品制造业
000731,2019,化学原料和化学制品制造业
000732,2015,房地产业
000732,2016,房地产业
000732,2017,房地产业
000732,2018,房地产业
000732,2019,房地产业
000733,2015,计算机、通信和其他电子设备制造业
000733,2016,计算机、通信和其他电子设备制造业
000733,2017,计算机、通信和其他电子设备制造业
000733,2018,计算机、通信和其他电子设备制造业
000733,2019,计算机、通信和其他电子设备制造业
000735,2015,畜牧业
000735,2016,畜牧业
000735,2017,畜牧业
000735,2018,畜牧业
000735,2019,畜牧业
000736,2015,房地产业
000736,2016,房地产业
000736,2017,房地产业
000736,2018,房地产业
000736,2019,房地产业
000737,2015,化学原料和化学制品制造业
000737,2016,化学原料和化学制品制造业
000737,2017,化学原料和化学制品制造业
000737,2018,化学原料和化学制品制造业
000737,2019,化学原料和化学制品制造业
000738,2015,铁路、船舶、航空航天和其他运输设备制造业
000738,2016,铁路、船舶、航空航天和其他运输设备制造业
000738,2017,铁路、船舶、航空航天和其他运输设备制造业
000738,2018,铁路、船舶、航空航天和其他运输设备制造业
000738,2019,铁路、船舶、航空航天和其他运输设备制造业
000739,2015,医药制造业
000739,2016,医药制造业
000739,2017,医药制造业
000739,2018,医药制造业
000739,2019,医药制造业
000748,2015,计算机、通信和其他电子设备制造业
000751,2015,有色金属冶炼和压延加工业
000751,2016,有色金属冶炼和压延加工业
000751,2017,有色金属冶炼和压延加工业
000751,2018,有色金属冶炼和压延加工业
000751,2019,有色金属冶炼和压延加工业
000752,2015,酒、饮料和精制茶制造业
000752,2016,酒、饮料和精制茶制造业
000752,2017,酒、饮料和精制茶制造业
000752,2018,酒、饮料和精制茶制造业
000752,2019,酒、饮料和精制茶制造业
000753,2015,零售业
000753,2016,零售业
000753,2017,零售业
000753,2018,零售业
000753,2019,零售业
000755,2015,化学原料和化学制品制造业
000755,2016,化学原料和化学制品制造业
000755,2017,化学原料和化学制品制造业
000755,2018,化学原料和化学制品制造业
000755,2019,道路运输业
000756,2015,医药制造业
000756,2016,医药制造业
000756,2017,医药制造业
000756,2018,医药制造业
000756,2019,医药制造业
000757,2015,通用设备制造业
000757,2016,通用设备制造业
000757,2017,通用设备制造业
000757,2018,通用设备制造业
000757,2019,零售业
000758,2015,有色金属矿采选业
000758,2016,有色金属矿采选业
000758,2017,有色金属矿采选业
000758,2018,有色金属矿采选业
000758,2019,有色金属矿采选业
000759,2015,零售业
000759,2016,零售业
000759,2017,零售业
000759,2018,零售业
000759,2019,零售业
000760,2015,汽车制造业
000760,2016,汽车制造业
000760,2017,汽车制造业
000760,2018,汽车制造业
000760,2019,汽车制造业
000761,2015,黑色金属冶炼和压延加工业
000761,2016,黑色金属冶炼和压延加工业
000761,2017,黑色金属冶炼和压延加工业
000761,2018,黑色金属冶炼和压延加工业
000761,2019,黑色金属冶炼和压延加工业
000762,2015,黑色金属矿采选业
000762,2016,黑色金属矿采选业
000762,2017,黑色金属矿采选业
000762,2018,黑色金属矿采选业
000762,2019,黑色金属矿采选业
000766,2015,医药制造业
000766,2016,医药制造业
000766,2017,医药制造业
000766,2018,医药制造业
000766,2019,医药制造业
000767,2015,电力、热力生产和供应业
000767,2016,电力、热力生产和供应业
000767,2017,电力、热力生产和供应业
000767,2018,电力、热力生产和供应业
000767,2019,电力、热力生产和供应业
000768,2015,铁路、船舶、航空航天和其他运输设备制造业
000768,2016,铁路、船舶、航空航天和其他运输设备制造业
000768,2017,铁路、船舶、航空航天和其他运输设备制造业
000768,2018,铁路、船舶、航空航天和其他运输设备制造业
000768,2019,铁路、船舶、航空航天和其他运输设备制造业
000777,2015,通用设备制造业
000777,2016,通用设备制造业
000777,2017,通用设备制造业
000777,2018,通用设备制造业
000777,2019,通用设备制造业
000778,2015,金属制品业
000778,2016,金属制品业
000778,2017,金属制品业
000778,2018,金属制品业
000778,2019,金属制品业
000779,2015,纺织业
000779,2016,纺织业
000779,2017,纺织业
000779,2018,纺织业
000779,2019,专业技术服务业
000780,2015,煤炭开采和洗选业
000780,2016,煤炭开采和洗选业
000780,2017,煤炭开采和洗选业
000780,2018,煤炭开采和洗选业
000780,2019,煤炭开采和洗选业
000782,2015,化学纤维制造业
000782,2016,化学纤维制造业
000782,2017,化学纤维制造业
000782,2018,化学纤维制造业
000782,2019,化学纤维制造业
000785,2015,零售业
000785,2016,零售业
000785,2017,零售业
000785,2018,零售业
000785,2019,零售业
000786,2015,非金属矿物制品业
000786,2016,非金属矿物制品业
000786,2017,非金属矿物制品业
000786,2018,非金属矿物制品业
000786,2019,非金属矿物制品业
000788,2015,医药制造业
000788,2016,医药制造业
000788,2017,医药制造业
000788,2018,医药制造业
000788,2019,医药制造业
000789,2015,非金属矿物制品业
000789,2016,非金属矿物制品业
000789,2017,非金属矿物制品业
000789,2018,非金属矿物制品业
000789,2019,非金属矿物制品业
000790,2015,医药制造业
000790,2016,医药制造业
000790,2017,医药制造业
000790,2018,医药制造业
000790,2019,医药制造业
000791,2015,电力、热力生产和供应业
000791,2016,电力、热力生产和供应业
000791,2017,电力、热力生产和供应业
000791,2018,电力、热力生产和供应业
000791,2019,电力、热力生产和供应业
000792,2015,化学原料和化学制品制造业
000792,2016,化学原料和化学制品制造业
000792,2017,化学原料和化学制品制造业
000792,2018,化学原料和化学制品制造业
000792,2019,化学原料和化学制品制造业
000793,2015,新闻和出版业
000793,2016,新闻和出版业
000793,2017,新闻和出版业
000793,2018,新闻和出版业
000793,2019,新闻和出版业
000795,2015,非金属矿物制品业
000795,2016,非金属矿物制品业
000795,2017,非金属矿物制品业
000795,2018,非金属矿物制品业
000795,2019,非金属矿物制品业
000796,2015,餐饮业
000796,2016,商务服务业
000796,2017,商务服务业
000796,2018,商务服务业
000796,2019,商务服务业
000797,2015,房地产业
000797,2016,房地产业
000797,2017,房地产业
000797,2018,房地产业
000797,2019,房地产业
000798,2015,渔业
000798,2016,渔业
000798,2017,渔业
000798,2018,渔业
000798,2019,渔业
000799,2015,酒、饮料和精制茶制造业
000799,2016,酒、饮料和精制茶制造业
000799,2017,酒、饮料和精制茶制造业
000799,2018,酒、饮料和精制茶制造业
000799,2019,酒、饮料和精制茶制造业
000800,2015,汽车制造业
000800,2016,汽车制造业
000800,2017,汽车制造业
000800,2018,汽车制造业
000800,2019,汽车制造业
000801,2015,计算机、通信和其他电子设备制造业
000801,2016,计算机、通信和其他电子设备制造业
000801,2017,计算机、通信和其他电子设备制造业
000801,2018,计算机、通信和其他电子设备制造业
000801,2019,计算机、通信和其他电子设备制造业
000802,2015,广播、电视、电影和录音制作业
000802,2016,广播、电视、电影和录音制作业
000802,2017,广播、电视、电影和录音制作业
000802,2018,广播、电视、电影和录音制作业
000802,2019,广播、电视、电影和录音制作业
000803,2015,纺织业
000803,2016,纺织业
000803,2017,纺织业
000803,2018,电气机械和器材制造业
000803,2019,电气机械和器材制造业
000806,2015,电气机械和器材制造业
000806,2016,电气机械和器材制造业
000806,2017,电气机械和器材制造业
000806,2018,电气机械和器材制造业
000806,2019,电气机械和器材制造业
000807,2015,有色金属冶炼和压延加工业
000807,2016,有色金属冶炼和压延加工业
000807,2017,有色金属冶炼和压延加工业
000807,2018,有色金属冶炼和压延加工业
000807,2019,有色金属冶炼和压延加工业
000809,2015,公共设施管理业
000809,2016,公共设施管理业
000809,2017,公共设施管理业
000809,2018,公共设施管理业
000809,2019,公共设施管理业
000810,2015,计算机、通信和其他电子设备制造业
000810,2016,计算机、通信和其他电子设备制造业
000810,2017,计算机、通信和其他电子设备制造业
000810,2018,计算机、通信和其他电子设备制造业
000810,2019,计算机、通信和其他电子设备制造业
000811,2015,通用设备制造业
000811,2016,通用设备制造业
000811,2017,通用设备制造业
000811,2018,通用设备制造业
000811,2019,通用设备制造业
000812,2015,印刷和记录媒介复制业
000812,2016,印刷和记录媒介复制业
000812,2017,印刷和记录媒介复制业
000812,2018,印刷和记录媒介复制业
000812,2019,印刷和记录媒介复制业
000813,2015,有色金属矿采选业
000813,2016,有色金属矿采选业
000813,2017,医药制造业
000813,2018,医药制造业
000813,2019,医药制造业
000815,2015,造纸和纸制品业
000815,2016,造纸和纸制品业
000815,2017,造纸和纸制品业
000815,2018,造纸和纸制品业
000815,2019,造纸和纸制品业
000816,2015,通用设备制造业
000816,2016,通用设备制造业
000816,2017,通用设备制造业
000816,2018,通用设备制造业
000816,2019,通用设备制造业
000818,2015,化学原料和化学制品制造业
000818,2016,化学原料和化学制品制造业
000818,2017,化学原料和化学制品制造业
000818,2018,化学原料和化学制品制造业
000818,2019,化学原料和化学制品制造业
000819,2015,石油、煤炭及其他燃料加工业
000819,2016,石油、煤炭及其他燃料加工业
000819,2017,石油、煤炭及其他燃料加工业
000819,2018,石油、煤炭及其他燃料加工业
000819,2019,石油、煤炭及其他燃料加工业
000820,2015,造纸和纸制品业
000820,2016,造纸和纸制品业
000820,2017,废弃资源综合利用业
000820,2018,废弃资源综合利用业
000820,2019,废弃资源综合利用业
000821,2015,专用设备制造业
000821,2016,专用设备制造业
000821,2017,专用设备制造业
000821,2018,专用设备制造业
000821,2019,专用设备制造业
000822,2015,化学原料和化学制品制造业
000822,2016,化学原料和化学制品制造业
000822,2017,化学原料和化学制品制造业
000822,2018,化学原料和化学制品制造业
000822,2019,化学原料和化学制品制造业
000823,2015,计算机、通信和其他电子设备制造业
000823,2016,计算机、通信和其他电子设备制造业
000823,2017,计算机、通信和其他电子设备制造业
000823,2018,计算机、通信和其他电子设备制造业
000823,2019,计算机、通信和其他电子设备制造业
000825,2015,黑色金属冶炼和压延加工业
000825,2016,黑色金属冶炼和压延加工业
000825,2017,黑色金属冶炼和压延加工业
000825,2018,黑色金属冶炼和压延加工业
000825,2019,黑色金属冶炼和压延加工业
000826,2015,生态保护和环境治理业
000826,2016,生态保护和环境治理业
000826,2017,生态保护和环境治理业
000826,2018,生态保护和环境治理业
000826,2019,生态保护和环境治理业
000828,2015,道路运输业
000828,2016,道路运输业
000828,2017,道路运输业
000828,2018,道路运输业
000828,2019,道路运输业
000829,2015,批发业
000829,2016,批发业
000829,2017,批发业
000829,2018,批发业
000829,2019,批发业
000830,2015,化学原料和化学制品制造业
000830,2016,化学原料和化学制品制造业
000830,2017,化学原料和化学制品制造业
000830,2018,化学原料和化学制品制造业
000830,2019,化学原料和化学制品制造业
000831,2015,有色金属冶炼和压延加工业
000831,2016,有色金属冶炼和压延加工业
000831,2017,有色金属冶炼和压延加工业
000831,2018,有色金属冶炼和压延加工业
000831,2019,有色金属冶炼和压延加工业
000833,2015,造纸和纸制品业
000833,2016,造纸和纸制品业
000833,2017,造纸和纸制品业
000833,2018,造纸和纸制品业
000833,2019,综合
000835,2015,石油、煤炭及其他燃料加工业
000835,2016,石油、煤炭及其他燃料加工业
000835,2017,互联网和相关服务
000835,2018,互联网和相关服务
000835,2019,互联网和相关服务
000836,2015,电气机械和器材制造业
000836,2016,电气机械和器材制造业
000836,2017,电气机械和器材制造业
000836,2018,电气机械和器材制造业
000836,2019,电气机械和器材制造业
000837,2015,通用设备制造业
000837,2016,通用设备制造业
000837,2017,通用设备制造业
000837,2018,通用设备制造业
000837,2019,通用设备制造业
000838,2015,房地产业
000838,2016,房地产业
000838,2017,房地产业
000838,2018,房地产业
000838,2019,房地产业
000839,2015,电信、广播电视和卫星传输服务
000839,2016,电信、广播电视和卫星传输服务
000839,2017,电信、广播电视和卫星传输服务
000839,2018,电信、广播电视和卫星传输服务
000839,2019,电信、广播电视和卫星传输服务
000848,2015,酒、饮料和精制茶制造业
000848,2016,酒、饮料和精制茶制造业
000848,2017,酒、饮料和精制茶制造业
000848,2018,酒、饮料和精制茶制造业
000848,2019,酒、饮料和精制茶制造业
000850,2015,纺织业
000850,2016,纺织业
000850,2017,纺织业
000850,2018,纺织业
000850,2019,纺织业
000851,2015,零售业
000851,2016,零售业
000851,2017,零售业
000851,2018,零售业
000851,2019,零售业
000852,2015,专用设备制造业
000852,2016,专用设备制造业
000852,2017,专用设备制造业
000852,2018,专用设备制造业
000852,2019,专用设备制造业
000856,2015,专用设备制造业
000856,2016,专用设备制造业
000856,2017,专用设备制造业
000856,2018,专用设备制造业
000856,2019,专用设备制造业
000858,2015,酒、饮料和精制茶制造业
000858,2016,酒、饮料和精制茶制造业
000858,2017,酒、饮料和精制茶制造业
000858,2018,酒、饮料和精制茶制造业
000858,2019,酒、饮料和精制茶制造业
000859,2015,橡胶和塑料制品业
000859,2016,橡胶和塑料制品业
000859,2017,橡胶和塑料制品业
000859,2018,橡胶和塑料制品业
000859,2019,橡胶和塑料制品业
000860,2015,农副食品加工业
000860,2016,酒、饮料和精制茶制造业
000860,2017,酒、饮料和精制茶制造业
000860,2018,酒、饮料和精制茶制造业
000860,2019,酒、饮料和精制茶制造业
000861,2015,商务服务业
000861,2016,商务服务业
000861,2017,商务服务业
000861,2018,商务服务业
000861,2019,商务服务业
000862,2015,电力、热力生产和供应业
000862,2016,电力、热力生产和供应业
000862,2017,电力、热力生产和供应业
000862,2018,电力、热力生产和供应业
000862,2019,电力、热力生产和供应业
000863,2015,房地产业
000863,2016,房地产业
000863,2017,房地产业
000863,2018,房地产业
000863,2019,房地产业
000868,2015,汽车制造业
000868,2016,汽车制造业
000868,2017,汽车制造业
000868,2018,汽车制造业
000868,2019,汽车制造业
000869,2015,酒、饮料和精制茶制造业
000869,2016,酒、饮料和精制茶制造业
000869,2017,酒、饮料和精制茶制造业
000869,2018,酒、饮料和精制茶制造业
000869,2019,酒、饮料和精制茶制造业
000875,2015,电力、热力生产和供应业
000875,2016,电力、热力生产和供应业
000875,2017,电力、热力生产和供应业
000875,2018,电力、热力生产和供应业
000875,2019,电力、热力生产和供应业
000876,2015,农副食品加工业
000876,2016,农副食品加工业
000876,2017,农副食品加工业
000876,2018,农副食品加工业
000876,2019,农副食品加工业
000877,2015,非金属矿物制品业
000877,2016,非金属矿物制品业
000877,2017,非金属矿物制品业
000877,2018,非金属矿物制品业
000877,2019,非金属矿物制品业
000878,2015,有色金属冶炼和压延加工业
000878,2016,有色金属冶炼和压延加工业
000878,2017,有色金属冶炼和压延加工业
000878,2018,有色金属冶炼和压延加工业
000878,2019,有色金属冶炼和压延加工业
000880,2015,通用设备制造业
000880,2016,通用设备制造业
000880,2017,通用设备制造业
000880,2018,通用设备制造业
000880,2019,通用设备制造业
000881,2015,综合
000881,2016,综合
000881,2017,综合
000881,2018,化学原料和化学制品制造业
000881,2019,化学原料和化学制品制造业
000882,2015,房地产业
000882,2016,房地产业
000882,2017,商务服务业
000882,2018,商务服务业
000882,2019,商务服务业
000883,2015,电力、热力生产和供应业
000883,2016,电力、热力生产和供应业
000883,2017,电力、热力生产和供应业
000883,2018,电力、热力生产和供应业
000883,2019,电力、热力生产和供应业
000885,2015,非金属矿物制品业
000885,2016,非金属矿物制品业
000885,2017,非金属矿物制品业
000885,2018,道路运输业
000885,2019,道路运输业
000886,2015,房地产业
000886,2016,房地产业
000886,2017,房地产业
000886,2018,房地产业
000886,2019,房地产业
000887,2015,橡胶和塑料制品业
000887,2016,橡胶和塑料制品业
000887,2017,橡胶和塑料制品业
000887,2018,橡胶和塑料制品业
000887,2019,橡胶和塑料制品业
000888,2015,公共设施管理业
000888,2016,公共设施管理业
000888,2017,公共设施管理业
000888,2018,公共设施管理业
000888,2019,公共设施管理业
000889,2015,零售业
000889,2016,软件和信息技术服务业
000889,2017,软件和信息技术服务业
000889,2018,软件和信息技术服务业
000889,2019,软件和信息技术服务业
000890,2015,金属制品业
000890,2016,金属制品业
000890,2017,金属制品业
000890,2018,金属制品业
000890,2019,金属制品业
000892,2015,电信、广播电视和卫星传输服务
000892,2016,电信、广播电视和卫星传输服务
000892,2017,广播、电视、电影和录音制作业
000892,2018,广播、电视、电影和录音制作业
000892,2019,广播、电视、电影和录音制作业
000893,2015,农副食品加工业
000893,2016,农副食品加工业
000893,2017,农副食品加工业
000893,2018,农副食品加工业
000893,2019,农副食品加工业
000895,2015,农副食品加工业
000895,2016,农副食品加工业
000895,2017,农副食品加工业
000895,2018,农副食品加工业
000895,2019,农副食品加工业
000897,2015,房地产业
000897,2016,房地产业
000897,2017,房地产业
000897,2018,房地产业
000897,2019,房地产业
000898,2015,黑色金属冶炼和压延加工业
000898,2016,黑色金属冶炼和压延加工业
000898,2017,黑色金属冶炼和压延加工业
000898,2018,黑色金属冶炼和压延加工业
000898,2019,黑色金属冶炼和压延加工业
000899,2015,电力、热力生产和供应业
000899,2016,电力、热力生产和供应业
000899,2017,电力、热力生产和供应业
000899,2018,电力、热力生产和供应业
000899,2019,电力、热力生产和供应业
000900,2015,道路运输业
000900,2016,道路运输业
000900,2017,道路运输业
000900,2018,道路运输业
000900,2019,道路运输业
000901,2015,铁路、船舶、航空航天和其他运输设备制造业
000901,2016,铁路、船舶、航空航天和其他运输设备制造业
000901,2017,铁路、船舶、航空航天和其他运输设备制造业
000901,2018,铁路、船舶、航空航天和其他运输设备制造业
000901,2019,铁路、船舶、航空航天和其他运输设备制造业
000902,2015,化学原料和化学制品制造业
000902,2016,化学原料和化学制品制造业
000902,2017,化学原料和化学制品制造业
000902,2018,化学原料和化学制品制造业
000902,2019,化学原料和化学制品制造业
000903,2015,通用设备制造业
000903,2016,通用设备制造业
000903,2017,通用设备制造业
000903,2018,通用设备制造业
000903,2019,通用设备制造业
000905,2015,水上运输业
000905,2016,水上运输业
000905,2017,水上运输业
000905,2018,水上运输业
000905,2019,水上运输业
000906,2015,批发业
000906,2016,批发业
000906,2017,批发业
000906,2018,批发业
000906,2019,批发业
000908,2015,医药制造业
000908,2016,医药制造业
000908,2017,医药制造业
000908,2018,医药制造业
000908,2019,医药制造业
000909,2015,综合
000909,2016,综合
000909,2017,综合
000909,2018,综合
000909,2019,房地产业
000910,2015,木材加工和木、竹、藤、棕、草制品业
000910,2016,木材加工和木、竹、藤、棕、草制品业
000910,2017,木材加工和木、竹、藤、棕、草制品业
000910,2018,木材加工和木、竹、藤、棕、草制品业
000910,2019,木材加工和木、竹、藤、棕、草制品业
000911,2015,农副食品加工业
000911,2016,农副食品加工业
000911,2017,农副食品加工业
000911,2018,农副食品加工业
000911,2019,农副食品加工业
000912,2015,化学原料和化学制品制造业
000912,2016,化学原料和化学制品制造业
000912,2017,化学原料和化学制品制造业
000912,2018,化学原料和化学制品制造业
000912,2019,化学原料和化学制品制造业
000913,2015,铁路、船舶、航空航天和其他运输设备制造业
000913,2016,铁路、船舶、航空航天和其他运输设备制造业
000913,2017,铁路、船舶、航空航天和其他运输设备制造业
000913,2018,铁路、船舶、航空航天和其他运输设备制造业
000913,2019,铁路、船舶、航空航天和其他运输设备制造业
000915,2015,医药制造业
000915,2016,医药制造业
000915,2017,医药制造业
000915,2018,医药制造业
000915,2019,医药制造业
000916,2015,道路运输业
000916,2016,道路运输业
000917,2015,电信、广播电视和卫星传输服务
000917,2016,电信、广播电视和卫星传输服务
000917,2017,电信、广播电视和卫星传输服务
000917,2018,电信、广播电视和卫星传输服务
000917,2019,电信、广播电视和卫星传输服务
000918,2015,房地产业
000918,2016,房地产业
000918,2017,房地产业
000918,2018,房地产业
000918,2019,房地产业
000919,2015,医药制造业
000919,2016,医药制造业
000919,2017,医药制造业
000919,2018,医药制造业
000919,2019,医药制造业
000920,2015,铁路、船舶、航空航天和其他运输设备制造业
000920,2016,化学原料和化学制品制造业
000920,2017,化学原料和化学制品制造业
000920,2018,化学原料和化学制品制造业
000920,2019,化学原料和化学制品制造业
000921,2015,电气机械和器材制造业
000921,2016,电气机械和器材制造业
000921,2017,电气机械和器材制造业
000921,2018,电气机械和器材制造业
000921,2019,电气机械和器材制造业
000922,2015,电气机械和器材制造业
000922,2016,电气机械和器材制造业
000922,2017,电气机械和器材制造业
000922,2018,电气机械和器材制造业
000922,2019,电气机械和器材制造业
000923,2015,专用设备制造业
000923,2016,专用设备制造业
000923,2017,专用设备制造业
000923,2018,黑色金属矿采选业
000923,2019,黑色金属矿采选业
000925,2015,专用设备制造业
000925,2016,专用设备制造业
000925,2017,专用设备制造业
000925,2018,专用设备制造业
000925,2019,专用设备制造业
000926,2015,房地产业
000926,2016,房地产业
000926,2017,房地产业
000926,2018,房地产业
000926,2019,房地产业
000927,2015,汽车制造业
000927,2016,汽车制造业
000927,2017,汽车制造业
000927,2018,汽车制造业
000927,2019,汽车制造业
000928,2015,土木工程建筑业
000928,2016,土木工程建筑业
000928,2017,土木工程建筑业
000928,2018,土木工程建筑业
000928,2019,土木工程建筑业
000929,2015,酒、饮料和精制茶制造业
000929,2016,酒、饮料和精制茶制造业
000929,2017,酒、饮料和精制茶制造业
000929,2018,酒、饮料和精制茶制造业
000929,2019,酒、饮料和精制茶制造业
000930,2015,化学原料和化学制品制造业
000930,2016,化学原料和化学制品制造业
000930,2017,化学原料和化学制品制造业
000930,2018,化学原料和化学制品制造业
000930,2019,化学原料和化学制品制造业
000931,2015,综合
000931,2016,综合
000931,2017,综合
000931,2018,医药制造业
000931,2019,医药制造业
000932,2015,黑色金属冶炼和压延加工业
000932,2016,黑色金属冶炼和压延加工业
000932,2017,黑色金属冶炼和压延加工业
000932,2018,黑色金属冶炼和压延加工业
000932,2019,黑色金属冶炼和压延加工业
000933,2015,有色金属冶炼和压延加工业
000933,2016,有色金属冶炼和压延加工业
000933,2017,有色金属冶炼和压延加工业
000933,2018,有色金属冶炼和压延加工业
000933,2019,有色金属冶炼和压延加工业
000935,2015,非金属矿物制品业
000935,2016,非金属矿物制品业
000935,2017,非金属矿物制品业
000935,2018,非金属矿物制品业
000935,2019,非金属矿物制品业
000936,2015,化学纤维制造业
000936,2016,化学纤维制造业
000936,2017,化学纤维制造业
000936,2018,化学纤维制造业
000936,2019,化学纤维制造业
000937,2015,煤炭开采和洗选业
000937,2016,煤炭开采和洗选业
000937,2017,煤炭开采和洗选业
000937,2018,煤炭开采和洗选业
000937,2019,煤炭开采和洗选业
000938,2015,计算机、通信和其他电子设备制造业
000938,2016,计算机、通信和其他电子设备制造业
000938,2017,计算机、通信和其他电子设备制造业
000938,2018,计算机、通信和其他电子设备制造业
000938,2019,计算机、通信和其他电子设备制造业
000939,2015,电力、热力生产和供应业
000939,2016,电力、热力生产和供应业
000939,2017,电力、热力生产和供应业
000939,2018,电力、热力生产和供应业
000939,2019,电力、热力生产和供应业
000948,2015,软件和信息技术服务业
000948,2016,软件和信息技术服务业
000948,2017,软件和信息技术服务业
000948,2018,软件和信息技术服务业
000948,2019,软件和信息技术服务业
000949,2015,化学纤维制造业
000949,2016,化学纤维制造业
000949,2017,化学纤维制造业
000949,2018,化学纤维制造业
000949,2019,化学纤维制造业
000950,2015,化学原料和化学制品制造业
000950,2016,化学原料和化学制品制造业
000950,2017,化学原料和化学制品制造业
000950,2018,批发业
000950,2019,批发业
000951,2015,汽车制造业
000951,2016,汽车制造业
000951,2017,汽车制造业
000951,2018,汽车制造业
000951,2019,汽车制造业
000952,2015,医药制造业
000952,2016,医药制造业
000952,2017,医药制造业
000952,2018,医药制造业
000952,2019,医药制造业
000953,2015,化学原料和化学制品制造业
000953,2016,化学原料和化学制品制造业
000953,2017,化学原料和化学制品制造业
000953,2018,化学原料和化学制品制造业
000953,2019,化学原料和化学制品制造业
000955,2015,纺织业
000955,2016,纺织业
000955,2017,纺织业
000955,2018,纺织业
000955,2019,纺织业
000957,2015,汽车制造业
000957,2016,汽车制造业
000957,2017,汽车制造业
000957,2018,汽车制造业
000957,2019,汽车制造业
000959,2015,黑色金属冶炼和压延加工业
000959,2016,黑色金属冶炼和压延加工业
000959,2017,黑色金属冶炼和压延加工业
000959,2018,黑色金属冶炼和压延加工业
000959,2019,黑色金属冶炼和压延加工业
000960,2015,有色金属冶炼和压延加工业
000960,2016,有色金属冶炼和压延加工业
000960,2017,有色金属冶炼和压延加工业
000960,2018,有色金属冶炼和压延加工业
000960,2019,有色金属冶炼和压延加工业
000961,2015,土木工程建筑业
000961,2016,土木工程建筑业
000961,2017,土木工程建筑业
000961,2018,房地产业
000961,2019,房地产业
000962,2015,有色金属冶炼和压延加工业
000962,2016,有色金属冶炼和压延加工业
000962,2017,有色金属冶炼和压延加工业
000962,2018,有色金属冶炼和压延加工业
000962,2019,有色金属冶炼和压延加工业
000963,2015,零售业
000963,2016,零售业
000963,2017,零售业
000963,2018,零售业
000963,2019,零售业
000965,2015,房地产业
000965,2016,房地产业
000965,2017,房地产业
000965,2018,房地产业
000965,2019,房地产业
000966,2015,电力、热力生产和供应业
000966,2016,电力、热力生产和供应业
000966,2017,电力、热力生产和供应业
000966,2018,电力、热力生产和供应业
000966,2019,电力、热力生产和供应业
000967,2015,电气机械和器材制造业
000967,2016,电气机械和器材制造业
000967,2017,电气机械和器材制造业
000967,2018,电气机械和器材制造业
000967,2019,生态保护和环境治理业
000968,2015,煤炭开采和洗选业
000968,2016,煤炭开采和洗选业
000968,2017,石油和天然气开采业
000968,2018,石油和天然气开采业
000968,2019,石油和天然气开采业
000969,2015,金属制品业
000969,2016,金属制品业
000969,2017,金属制品业
000969,2018,金属制品业
000969,2019,金属制品业
000970,2015,计算机、通信和其他电子设备制造业
000970,2016,计算机、通信和其他电子设备制造业
000970,2017,计算机、通信和其他电子设备制造业
000970,2018,计算机、通信和其他电子设备制造业
000970,2019,计算机、通信和其他电子设备制造业
000971,2015,纺织业
000971,2016,软件和信息技术服务业
000971,2017,软件和信息技术服务业
000971,2018,软件和信息技术服务业
000971,2019,软件和信息技术服务业
000972,2015,农副食品加工业
000972,2016,农副食品加工业
000972,2017,农副食品加工业
000972,2018,农副食品加工业
000972,2019,农副食品加工业
000973,2015,橡胶和塑料制品业
000973,2016,橡胶和塑料制品业
000973,2017,橡胶和塑料制品业
000973,2018,橡胶和塑料制品业
000973,2019,橡胶和塑料制品业
000975,2015,有色金属矿采选业
000975,2016,有色金属矿采选业
000975,2017,有色金属矿采选业
000975,2018,有色金属矿采选业
000975,2019,有色金属矿采选业
000976,2015,化学纤维制造业
000976,2016,化学纤维制造业
000976,2017,铁路、船舶、航空航天和其他运输设备制造业
000976,2018,铁路、船舶、航空航天和其他运输设备制造业
000976,2019,铁路、船舶、航空航天和其他运输设备制造业
000977,2015,计算机、通信和其他电子设备制造业
000977,2016,计算机、通信和其他电子设备制造业
000977,2017,计算机、通信和其他电子设备制造业
000977,2018,计算机、通信和其他电子设备制造业
000977,2019,计算机、通信和其他电子设备制造业
000978,2015,公共设施管理业
000978,2016,公共设施管理业
000978,2017,公共设施管理业
000978,2018,公共设施管理业
000978,2019,公共设施管理业
000979,2015,房地产业
000979,2016,房地产业
000979,2017,房地产业
000980,2015,汽车制造业
000980,2016,汽车制造业
000980,2017,汽车制造业
000980,2018,汽车制造业
000980,2019,汽车制造业
000981,2015,房地产业
000981,2016,房地产业
000981,2017,房地产业
000981,2018,汽车制造业
000981,2019,汽车制造业
000982,2015,纺织业
000982,2016,纺织业
000982,2017,纺织业
000982,2018,纺织业
000982,2019,纺织业
000983,2015,煤炭开采和洗选业
000983,2016,煤炭开采和洗选业
000983,2017,煤炭开采和洗选业
000983,2018,煤炭开采和洗选业
000983,2019,煤炭开采和洗选业
000985,2015,化学原料和化学制品制造业
000985,2016,化学原料和化学制品制造业
000985,2017,化学原料和化学制品制造业
000985,2018,化学原料和化学制品制造业
000985,2019,化学原料和化学制品制造业
000988,2015,计算机、通信和其他电子设备制造业
000988,2016,计算机、通信和其他电子设备制造业
000988,2017,计算机、通信和其他电子设备制造业
000988,2018,计算机、通信和其他电子设备制造业
000988,2019,计算机、通信和其他电子设备制造业
000989,2015,医药制造业
000989,2016,医药制造业
000989,2017,医药制造业
000989,2018,医药制造业
000989,2019,医药制造业
000990,2015,化学原料和化学制品制造业
000990,2016,化学原料和化学制品制造业
000990,2017,化学原料和化学制品制造业
000990,2018,化学原料和化学制品制造业
000990,2019,化学原料和化学制品制造业
000993,2015,电力、热力生产和供应业
000993,2016,电力、热力生产和供应业
000993,2017,电力、热力生产和供应业
000993,2018,电力、热力生产和供应业
000993,2019,电力、热力生产和供应业
000995,2015,酒、饮料和精制茶制造业
000995,2016,酒、饮料和精制茶制造业
000995,2017,酒、饮料和精制茶制造业
000995,2018,酒、饮料和精制茶制造业
000995,2019,酒、饮料和精制茶制造业
000996,2015,批发业
000996,2016,批发业
000996,2017,批发业
000996,2018,批发业
000996,2019,批发业
000997,2015,软件和信息技术服务业
000997,2016,软件和信息技术服务业
000997,2017,软件和信息技术服务业
000997,2018,软件和信息技术服务业
000997,2019,软件和信息技术服务业
000998,2015,农业
000998,2016,农业
000998,2017,农业
000998,2018,农业
000998,2019,农业
000999,2015,医药制造业
000999,2016,医药制造业
000999,2017,医药制造业
000999,2018,医药制造业
000999,2019,医药制造业
001696,2015,铁路、船舶、航空航天和其他运输设备制造业
001696,2016,铁路、船舶、航空航天和其他运输设备制造业
001696,2017,铁路、船舶、航空航天和其他运输设备制造业
001696,2018,铁路、船舶、航空航天和其他运输设备制造业
001696,2019,铁路、船舶、航空航天和其他运输设备制造业
001872,2018,水上运输业
001872,2019,水上运输业
001896,2015,电力、热力生产和供应业
001896,2016,电力、热力生产和供应业
001896,2017,电力、热力生产和供应业
001896,2018,电力、热力生产和供应业
001896,2019,电力、热力生产和供应业
001914,2019,房地产业
001965,2017,道路运输业
001965,2018,道路运输业
001965,2019,道路运输业
001979,2015,房地产业
001979,2016,房地产业
001979,2017,房地产业
001979,2018,房地产业
001979,2019,房地产业
002001,2015,医药制造业
002001,2016,医药制造业
002001,2017,医药制造业
002001,2018,医药制造业
002001,2019,医药制造业
002002,2015,化学原料和化学制品制造业
002002,2016,化学原料和化学制品制造业
002002,2017,化学原料和化学制品制造业
002002,2018,化学原料和化学制品制造业
002002,2019,化学原料和化学制品制造业
002003,2015,纺织服装、服饰业
002003,2016,纺织服装、服饰业
002003,2017,纺织服装、服饰业
002003,2018,纺织服装、服饰业
002003,2019,纺织服装、服饰业
002004,2015,化学原料和化学制品制造业
002004,2016,化学原料和化学制品制造业
002004,2017,化学原料和化学制品制造业
002004,2018,化学原料和化学制品制造业
002004,2019,化学原料和化学制品制造业
002005,2015,电气机械和器材制造业
002005,2016,电气机械和器材制造业
002005,2017,电气机械和器材制造业
002005,2018,电气机械和器材制造业
002005,2019,电气机械和器材制造业
002006,2015,专用设备制造业
002006,2016,专用设备制造业
002006,2017,专用设备制造业
002006,2018,专用设备制造业
002006,2019,专用设备制造业
002007,2015,医药制造业
002007,2016,医药制造业
002007,2017,医药制造业
002007,2018,医药制造业
002007,2019,医药制造业
002008,2015,专用设备制造业
002008,2016,专用设备制造业
002008,2017,专用设备制造业
002008,2018,专用设备制造业
002008,2019,专用设备制造业
002009,2015,通用设备制造业
002009,2016,通用设备制造业
002009,2017,通用设备制造业
002009,2018,通用设备制造业
002009,2019,通用设备制造业
002010,2015,化学原料和化学制品制造业
002010,2016,化学原料和化学制品制造业
002010,2017,化学原料和化学制品制造业
002010,2018,商务服务业
002010,2019,商务服务业
002011,2015,通用设备制造业
002011,2016,通用设备制造业
002011,2017,通用设备制造业
002011,2018,通用设备制造业
002011,2019,通用设备制造业
002012,2015,造纸和纸制品业
002012,2016,造纸和纸制品业
002012,2017,造纸和纸制品业
002012,2018,造纸和纸制品业
002012,2019,造纸和纸制品业
002013,2015,铁路、船舶、航空航天和其他运输设备制造业
002013,2016,铁路、船舶、航空航天和其他运输设备制造业
002013,2017,铁路、船舶、航空航天和其他运输设备制造业
002013,2018,铁路、船舶、航空航天和其他运输设备制造业
002013,2019,铁路、船舶、航空航天和其他运输设备制造业
002014,2015,橡胶和塑料制品业
002014,2016,橡胶和塑料制品业
002014,2017,橡胶和塑料制品业
002014,2018,橡胶和塑料制品业
002014,2019,橡胶和塑料制品业
002015,2015,纺织业
002015,2016,纺织业
002015,2017,纺织业
002015,2018,纺织业
002015,2019,电力、热力生产和供应业
002016,2015,房地产业
002016,2016,房地产业
002016,2017,房地产业
002016,2018,房地产业
002016,2019,房地产业
002017,2015,计算机、通信和其他电子设备制造业
002017,2016,计算机、通信和其他电子设备制造业
002017,2017,计算机、通信和其他电子设备制造业
002017,2018,计算机、通信和其他电子设备制造业
002017,2019,计算机、通信和其他电子设备制造业
002018,2015,化学原料和化学制品制造业
002018,2016,化学原料和化学制品制造业
002018,2017,批发业
002018,2018,批发业
002019,2015,医药制造业
002019,2016,医药制造业
002019,2017,医药制造业
002019,2018,医药制造业
002019,2019,医药制造业
002020,2015,医药制造业
002020,2016,医药制造业
002020,2017,医药制造业
002020,2018,医药制造业
002020,2019,医药制造业
002021,2015,专用设备制造业
002021,2016,专用设备制造业
002021,2017,专用设备制造业
002021,2018,专用设备制造业
002021,2019,专用设备制造业
002022,2015,医药制造业
002022,2016,医药制造业
002022,2017,医药制造业
002022,2018,医药制造业
002022,2019,医药制造业
002023,2015,铁路、船舶、航空航天和其他运输设备制造业
002023,2016,铁路、船舶、航空航天和其他运输设备制造业
002023,2017,铁路、船舶、航空航天和其他运输设备制造业
002023,2018,铁路、船舶、航空航天和其他运输设备制造业
002023,2019,铁路、船舶、航空航天和其他运输设备制造业
002024,2015,零售业
002024,2016,零售业
002024,2017,零售业
002024,2018,零售业
002024,2019,零售业
002025,2015,计算机、通信和其他电子设备制造业
002025,2016,计算机、通信和其他电子设备制造业
002025,2017,计算机、通信和其他电子设备制造业
002025,2018,计算机、通信和其他电子设备制造业
002025,2019,计算机、通信和其他电子设备制造业
002026,2015,金属制品业
002026,2016,金属制品业
002026,2017,金属制品业
002026,2018,金属制品业
002026,2019,金属制品业
002027,2015,计算机、通信和其他电子设备制造业
002027,2016,商务服务业
002027,2017,商务服务业
002027,2018,商务服务业
002027,2019,商务服务业
002028,2015,电气机械和器材制造业
002028,2016,电气机械和器材制造业
002028,2017,电气机械和器材制造业
002028,2018,电气机械和器材制造业
002028,2019,电气机械和器材制造业
002029,2015,纺织服装、服饰业
002029,2016,纺织服装、服饰业
002029,2017,纺织服装、服饰业
002029,2018,纺织服装、服饰业
002029,2019,纺织服装、服饰业
002030,2015,医药制造业
002030,2016,医药制造业
002030,2017,医药制造业
002030,2018,医药制造业
002030,2019,医药制造业
002031,2015,专用设备制造业
002031,2016,专用设备制造业
002031,2017,专用设备制造业
002031,2018,专用设备制造业
002031,2019,专用设备制造业
002032,2015,金属制品业
002032,2016,金属制品业
002032,2017,金属制品业
002032,2018,金属制品业
002032,2019,金属制品业
002033,2015,公共设施管理业
002033,2016,公共设施管理业
002033,2017,公共设施管理业
002033,2018,公共设施管理业
002033,2019,公共设施管理业
002034,2015,纺织业
002034,2016,纺织业
002034,2017,纺织业
002034,2018,生态保护和环境治理业
002034,2019,生态保护和环境治理业
002035,2015,电气机械和器材制造业
002035,2016,电气机械和器材制造业
002035,2017,电气机械和器材制造业
002035,2018,电气机械和器材制造业
002035,2019,电气机械和器材制造业
002036,2015,纺织服装、服饰业
002036,2016,计算机、通信和其他电子设备制造业
002036,2017,计算机、通信和其他电子设备制造业
002036,2018,计算机、通信和其他电子设备制造业
002036,2019,计算机、通信和其他电子设备制造业
002037,2015,化学原料和化学制品制造业
002037,2016,化学原料和化学制品制造业
002037,2017,化学原料和化学制品制造业
002037,2018,化学原料和化学制品制造业
002037,2019,化学原料和化学制品制造业
002038,2015,医药制造业
002038,2016,医药制造业
002038,2017,医药制造业
002038,2018,医药制造业
002038,2019,医药制造业
002039,2015,电力、热力生产和供应业
002039,2016,电力、热力生产和供应业
002039,2017,电力、热力生产和供应业
002039,2018,电力、热力生产和供应业
002039,2019,电力、热力生产和供应业
002040,2015,水上运输业
002040,2016,水上运输业
002040,2017,水上运输业
002040,2018,水上运输业
002040,2019,水上运输业
002041,2015,农业
002041,2016,农业
002041,2017,农业
002041,2018,农业
002041,2019,农业
002042,2015,纺织业
002042,2016,纺织业
002042,2017,纺织业
002042,2018,纺织业
002042,2019,纺织业
002043,2015,木材加工和木、竹、藤、棕、草制品业
002043,2016,木材加工和木、竹、藤、棕、草制品业
002043,2017,木材加工和木、竹、藤、棕、草制品业
002043,2018,木材加工和木、竹、藤、棕、草制品业
002043,2019,木材加工和木、竹、藤、棕、草制品业
002044,2015,卫生
002044,2016,卫生
002044,2017,卫生
002044,2018,卫生
002044,2019,卫生
002045,2015,计算机、通信和其他电子设备制造业
002045,2016,计算机、通信和其他电子设备制造业
002045,2017,计算机、通信和其他电子设备制造业
002045,2018,计算机、通信和其他电子设备制造业
002045,2019,计算机、通信和其他电子设备制造业
002046,2015,通用设备制造业
002046,2016,通用设备制造业
002046,2017,通用设备制造业
002046,2018,通用设备制造业
002046,2019,通用设备制造业
002047,2015,建筑装饰、装修和其他建筑业
002047,2016,建筑装饰、装修和其他建筑业
002047,2017,建筑装饰、装修和其他建筑业
002047,2018,建筑装饰、装修和其他建筑业
002047,2019,建筑装饰、装修和其他建筑业
002048,2015,汽车制造业
002048,2016,汽车制造业
002048,2017,汽车制造业
002048,2018,汽车制造业
002048,2019,汽车制造业
002049,2015,计算机、通信和其他电子设备制造业
002049,2016,计算机、通信和其他电子设备制造业
002049,2017,计算机、通信和其他电子设备制造业
002049,2018,计算机、通信和其他电子设备制造业
002049,2019,计算机、通信和其他电子设备制造业
002050,2015,通用设备制造业
002050,2016,通用设备制造业
002050,2017,通用设备制造业
002050,2018,通用设备制造业
002050,2019,通用设备制造业
002051,2015,土木工程建筑业
002051,2016,土木工程建筑业
002051,2017,土木工程建筑业
002051,2018,土木工程建筑业
002051,2019,土木工程建筑业
002052,2015,计算机、通信和其他电子设备制造业
002052,2016,计算机、通信和其他电子设备制造业
002052,2017,计算机、通信和其他电子设备制造业
002052,2018,计算机、通信和其他电子设备制造业
002052,2019,计算机、通信和其他电子设备制造业
002053,2015,化学原料和化学制品制造业
002053,2016,食品制造业
002053,2017,食品制造业
002053,2018,食品制造业
002053,2019,食品制造业
002054,2015,化学原料和化学制品制造业
002054,2016,化学原料和化学制品制造业
002054,2017,化学原料和化学制品制造业
002054,2018,化学原料和化学制品制造业
002054,2019,化学原料和化学制品制造业
002055,2015,计算机、通信和其他电子设备制造业
002055,2016,计算机、通信和其他电子设备制造业
002055,2017,计算机、通信和其他电子设备制造业
002055,2018,计算机、通信和其他电子设备制造业
002055,2019,计算机、通信和其他电子设备制造业
002056,2015,电气机械和器材制造业
002056,2016,电气机械和器材制造业
002056,2017,电气机械和器材制造业
002056,2018,电气机械和器材制造业
002056,2019,电气机械和器材制造业
002057,2015,化学原料和化学制品制造业
002057,2016,化学原料和化学制品制造业
002057,2017,化学原料和化学制品制造业
002057,2018,化学原料和化学制品制造业
002057,2019,化学原料和化学制品制造业
002058,2015,仪器仪表制造业
002058,2016,仪器仪表制造业
002058,2017,仪器仪表制造业
002058,2018,仪器仪表制造业
002058,2019,仪器仪表制造业
002059,2015,公共设施管理业
002059,2016,公共设施管理业
002059,2017,公共设施管理业
002059,2018,公共设施管理业
002059,2019,公共设施管理业
002060,2015,土木工程建筑业
002060,2016,土木工程建筑业
002060,2017,土木工程建筑业
002060,2018,土木工程建筑业
002060,2019,土木工程建筑业
002061,2015,化学原料和化学制品制造业
002061,2016,化学原料和化学制品制造业
002061,2017,化学原料和化学制品制造业
002061,2018,土木工程建筑业
002061,2019,土木工程建筑业
002062,2015,土木工程建筑业
002062,2016,土木工程建筑业
002062,2017,土木工程建筑业
002062,2018,土木工程建筑业
002062,2019,土木工程建筑业
002063,2015,软件和信息技术服务业
002063,2016,软件和信息技术服务业
002063,2017,软件和信息技术服务业
002063,2018,软件和信息技术服务业
002063,2019,软件和信息技术服务业
002064,2015,化学纤维制造业
002064,2016,化学纤维制造业
002064,2017,化学纤维制造业
002064,2018,化学纤维制造业
002064,2019,化学纤维制造业
002065,2015,软件和信息技术服务业
002065,2016,软件和信息技术服务业
002065,2017,软件和信息技术服务业
002065,2018,软件和信息技术服务业
002065,2019,软件和信息技术服务业
002066,2015,非金属矿物制品业
002066,2016,非金属矿物制品业
002066,2017,非金属矿物制品业
002066,2018,非金属矿物制品业
002066,2019,非金属矿物制品业
002067,2015,造纸和纸制品业
002067,2016,造纸和纸制品业
002067,2017,造纸和纸制品业
002067,2018,造纸和纸制品业
002067,2019,造纸和纸制品业
002068,2015,化学原料和化学制品制造业
002068,2016,化学原料和化学制品制造业
002068,2017,化学原料和化学制品制造业
002068,2018,化学原料和化学制品制造业
002068,2019,化学原料和化学制品制造业
002069,2015,渔业
002069,2016,渔业
002069,2017,渔业
002069,2018,渔业
002069,2019,渔业
002070,2015,纺织业
002070,2016,纺织业
002070,2017,纺织业
002070,2018,纺织业
002071,2015,广播、电视、电影和录音制作业
002071,2016,广播、电视、电影和录音制作业
002071,2017,广播、电视、电影和录音制作业
002071,2018,广播、电视、电影和录音制作业
002071,2019,广播、电视、电影和录音制作业
002072,2015,纺织业
002072,2016,纺织业
002072,2017,互联网和相关服务
002072,2018,互联网和相关服务
002072,2019,互联网和相关服务
002073,2015,专用设备制造业
002073,2016,专用设备制造业
002073,2017,专用设备制造业
002073,2018,专用设备制造业
002073,2019,专用设备制造业
002074,2015,电气机械和器材制造业
002074,2016,电气机械和器材制造业
002074,2017,电气机械和器材制造业
002074,2018,电气机械和器材制造业
002074,2019,电气机械和器材制造业
002075,2015,黑色金属冶炼和压延加工业
002075,2016,黑色金属冶炼和压延加工业
002075,2017,黑色金属冶炼和压延加工业
002075,2018,黑色金属冶炼和压延加工业
002075,2019,黑色金属冶炼和压延加工业
002076,2015,电气机械和器材制造业
002076,2016,电气机械和器材制造业
002076,2017,电气机械和器材制造业
002076,2018,电气机械和器材制造业
002076,2019,电气机械和器材制造业
002077,2015,房地产业
002077,2016,房地产业
002077,2017,房地产业
002077,2018,房地产业
002077,2019,房地产业
002078,2015,造纸和纸制品业
002078,2016,造纸和纸制品业
002078,2017,造纸和纸制品业
002078,2018,造纸和纸制品业
002078,2019,造纸和纸制品业
002079,2015,计算机、通信和其他电子设备制造业
002079,2016,计算机、通信和其他电子设备制造业
002079,2017,计算机、通信和其他电子设备制造业
002079,2018,计算机、通信和其他电子设备制造业
002079,2019,计算机、通信和其他电子设备制造业
002080,2015,非金属矿物制品业
002080,2016,非金属矿物制品业
002080,2017,非金属矿物制品业
002080,2018,非金属矿物制品业
002080,2019,非金属矿物制品业
002081,2015,建筑装饰、装修和其他建筑业
002081,2016,建筑装饰、装修和其他建筑业
002081,2017,建筑装饰、装修和其他建筑业
002081,2018,建筑装饰、装修和其他建筑业
002081,2019,建筑装饰、装修和其他建筑业
002082,2015,有色金属冶炼和压延加工业
002082,2016,有色金属冶炼和压延加工业
002082,2017,有色金属冶炼和压延加工业
002082,2018,有色金属冶炼和压延加工业
002082,2019,有色金属冶炼和压延加工业
002083,2015,纺织业
002083,2016,纺织业
002083,2017,纺织业
002083,2018,纺织业
002083,2019,纺织业
002084,2015,金属制品业
002084,2016,金属制品业
002084,2017,金属制品业
002084,2018,金属制品业
002084,2019,金属制品业
002085,2015,汽车制造业
002085,2016,汽车制造业
002085,2017,汽车制造业
002085,2018,汽车制造业
002085,2019,汽车制造业
002086,2015,渔业
002086,2016,渔业
002086,2017,渔业
002086,2018,渔业
002086,2019,渔业
002087,2015,纺织业
002087,2016,纺织业
002087,2017,纺织业
002087,2018,纺织业
002087,2019,纺织业
002088,2015,非金属矿物制品业
002088,2016,非金属矿物制品业
002088,2017,非金属矿物制品业
002088,2018,非金属矿物制品业
002088,2019,非金属矿物制品业
002089,2015,计算机、通信和其他电子设备制造业
002089,2016,计算机、通信和其他电子设备制造业
002089,2017,计算机、通信和其他电子设备制造业
002089,2018,计算机、通信和其他电子设备制造业
002089,2019,计算机、通信和其他电子设备制造业
002090,2015,电气机械和器材制造业
002090,2016,电气机械和器材制造业
002090,2017,电气机械和器材制造业
002090,2018,电气机械和器材制造业
002090,2019,电气机械和器材制造业
002091,2015,批发业
002091,2016,批发业
002091,2017,批发业
002091,2018,批发业
002091,2019,批发业
002092,2015,化学原料和化学制品制造业
002092,2016,化学原料和化学制品制造业
002092,2017,化学原料和化学制品制造业
002092,2018,化学原料和化学制品制造业
002092,2019,化学原料和化学制品制造业
002093,2015,软件和信息技术服务业
002093,2016,软件和信息技术服务业
002093,2017,软件和信息技术服务业
002093,2018,软件和信息技术服务业
002093,2019,软件和信息技术服务业
002094,2015,化学原料和化学制品制造业
002094,2016,化学原料和化学制品制造业
002094,2017,化学原料和化学制品制造业
002094,2018,化学原料和化学制品制造业
002094,2019,化学原料和化学制品制造业
002095,2015,互联网和相关服务
002095,2016,互联网和相关服务
002095,2017,互联网和相关服务
002095,2018,互联网和相关服务
002095,2019,互联网和相关服务
002096,2015,化学原料和化学制品制造业
002096,2016,化学原料和化学制品制造业
002096,2017,化学原料和化学制品制造业
002096,2018,化学原料和化学制品制造业
002096,2019,化学原料和化学制品制造业
002097,2015,专用设备制造业
002097,2016,专用设备制造业
002097,2017,专用设备制造业
002097,2018,专用设备制造业
002097,2019,专用设备制造业
002098,2015,其他制造业
002098,2016,其他制造业
002098,2017,其他制造业
002098,2018,其他制造业
002098,2019,其他制造业
002099,2015,医药制造业
002099,2016,医药制造业
002099,2017,医药制造业
002099,2018,医药制造业
002099,2019,医药制造业
002100,2015,农副食品加工业
002100,2016,农副食品加工业
002100,2017,农副食品加工业
002100,2018,农副食品加工业
002100,2019,农副食品加工业
002101,2015,汽车制造业
002101,2016,汽车制造业
002101,2017,汽车制造业
002101,2018,汽车制造业
002101,2019,汽车制造业
002102,2015,非金属矿物制品业
002102,2016,医药制造业
002102,2017,医药制造业
002102,2018,医药制造业
002102,2019,医药制造业
002103,2015,文教、工美、体育和娱乐用品制造业
002103,2016,文教、工美、体育和娱乐用品制造业
002103,2017,文教、工美、体育和娱乐用品制造业
002103,2018,商务服务业
002103,2019,商务服务业
002104,2015,计算机、通信和其他电子设备制造业
002104,2016,计算机、通信和其他电子设备制造业
002104,2017,计算机、通信和其他电子设备制造业
002104,2018,计算机、通信和其他电子设备制造业
002104,2019,计算机、通信和其他电子设备制造业
002105,2015,铁路、船舶、航空航天和其他运输设备制造业
002105,2016,铁路、船舶、航空航天和其他运输设备制造业
002105,2017,铁路、船舶、航空航天和其他运输设备制造业
002105,2018,铁路、船舶、航空航天和其他运输设备制造业
002105,2019,铁路、船舶、航空航天和其他运输设备制造业
002106,2015,计算机、通信和其他电子设备制造业
002106,2016,计算机、通信和其他电子设备制造业
002106,2017,计算机、通信和其他电子设备制造业
002106,2018,计算机、通信和其他电子设备制造业
002106,2019,计算机、通信和其他电子设备制造业
002107,2015,医药制造业
002107,2016,医药制造业
002107,2017,医药制造业
002107,2018,医药制造业
002107,2019,医药制造业
002108,2015,橡胶和塑料制品业
002108,2016,橡胶和塑料制品业
002108,2017,橡胶和塑料制品业
002108,2018,橡胶和塑料制品业
002108,2019,橡胶和塑料制品业
002109,2015,化学原料和化学制品制造业
002109,2016,化学原料和化学制品制造业
002109,2017,化学原料和化学制品制造业
002109,2018,化学原料和化学制品制造业
002109,2019,化学原料和化学制品制造业
002110,2015,黑色金属冶炼和压延加工业
002110,2016,黑色金属冶炼和压延加工业
002110,2017,黑色金属冶炼和压延加工业
002110,2018,黑色金属冶炼和压延加工业
002110,2019,黑色金属冶炼和压延加工业
002111,2015,专用设备制造业
002111,2016,专用设备制造业
002111,2017,专用设备制造业
002111,2018,专用设备制造业
002111,2019,专用设备制造业
002112,2015,电气机械和器材制造业
002112,2016,电气机械和器材制造业
002112,2017,电气机械和器材制造业
002112,2018,电气机械和器材制造业
002112,2019,电气机械和器材制造业
002113,2015,房地产业
002113,2016,房地产业
002113,2017,互联网和相关服务
002113,2018,互联网和相关服务
002113,2019,互联网和相关服务
002114,2015,有色金属冶炼和压延加工业
002114,2016,有色金属冶炼和压延加工业
002114,2017,有色金属冶炼和压延加工业
002114,2018,有色金属冶炼和压延加工业
002114,2019,有色金属冶炼和压延加工业
002115,2015,计算机、通信和其他电子设备制造业
002115,2016,计算机、通信和其他电子设备制造业
002115,2017,计算机、通信和其他电子设备制造业
002115,2018,计算机、通信和其他电子设备制造业
002115,2019,计算机、通信和其他电子设备制造业
002116,2015,专业技术服务业
002116,2016,专业技术服务业
002116,2017,专业技术服务业
002116,2018,专业技术服务业
002116,2019,专业技术服务业
002117,2015,印刷和记录媒介复制业
002117,2016,印刷和记录媒介复制业
002117,2017,印刷和记录媒介复制业
002117,2018,印刷和记录媒介复制业
002117,2019,印刷和记录媒介复制业
002118,2015,医药制造业
002118,2016,医药制造业
002118,2017,医药制造业
002118,2018,医药制造业
002118,2019,医药制造业
002119,2015,计算机、通信和其他电子设备制造业
002119,2016,计算机、通信和其他电子设备制造业
002119,2017,计算机、通信和其他电子设备制造业
002119,2018,计算机、通信和其他电子设备制造业
002119,2019,计算机、通信和其他电子设备制造业
002120,2015,其他制造业
002120,2016,其他制造业
002120,2017,邮政业
002120,2018,邮政业
002120,2019,邮政业
002121,2015,仪器仪表制造业
002121,2016,仪器仪表制造业
002121,2017,仪器仪表制造业
002121,2018,仪器仪表制造业
002121,2019,仪器仪表制造业
002122,2015,通用设备制造业
002122,2016,通用设备制造业
002122,2017,通用设备制造业
002122,2018,通用设备制造业
002122,2019,通用设备制造业
002123,2015,电气机械和器材制造业
002123,2016,软件和信息技术服务业
002123,2017,软件和信息技术服务业
002123,2018,软件和信息技术服务业
002123,2019,软件和信息技术服务业
002124,2015,农副食品加工业
002124,2016,农副食品加工业
002124,2017,农副食品加工业
002124,2018,农副食品加工业
002124,2019,农副食品加工业
002125,2015,化学原料和化学制品制造业
002125,2016,化学原料和化学制品制造业
002125,2017,化学原料和化学制品制造业
002125,2018,化学原料和化学制品制造业
002125,2019,化学原料和化学制品制造业
002126,2015,汽车制造业
002126,2016,汽车制造业
002126,2017,汽车制造业
002126,2018,汽车制造业
002126,2019,汽车制造业
002127,2015,化学纤维制造业
002127,2016,商务服务业
002127,2017,商务服务业
002127,2018,商务服务业
002127,2019,商务服务业
002128,2015,煤炭开采和洗选业
002128,2016,煤炭开采和洗选业
002128,2017,煤炭开采和洗选业
002128,2018,煤炭开采和洗选业
002128,2019,煤炭开采和洗选业
002129,2015,电气机械和器材制造业
002129,2016,电气机械和器材制造业
002129,2017,电气机械和器材制造业
002129,2018,电气机械和器材制造业
002129,2019,电气机械和器材制造业
002130,2015,计算机、通信和其他电子设备制造业
002130,2016,计算机、通信和其他电子设备制造业
002130,2017,计算机、通信和其他电子设备制造业
002130,2018,计算机、通信和其他电子设备制造业
002130,2019,计算机、通信和其他电子设备制造业
002131,2015,通用设备制造业
002131,2016,互联网和相关服务
002131,2017,互联网和相关服务
002131,2018,互联网和相关服务
002131,2019,互联网和相关服务
002132,2015,金属制品业
002132,2016,金属制品业
002132,2017,金属制品业
002132,2018,金属制品业
002132,2019,金属制品业
002133,2015,房地产业
002133,2016,房地产业
002133,2017,房地产业
002133,2018,房地产业
002133,2019,房地产业
002134,2015,计算机、通信和其他电子设备制造业
002134,2016,计算机、通信和其他电子设备制造业
002134,2017,计算机、通信和其他电子设备制造业
002134,2018,计算机、通信和其他电子设备制造业
002134,2019,计算机、通信和其他电子设备制造业
002135,2015,土木工程建筑业
002135,2016,土木工程建筑业
002135,2017,土木工程建筑业
002135,2018,土木工程建筑业
002135,2019,土木工程建筑业
002136,2015,化学原料和化学制品制造业
002136,2016,化学原料和化学制品制造业
002136,2017,化学原料和化学制品制造业
002136,2018,化学原料和化学制品制造业
002136,2019,化学原料和化学制品制造业
002137,2015,计算机、通信和其他电子设备制造业
002137,2016,计算机、通信和其他电子设备制造业
002137,2017,互联网和相关服务
002137,2018,互联网和相关服务
002137,2019,计算机、通信和其他电子设备制造业
002138,2015,计算机、通信和其他电子设备制造业
002138,2016,计算机、通信和其他电子设备制造业
002138,2017,计算机、通信和其他电子设备制造业
002138,2018,计算机、通信和其他电子设备制造业
002138,2019,计算机、通信和其他电子设备制造业
002139,2015,电气机械和器材制造业
002139,2016,电气机械和器材制造业
002139,2017,电气机械和器材制造业
002139,2018,电气机械和器材制造业
002139,2019,电气机械和器材制造业
002140,2015,土木工程建筑业
002140,2016,土木工程建筑业
002140,2017,土木工程建筑业
002140,2018,土木工程建筑业
002140,2019,土木工程建筑业
002141,2015,电气机械和器材制造业
002141,2016,电气机械和器材制造业
002141,2017,电气机械和器材制造业
002141,2018,电气机械和器材制造业
002141,2019,电气机械和器材制造业
002143,2015,商务服务业
002143,2016,商务服务业
002143,2017,商务服务业
002143,2018,商务服务业
002144,2015,纺织业
002144,2016,纺织业
002144,2017,纺织业
002144,2018,纺织业
002144,2019,纺织业
002145,2015,化学原料和化学制品制造业
002145,2016,化学原料和化学制品制造业
002145,2017,化学原料和化学制品制造业
002145,2018,化学原料和化学制品制造业
002145,2019,化学原料和化学制品制造业
002146,2015,房地产业
002146,2016,房地产业
002146,2017,房地产业
002146,2018,房地产业
002146,2019,房地产业
002147,2015,通用设备制造业
002147,2016,房地产业
002147,2017,房地产业
002147,2018,房地产业
002147,2019,房地产业
002148,2015,软件和信息技术服务业
002148,2016,软件和信息技术服务业
002148,2017,软件和信息技术服务业
002148,2018,软件和信息技术服务业
002148,2019,软件和信息技术服务业
002149,2015,有色金属冶炼和压延加工业
002149,2016,有色金属冶炼和压延加工业
002149,2017,有色金属冶炼和压延加工业
002149,2018,有色金属冶炼和压延加工业
002149,2019,有色金属冶炼和压延加工业
002150,2015,金属制品业
002150,2016,金属制品业
002150,2017,金属制品业
002150,2018,金属制品业
002150,2019,金属制品业
002151,2015,计算机、通信和其他电子设备制造业
002151,2016,计算机、通信和其他电子设备制造业
002151,2017,计算机、通信和其他电子设备制造业
002151,2018,计算机、通信和其他电子设备制造业
002151,2019,计算机、通信和其他电子设备制造业
002152,2015,通用设备制造业
002152,2016,通用设备制造业
002152,2017,通用设备制造业
002152,2018,通用设备制造业
002152,2019,通用设备制造业
002153,2015,软件和信息技术服务业
002153,2016,软件和信息技术服务业
002153,2017,软件和信息技术服务业
002153,2018,软件和信息技术服务业
002153,2019,软件和信息技术服务业
002154,2015,纺织服装、服饰业
002154,2016,纺织服装、服饰业
002154,2017,纺织服装、服饰业
002154,2018,纺织服装、服饰业
002154,2019,纺织服装、服饰业
002155,2015,有色金属矿采选业
002155,2016,有色金属矿采选业
002155,2017,有色金属矿采选业
002155,2018,有色金属矿采选业
002155,2019,有色金属矿采选业
002156,2015,计算机、通信和其他电子设备制造业
002156,2016,计算机、通信和其他电子设备制造业
002156,2017,计算机、通信和其他电子设备制造业
002156,2018,计算机、通信和其他电子设备制造业
002156,2019,计算机、通信和其他电子设备制造业
002157,2015,农副食品加工业
002157,2016,农副食品加工业
002157,2017,农副食品加工业
002157,2018,农副食品加工业
002157,2019,农副食品加工业
002158,2015,通用设备制造业
002158,2016,通用设备制造业
002158,2017,通用设备制造业
002158,2018,通用设备制造业
002158,2019,通用设备制造业
002159,2015,公共设施管理业
002159,2016,公共设施管理业
002159,2017,公共设施管理业
002159,2018,公共设施管理业
002159,2019,公共设施管理业
002160,2015,有色金属冶炼和压延加工业
002160,2016,有色金属冶炼和压延加工业
002160,2017,有色金属冶炼和压延加工业
002160,2018,有色金属冶炼和压延加工业
002160,2019,有色金属冶炼和压延加工业
002161,2015,计算机、通信和其他电子设备制造业
002161,2016,计算机、通信和其他电子设备制造业
002161,2017,计算机、通信和其他电子设备制造业
002161,2018,计算机、通信和其他电子设备制造业
002161,2019,计算机、通信和其他电子设备制造业
002162,2015,非金属矿物制品业
002162,2016,非金属矿物制品业
002162,2017,非金属矿物制品业
002162,2018,非金属矿物制品业
002162,2019,非金属矿物制品业
002163,2015,建筑装饰、装修和其他建筑业
002163,2016,建筑装饰、装修和其他建筑业
002163,2017,建筑装饰、装修和其他建筑业
002163,2018,建筑装饰、装修和其他建筑业
002163,2019,建筑装饰、装修和其他建筑业
002164,2015,通用设备制造业
002164,2016,通用设备制造业
002164,2017,通用设备制造业
002164,2018,商务服务业
002164,2019,专用设备制造业
002165,2015,化学原料和化学制品制造业
002165,2016,化学原料和化学制品制造业
002165,2017,化学原料和化学制品制造业
002165,2018,化学原料和化学制品制造业
002165,2019,化学原料和化学制品制造业
002166,2015,医药制造业
002166,2016,医药制造业
002166,2017,医药制造业
002166,2018,医药制造业
002166,2019,医药制造业
002167,2015,化学原料和化学制品制造业
002167,2016,有色金属冶炼和压延加工业
002167,2017,有色金属冶炼和压延加工业
002167,2018,有色金属冶炼和压延加工业
002167,2019,有色金属冶炼和压延加工业
002168,2015,电气机械和器材制造业
002168,2016,电气机械和器材制造业
002168,2017,电气机械和器材制造业
002168,2018,电气机械和器材制造业
002168,2019,电气机械和器材制造业
002169,2015,电气机械和器材制造业
002169,2016,电气机械和器材制造业
002169,2017,电气机械和器材制造业
002169,2018,电气机械和器材制造业
002169,2019,电气机械和器材制造业
002170,2015,化学原料和化学制品制造业
002170,2016,化学原料和化学制品制造业
002170,2017,化学原料和化学制品制造业
002170,2018,化学原料和化学制品制造业
002170,2019,化学原料和化学制品制造业
002171,2015,有色金属冶炼和压延加工业
002171,2016,有色金属冶炼和压延加工业
002171,2017,有色金属冶炼和压延加工业
002171,2018,有色金属冶炼和压延加工业
002171,2019,有色金属冶炼和压延加工业
002172,2015,化学纤维制造业
002172,2016,化学纤维制造业
002172,2017,化学纤维制造业
002172,2018,化学纤维制造业
002172,2019,化学纤维制造业
002173,2015,其他制造业
002173,2016,其他制造业
002173,2017,卫生
002173,2018,卫生
002173,2019,卫生
002174,2015,互联网和相关服务
002174,2016,互联网和相关服务
002174,2017,互联网和相关服务
002174,2018,互联网和相关服务
002174,2019,互联网和相关服务
002175,2015,仪器仪表制造业
002175,2016,互联网和相关服务
002175,2017,互联网和相关服务
002175,2018,互联网和相关服务
002175,2019,互联网和相关服务
002176,2015,电气机械和器材制造业
002176,2016,电气机械和器材制造业
002176,2017,电气机械和器材制造业
002176,2018,电气机械和器材制造业
002176,2019,电气机械和器材制造业
002177,2015,专用设备制造业
002177,2016,专用设备制造业
002177,2017,专用设备制造业
002177,2018,专用设备制造业
002177,2019,专用设备制造业
002178,2015,专业技术服务业
002178,2016,专业技术服务业
002178,2017,专业技术服务业
002178,2018,专业技术服务业
002178,2019,专业技术服务业
002179,2015,计算机、通信和其他电子设备制造业
002179,2016,计算机、通信和其他电子设备制造业
002179,2017,计算机、通信和其他电子设备制造业
002179,2018,计算机、通信和其他电子设备制造业
002179,2019,计算机、通信和其他电子设备制造业
002180,2015,计算机、通信和其他电子设备制造业
002180,2016,计算机、通信和其他电子设备制造业
002180,2017,计算机、通信和其他电子设备制造业
002180,2018,计算机、通信和其他电子设备制造业
002180,2019,计算机、通信和其他电子设备制造业
002181,2015,商务服务业
002181,2016,商务服务业
002181,2017,商务服务业
002181,2018,商务服务业
002181,2019,商务服务业
002182,2015,有色金属冶炼和压延加工业
002182,2016,有色金属冶炼和压延加工业
002182,2017,有色金属冶炼和压延加工业
002182,2018,有色金属冶炼和压延加工业
002182,2019,有色金属冶炼和压延加工业
002183,2015,商务服务业
002183,2016,商务服务业
002183,2017,商务服务业
002183,2018,商务服务业
002183,2019,商务服务业
002184,2015,电气机械和器材制造业
002184,2016,电气机械和器材制造业
002184,2017,电气机械和器材制造业
002184,2018,电气机械和器材制造业
002184,2019,电气机械和器材制造业
002185,2015,计算机、通信和其他电子设备制造业
002185,2016,计算机、通信和其他电子设备制造业
002185,2017,计算机、通信和其他电子设备制造业
002185,2018,计算机、通信和其他电子设备制造业
002185,2019,计算机、通信和其他电子设备制造业
002186,2015,餐饮业
002186,2016,餐饮业
002186,2017,餐饮业
002186,2018,餐饮业
002186,2019,餐饮业
002187,2015,零售业
002187,2016,零售业
002187,2017,零售业
002187,2018,零售业
002187,2019,零售业
002188,2015,计算机、通信和其他电子设备制造业
002188,2016,商务服务业
002188,2017,商务服务业
002188,2018,商务服务业
002188,2019,商务服务业
002189,2015,计算机、通信和其他电子设备制造业
002189,2016,计算机、通信和其他电子设备制造业
002189,2017,计算机、通信和其他电子设备制造业
002189,2018,计算机、通信和其他电子设备制造业
002189,2019,计算机、通信和其他电子设备制造业
002190,2015,专用设备制造业
002190,2016,专用设备制造业
002190,2017,专用设备制造业
002190,2018,专用设备制造业
002190,2019,专用设备制造业
002191,2015,印刷和记录媒介复制业
002191,2016,印刷和记录媒介复制业
002191,2017,印刷和记录媒介复制业
002191,2018,印刷和记录媒介复制业
002191,2019,印刷和记录媒介复制业
002192,2015,化学原料和化学制品制造业
002192,2016,计算机、通信和其他电子设备制造业
002192,2017,计算机、通信和其他电子设备制造业
002192,2018,计算机、通信和其他电子设备制造业
002192,2019,计算机、通信和其他电子设备制造业
002193,2015,纺织业
002193,2016,纺织业
002193,2017,纺织业
002193,2018,纺织业
002193,2019,纺织业
002194,2015,计算机、通信和其他电子设备制造业
002194,2016,计算机、通信和其他电子设备制造业
002194,2017,计算机、通信和其他电子设备制造业
002194,2018,计算机、通信和其他电子设备制造业
002194,2019,计算机、通信和其他电子设备制造业
002195,2015,软件和信息技术服务业
002195,2016,软件和信息技术服务业
002195,2017,软件和信息技术服务业
002195,2018,软件和信息技术服务业
002195,2019,软件和信息技术服务业
002196,2015,专用设备制造业
002196,2016,专用设备制造业
002196,2017,专用设备制造业
002196,2018,专用设备制造业
002196,2019,专用设备制造业
002197,2015,通用设备制造业
002197,2016,通用设备制造业
002197,2017,通用设备制造业
002197,2018,通用设备制造业
002197,2019,通用设备制造业
002198,2015,医药制造业
002198,2016,医药制造业
002198,2017,医药制造业
002198,2018,医药制造业
002198,2019,医药制造业
002199,2015,计算机、通信和其他电子设备制造业
002199,2016,计算机、通信和其他电子设备制造业
002199,2017,计算机、通信和其他电子设备制造业
002199,2018,计算机、通信和其他电子设备制造业
002199,2019,计算机、通信和其他电子设备制造业
002200,2015,林业
002200,2016,林业
002200,2017,林业
002200,2018,林业
002200,2019,林业
002201,2015,非金属矿物制品业
002201,2016,非金属矿物制品业
002201,2017,非金属矿物制品业
002201,2018,非金属矿物制品业
002201,2019,非金属矿物制品业
002202,2015,通用设备制造业
002202,2016,通用设备制造业
002202,2017,通用设备制造业
002202,2018,通用设备制造业
002202,2019,通用设备制造业
002203,2015,有色金属冶炼和压延加工业
002203,2016,有色金属冶炼和压延加工业
002203,2017,有色金属冶炼和压延加工业
002203,2018,有色金属冶炼和压延加工业
002203,2019,有色金属冶炼和压延加工业
002204,2015,专用设备制造业
002204,2016,专用设备制造业
002204,2017,专用设备制造业
002204,2018,专用设备制造业
002204,2019,专用设备制造业
002205,2015,非金属矿物制品业
002205,2016,非金属矿物制品业
002205,2017,非金属矿物制品业
002205,2018,非金属矿物制品业
002205,2019,非金属矿物制品业
002206,2015,化学纤维制造业
002206,2016,化学纤维制造业
002206,2017,化学纤维制造业
002206,2018,化学纤维制造业
002206,2019,化学纤维制造业
002207,2015,开采专业及辅助性活动
002207,2016,开采专业及辅助性活动
002207,2017,开采专业及辅助性活动
002207,2018,开采专业及辅助性活动
002207,2019,开采专业及辅助性活动
002208,2015,房地产业
002208,2016,房地产业
002208,2017,房地产业
002208,2018,房地产业
002208,2019,房地产业
002209,2015,专用设备制造业
002209,2016,专用设备制造业
002209,2017,专用设备制造业
002209,2018,专用设备制造业
002209,2019,专用设备制造业
002210,2015,商务服务业
002210,2016,商务服务业
002210,2017,商务服务业
002210,2018,商务服务业
002210,2019,商务服务业
002211,2015,化学原料和化学制品制造业
002211,2016,化学原料和化学制品制造业
002211,2017,化学原料和化学制品制造业
002211,2018,化学原料和化学制品制造业
002211,2019,化学原料和化学制品制造业
002212,2015,电气机械和器材制造业
002212,2016,电气机械和器材制造业
002212,2017,电气机械和器材制造业
002212,2018,电气机械和器材制造业
002212,2019,电气机械和器材制造业
002213,2015,汽车制造业
002213,2016,汽车制造业
002213,2017,汽车制造业
002213,2018,汽车制造业
002213,2019,汽车制造业
002214,2015,计算机、通信和其他电子设备制造业
002214,2016,计算机、通信和其他电子设备制造业
002214,2017,计算机、通信和其他电子设备制造业
002214,2018,计算机、通信和其他电子设备制造业
002214,2019,计算机、通信和其他电子设备制造业
002215,2015,化学原料和化学制品制造业
002215,2016,化学原料和化学制品制造业
002215,2017,化学原料和化学制品制造业
002215,2018,化学原料和化学制品制造业
002215,2019,化学原料和化学制品制造业
002216,2015,食品制造业
002216,2016,食品制造业
002216,2017,食品制造业
002216,2018,食品制造业
002216,2019,食品制造业
002217,2015,计算机、通信和其他电子设备制造业
002217,2016,计算机、通信和其他电子设备制造业
002217,2017,计算机、通信和其他电子设备制造业
002217,2018,计算机、通信和其他电子设备制造业
002217,2019,计算机、通信和其他电子设备制造业
002218,2015,电气机械和器材制造业
002218,2016,电气机械和器材制造业
002218,2017,电气机械和器材制造业
002218,2018,电气机械和器材制造业
002218,2019,电气机械和器材制造业
002219,2015,医药制造业
002219,2016,医药制造业
002219,2017,医药制造业
002219,2018,医药制造业
002219,2019,医药制造业
002220,2015,农副食品加工业
002220,2016,农副食品加工业
002220,2017,农副食品加工业
002220,2018,农副食品加工业
002220,2019,农副食品加工业
002221,2015,批发业
002221,2016,批发业
002221,2017,批发业
002221,2018,批发业
002221,2019,批发业
002222,2015,计算机、通信和其他电子设备制造业
002222,2016,计算机、通信和其他电子设备制造业
002222,2017,计算机、通信和其他电子设备制造业
002222,2018,计算机、通信和其他电子设备制造业
002222,2019,计算机、通信和其他电子设备制造业
002223,2015,专用设备制造业
002223,2016,专用设备制造业
002223,2017,专用设备制造业
002223,2018,专用设备制造业
002223,2019,专用设备制造业
002224,2015,橡胶和塑料制品业
002224,2016,橡胶和塑料制品业
002224,2017,橡胶和塑料制品业
002224,2018,橡胶和塑料制品业
002224,2019,橡胶和塑料制品业
002225,2015,非金属矿物制品业
002225,2016,非金属矿物制品业
002225,2017,非金属矿物制品业
002225,2018,非金属矿物制品业
002225,2019,非金属矿物制品业
002226,2015,化学原料和化学制品制造业
002226,2016,化学原料和化学制品制造业
002226,2017,化学原料和化学制品制造业
002226,2018,化学原料和化学制品制造业
002226,2019,化学原料和化学制品制造业
002227,2015,电气机械和器材制造业
002227,2016,电气机械和器材制造业
002227,2017,电气机械和器材制造业
002227,2018,电气机械和器材制造业
002227,2019,电气机械和器材制造业
002228,2015,造纸和纸制品业
002228,2016,造纸和纸制品业
002228,2017,造纸和纸制品业
002228,2018,造纸和纸制品业
002228,2019,造纸和纸制品业
002229,2015,印刷和记录媒介复制业
002229,2016,印刷和记录媒介复制业
002229,2017,印刷和记录媒介复制业
002229,2018,印刷和记录媒介复制业
002229,2019,印刷和记录媒介复制业
002230,2015,软件和信息技术服务业
002230,2016,软件和信息技术服务业
002230,2017,软件和信息技术服务业
002230,2018,软件和信息技术服务业
002230,2019,软件和信息技术服务业
002231,2015,计算机、通信和其他电子设备制造业
002231,2016,计算机、通信和其他电子设备制造业
002231,2017,计算机、通信和其他电子设备制造业
002231,2018,计算机、通信和其他电子设备制造业
002231,2019,计算机、通信和其他电子设备制造业
002232,2015,软件和信息技术服务业
002232,2016,软件和信息技术服务业
002232,2017,软件和信息技术服务业
002232,2018,软件和信息技术服务业
002232,2019,软件和信息技术服务业
002233,2015,非金属矿物制品业
002233,2016,非金属矿物制品业
002233,2017,非金属矿物制品业
002233,2018,非金属矿物制品业
002233,2019,非金属矿物制品业
002234,2015,畜牧业
002234,2016,畜牧业
002234,2017,畜牧业
002234,2018,畜牧业
002234,2019,畜牧业
002235,2015,造纸和纸制品业
002235,2016,造纸和纸制品业
002235,2017,造纸和纸制品业
002235,2018,互联网和相关服务
002235,2019,互联网和相关服务
002236,2015,计算机、通信和其他电子设备制造业
002236,2016,计算机、通信和其他电子设备制造业
002236,2017,计算机、通信和其他电子设备制造业
002236,2018,计算机、通信和其他电子设备制造业
002236,2019,计算机、通信和其他电子设备制造业
002237,2015,有色金属冶炼和压延加工业
002237,2016,有色金属冶炼和压延加工业
002237,2017,有色金属冶炼和压延加工业
002237,2018,有色金属冶炼和压延加工业
002237,2019,有色金属冶炼和压延加工业
002238,2015,电信、广播电视和卫星传输服务
002238,2016,电信、广播电视和卫星传输服务
002238,2017,电信、广播电视和卫星传输服务
002238,2018,电信、广播电视和卫星传输服务
002238,2019,电信、广播电视和卫星传输服务
002239,2015,纺织服装、服饰业
002239,2016,汽车制造业
002239,2017,汽车制造业
002239,2018,汽车制造业
002239,2019,汽车制造业
002240,2015,木材加工和木、竹、藤、棕、草制品业
002240,2016,木材加工和木、竹、藤、棕、草制品业
002240,2017,木材加工和木、竹、藤、棕、草制品业
002240,2018,木材加工和木、竹、藤、棕、草制品业
002240,2019,木材加工和木、竹、藤、棕、草制品业
002241,2015,计算机、通信和其他电子设备制造业
002241,2016,计算机、通信和其他电子设备制造业
002241,2017,计算机、通信和其他电子设备制造业
002241,2018,计算机、通信和其他电子设备制造业
002241,2019,计算机、通信和其他电子设备制造业
002242,2015,电气机械和器材制造业
002242,2016,电气机械和器材制造业
002242,2017,电气机械和器材制造业
002242,2018,电气机械和器材制造业
002242,2019,电气机械和器材制造业
002243,2015,橡胶和塑料制品业
002243,2016,橡胶和塑料制品业
002243,2017,橡胶和塑料制品业
002243,2018,橡胶和塑料制品业
002243,2019,橡胶和塑料制品业
002244,2015,房地产业
002244,2016,房地产业
002244,2017,房地产业
002244,2018,房地产业
002244,2019,房地产业
002245,2015,多式联运和运输代理业
002245,2016,多式联运和运输代理业
002245,2017,多式联运和运输代理业
002245,2018,多式联运和运输代理业
002245,2019,多式联运和运输代理业
002246,2015,化学原料和化学制品制造业
002246,2016,化学原料和化学制品制造业
002246,2017,化学原料和化学制品制造业
002246,2018,化学原料和化学制品制造业
002246,2019,化学原料和化学制品制造业
002247,2015,其他制造业
002247,2016,其他制造业
002247,2017,其他制造业
002247,2018,互联网和相关服务
002247,2019,互联网和相关服务
002248,2015,通用设备制造业
002248,2016,通用设备制造业
002248,2017,通用设备制造业
002248,2018,通用设备制造业
002248,2019,通用设备制造业
002249,2015,电气机械和器材制造业
002249,2016,电气机械和器材制造业
002249,2017,电气机械和器材制造业
002249,2018,电气机械和器材制造业
002249,2019,电气机械和器材制造业
002250,2015,化学原料和化学制品制造业
002250,2016,化学原料和化学制品制造业
002250,2017,化学原料和化学制品制造业
002250,2018,化学原料和化学制品制造业
002250,2019,化学原料和化学制品制造业
002251,2015,零售业
002251,2016,零售业
002251,2017,零售业
002251,2018,零售业
002251,2019,零售业
002252,2015,医药制造业
002252,2016,医药制造业
002252,2017,医药制造业
002252,2018,医药制造业
002252,2019,医药制造业
002253,2015,软件和信息技术服务业
002253,2016,软件和信息技术服务业
002253,2017,软件和信息技术服务业
002253,2018,软件和信息技术服务业
002253,2019,软件和信息技术服务业
002254,2015,化学纤维制造业
002254,2016,化学纤维制造业
002254,2017,化学纤维制造业
002254,2018,化学纤维制造业
002254,2019,化学纤维制造业
002255,2015,通用设备制造业
002255,2016,通用设备制造业
002255,2017,通用设备制造业
002255,2018,通用设备制造业
002255,2019,通用设备制造业
002256,2015,化学原料和化学制品制造业
002256,2016,化学原料和化学制品制造业
002256,2017,化学原料和化学制品制造业
002256,2018,化学原料和化学制品制造业
002256,2019,化学原料和化学制品制造业
002258,2015,化学原料和化学制品制造业
002258,2016,化学原料和化学制品制造业
002258,2017,化学原料和化学制品制造业
002258,2018,化学原料和化学制品制造业
002258,2019,化学原料和化学制品制造业
002259,2015,木材加工和木、竹、藤、棕、草制品业
002259,2016,木材加工和木、竹、藤、棕、草制品业
002259,2017,燃气生产和供应业
002259,2018,燃气生产和供应业
002259,2019,燃气生产和供应业
002260,2015,电气机械和器材制造业
002260,2016,电气机械和器材制造业
002260,2017,电气机械和器材制造业
002260,2018,电气机械和器材制造业
002260,2019,电气机械和器材制造业
002261,2015,软件和信息技术服务业
002261,2016,软件和信息技术服务业
002261,2017,软件和信息技术服务业
002261,2018,软件和信息技术服务业
002261,2019,软件和信息技术服务业
002262,2015,医药制造业
002262,2016,医药制造业
002262,2017,医药制造业
002262,2018,医药制造业
002262,2019,医药制造业
002263,2015,橡胶和塑料制品业
002263,2016,橡胶和塑料制品业
002263,2017,橡胶和塑料制品业
002263,2018,橡胶和塑料制品业
002263,2019,橡胶和塑料制品业
002264,2015,零售业
002264,2016,零售业
002264,2017,零售业
002264,2018,零售业
002264,2019,零售业
002265,2015,汽车制造业
002265,2016,汽车制造业
002265,2017,汽车制造业
002265,2018,汽车制造业
002265,2019,汽车制造业
002266,2015,通用设备制造业
002266,2016,通用设备制造业
002266,2017,电气机械和器材制造业
002266,2018,电气机械和器材制造业
002266,2019,电气机械和器材制造业
002267,2015,燃气生产和供应业
002267,2016,燃气生产和供应业
002267,2017,燃气生产和供应业
002267,2018,燃气生产和供应业
002267,2019,燃气生产和供应业
002268,2015,软件和信息技术服务业
002268,2016,软件和信息技术服务业
002268,2017,软件和信息技术服务业
002268,2018,软件和信息技术服务业
002268,2019,软件和信息技术服务业
002269,2015,纺织服装、服饰业
002269,2016,纺织服装、服饰业
002269,2017,纺织服装、服饰业
002269,2018,纺织服装、服饰业
002269,2019,纺织服装、服饰业
002270,2015,通用设备制造业
002270,2016,电气机械和器材制造业
002270,2017,电气机械和器材制造业
002270,2018,电气机械和器材制造业
002270,2019,电气机械和器材制造业
002271,2015,非金属矿物制品业
002271,2016,非金属矿物制品业
002271,2017,非金属矿物制品业
002271,2018,非金属矿物制品业
002271,2019,非金属矿物制品业
002272,2015,通用设备制造业
002272,2016,通用设备制造业
002272,2017,通用设备制造业
002272,2018,通用设备制造业
002272,2019,通用设备制造业
002273,2015,计算机、通信和其他电子设备制造业
002273,2016,计算机、通信和其他电子设备制造业
002273,2017,计算机、通信和其他电子设备制造业
002273,2018,计算机、通信和其他电子设备制造业
002273,2019,计算机、通信和其他电子设备制造业
002274,2015,化学原料和化学制品制造业
002274,2016,化学原料和化学制品制造业
002274,2017,化学原料和化学制品制造业
002274,2018,化学原料和化学制品制造业
002274,2019,化学原料和化学制品制造业
002275,2015,医药制造业
002275,2016,医药制造业
002275,2017,医药制造业
002275,2018,医药制造业
002275,2019,医药制造业
002276,2015,电气机械和器材制造业
002276,2016,电气机械和器材制造业
002276,2017,电气机械和器材制造业
002276,2018,电气机械和器材制造业
002276,2019,电气机械和器材制造业
002277,2015,零售业
002277,2016,零售业
002277,2017,零售业
002277,2018,零售业
002277,2019,零售业
002278,2015,专用设备制造业
002278,2016,专用设备制造业
002278,2017,专用设备制造业
002278,2018,专用设备制造业
002278,2019,专用设备制造业
002279,2015,软件和信息技术服务业
002279,2016,软件和信息技术服务业
002279,2017,软件和信息技术服务业
002279,2018,软件和信息技术服务业
002279,2019,软件和信息技术服务业
002280,2015,软件和信息技术服务业
002280,2016,软件和信息技术服务业
002280,2017,软件和信息技术服务业
002280,2018,软件和信息技术服务业
002280,2019,软件和信息技术服务业
002281,2015,计算机、通信和其他电子设备制造业
002281,2016,计算机、通信和其他电子设备制造业
002281,2017,计算机、通信和其他电子设备制造业
002281,2018,计算机、通信和其他电子设备制造业
002281,2019,计算机、通信和其他电子设备制造业
002282,2015,通用设备制造业
002282,2016,通用设备制造业
002282,2017,通用设备制造业
002282,2018,通用设备制造业
002282,2019,通用设备制造业
002283,2015,汽车制造业
002283,2016,汽车制造业
002283,2017,汽车制造业
002283,2018,汽车制造业
002283,2019,汽车制造业
002284,2015,汽车制造业
002284,2016,汽车制造业
002284,2017,汽车制造业
002284,2018,汽车制造业
002284,2019,汽车制造业
002285,2015,房地产业
002285,2016,房地产业
002285,2017,房地产业
002285,2018,房地产业
002285,2019,房地产业
002286,2015,农副食品加工业
002286,2016,农副食品加工业
002286,2017,农副食品加工业
002286,2018,农副食品加工业
002286,2019,农副食品加工业
002287,2015,医药制造业
002287,2016,医药制造业
002287,2017,医药制造业
002287,2018,医药制造业
002287,2019,医药制造业
002288,2015,计算机、通信和其他电子设备制造业
002288,2016,计算机、通信和其他电子设备制造业
002288,2017,计算机、通信和其他电子设备制造业
002288,2018,计算机、通信和其他电子设备制造业
002288,2019,计算机、通信和其他电子设备制造业
002289,2015,计算机、通信和其他电子设备制造业
002289,2016,计算机、通信和其他电子设备制造业
002289,2017,计算机、通信和其他电子设备制造业
002289,2018,计算机、通信和其他电子设备制造业
002289,2019,计算机、通信和其他电子设备制造业
002290,2015,电气机械和器材制造业
002290,2016,电气机械和器材制造业
002290,2017,电气机械和器材制造业
002290,2018,电气机械和器材制造业
002290,2019,电气机械和器材制造业
002291,2015,纺织服装、服饰业
002291,2016,纺织服装、服饰业
002291,2017,纺织服装、服饰业
002291,2018,纺织服装、服饰业
002291,2019,纺织服装、服饰业
002292,2015,文教、工美、体育和娱乐用品制造业
002292,2016,文教、工美、体育和娱乐用品制造业
002292,2017,文教、工美、体育和娱乐用品制造业
002292,2018,文教、工美、体育和娱乐用品制造业
002292,2019,文教、工美、体育和娱乐用品制造业
002293,2015,纺织业
002293,2016,纺织业
002293,2017,纺织业
002293,2018,纺织业
002293,2019,纺织业
002294,2015,医药制造业
002294,2016,医药制造业
002294,2017,医药制造业
002294,2018,医药制造业
002294,2019,医药制造业
002295,2015,有色金属冶炼和压延加工业
002295,2016,有色金属冶炼和压延加工业
002295,2017,有色金属冶炼和压延加工业
002295,2018,有色金属冶炼和压延加工业
002295,2019,有色金属冶炼和压延加工业
002296,2015,计算机、通信和其他电子设备制造业
002296,2016,计算机、通信和其他电子设备制造业
002296,2017,计算机、通信和其他电子设备制造业
002296,2018,计算机、通信和其他电子设备制造业
002296,2019,计算机、通信和其他电子设备制造业
002297,2015,非金属矿物制品业
002297,2016,非金属矿物制品业
002297,2017,非金属矿物制品业
002297,2018,非金属矿物制品业
002297,2019,非金属矿物制品业
002298,2015,电气机械和器材制造业
002298,2016,软件和信息技术服务业
002298,2017,软件和信息技术服务业
002298,2018,软件和信息技术服务业
002298,2019,软件和信息技术服务业
002299,2015,畜牧业
002299,2016,畜牧业
002299,2017,畜牧业
002299,2018,畜牧业
002299,2019,畜牧业
002300,2015,电气机械和器材制造业
002300,2016,电气机械和器材制造业
002300,2017,电气机械和器材制造业
002300,2018,电气机械和器材制造业
002300,2019,电气机械和器材制造业
002301,2015,文教、工美、体育和娱乐用品制造业
002301,2016,文教、工美、体育和娱乐用品制造业
002301,2017,文教、工美、体育和娱乐用品制造业
002301,2018,文教、工美、体育和娱乐用品制造业
002301,2019,文教、工美、体育和娱乐用品制造业
002302,2015,非金属矿物制品业
002302,2016,非金属矿物制品业
002302,2017,非金属矿物制品业
002302,2018,非金属矿物制品业
002302,2019,非金属矿物制品业
002303,2015,造纸和纸制品业
002303,2016,造纸和纸制品业
002303,2017,造纸和纸制品业
002303,2018,造纸和纸制品业
002303,2019,造纸和纸制品业
002304,2015,酒、饮料和精制茶制造业
002304,2016,酒、饮料和精制茶制造业
002304,2017,酒、饮料和精制茶制造业
002304,2018,酒、饮料和精制茶制造业
002304,2019,酒、饮料和精制茶制造业
002305,2015,房地产业
002305,2016,房地产业
002305,2017,房地产业
002305,2018,房地产业
002305,2019,房地产业
002306,2015,餐饮业
002306,2016,餐饮业
002306,2017,餐饮业
002306,2018,餐饮业
002306,2019,餐饮业
002307,2015,土木工程建筑业
002307,2016,土木工程建筑业
002307,2017,土木工程建筑业
002307,2018,土木工程建筑业
002307,2019,土木工程建筑业
002308,2015,计算机、通信和其他电子设备制造业
002308,2016,计算机、通信和其他电子设备制造业
002308,2017,计算机、通信和其他电子设备制造业
002308,2018,计算机、通信和其他电子设备制造业
002308,2019,计算机、通信和其他电子设备制造业
002309,2015,电气机械和器材制造业
002309,2016,电气机械和器材制造业
002309,2017,电气机械和器材制造业
002309,2018,电气机械和器材制造业
002309,2019,电气机械和器材制造业
002310,2015,土木工程建筑业
002310,2016,土木工程建筑业
002310,2017,土木工程建筑业
002310,2018,土木工程建筑业
002310,2019,土木工程建筑业
002311,2015,农副食品加工业
002311,2016,农副食品加工业
002311,2017,农副食品加工业
002311,2018,农副食品加工业
002311,2019,农副食品加工业
002312,2015,计算机、通信和其他电子设备制造业
002312,2016,计算机、通信和其他电子设备制造业
002312,2017,计算机、通信和其他电子设备制造业
002312,2018,计算机、通信和其他电子设备制造业
002312,2019,化学原料和化学制品制造业
002313,2015,计算机、通信和其他电子设备制造业
002313,2016,计算机、通信和其他电子设备制造业
002313,2017,计算机、通信和其他电子设备制造业
002313,2018,计算机、通信和其他电子设备制造业
002313,2019,计算机、通信和其他电子设备制造业
002314,2015,建筑装饰、装修和其他建筑业
002314,2016,房地产业
002314,2017,房地产业
002314,2018,房地产业
002314,2019,房地产业
002315,2015,互联网和相关服务
002315,2016,互联网和相关服务
002315,2017,互联网和相关服务
002315,2018,互联网和相关服务
002315,2019,互联网和相关服务
002316,2015,软件和信息技术服务业
002316,2016,软件和信息技术服务业
002316,2017,软件和信息技术服务业
002316,2018,软件和信息技术服务业
002316,2019,软件和信息技术服务业
002317,2015,医药制造业
002317,2016,医药制造业
002317,2017,医药制造业
002317,2018,医药制造业
002317,2019,医药制造业
002318,2015,金属制品业
002318,2016,金属制品业
002318,2017,金属制品业
002318,2018,金属制品业
002318,2019,金属制品业
002319,2015,化学原料和化学制品制造业
002319,2016,化学原料和化学制品制造业
002319,2017,化学原料和化学制品制造业
002319,2018,化学原料和化学制品制造业
002319,2019,化学原料和化学制品制造业
002320,2015,水上运输业
002320,2016,水上运输业
002320,2017,水上运输业
002320,2018,水上运输业
002320,2019,水上运输业
002321,2015,畜牧业
002321,2016,畜牧业
002321,2017,畜牧业
002321,2018,畜牧业
002321,2019,畜牧业
002322,2015,电气机械和器材制造业
002322,2016,电气机械和器材制造业
002322,2017,电气机械和器材制造业
002322,2018,电气机械和器材制造业
002322,2019,软件和信息技术服务业
002323,2015,建筑装饰、装修和其他建筑业
002323,2016,建筑装饰、装修和其他建筑业
002323,2017,建筑装饰、装修和其他建筑业
002323,2018,建筑装饰、装修和其他建筑业
002323,2019,建筑装饰、装修和其他建筑业
002324,2015,橡胶和塑料制品业
002324,2016,橡胶和塑料制品业
002324,2017,橡胶和塑料制品业
002324,2018,橡胶和塑料制品业
002324,2019,橡胶和塑料制品业
002325,2015,建筑装饰、装修和其他建筑业
002325,2016,建筑装饰、装修和其他建筑业
002325,2017,建筑装饰、装修和其他建筑业
002325,2018,建筑装饰、装修和其他建筑业
002325,2019,建筑装饰、装修和其他建筑业
002326,2015,化学原料和化学制品制造业
002326,2016,化学原料和化学制品制造业
002326,2017,化学原料和化学制品制造业
002326,2018,化学原料和化学制品制造业
002326,2019,化学原料和化学制品制造业
002327,2015,纺织业
002327,2016,纺织业
002327,2017,纺织业
002327,2018,纺织业
002327,2019,纺织业
002328,2015,汽车制造业
002328,2016,汽车制造业
002328,2017,汽车制造业
002328,2018,汽车制造业
002328,2019,汽车制造业
002329,2015,食品制造业
002329,2016,食品制造业
002329,2017,食品制造业
002329,2018,食品制造业
002329,2019,食品制造业
002330,2015,农副食品加工业
002330,2016,农副食品加工业
002330,2017,农副食品加工业
002330,2018,农副食品加工业
002330,2019,农副食品加工业
002331,2015,软件和信息技术服务业
002331,2016,软件和信息技术服务业
002331,2017,软件和信息技术服务业
002331,2018,软件和信息技术服务业
002331,2019,软件和信息技术服务业
002332,2015,医药制造业
002332,2016,医药制造业
002332,2017,医药制造业
002332,2018,医药制造业
002332,2019,医药制造业
002333,2015,有色金属冶炼和压延加工业
002333,2016,有色金属冶炼和压延加工业
002333,2017,有色金属冶炼和压延加工业
002333,2018,有色金属冶炼和压延加工业
002333,2019,有色金属冶炼和压延加工业
002334,2015,电气机械和器材制造业
002334,2016,电气机械和器材制造业
002334,2017,电气机械和器材制造业
002334,2018,电气机械和器材制造业
002334,2019,电气机械和器材制造业
002335,2015,电气机械和器材制造业
002335,2016,电气机械和器材制造业
002335,2017,电气机械和器材制造业
002335,2018,电气机械和器材制造业
002335,2019,电气机械和器材制造业
002336,2015,零售业
002336,2016,零售业
002336,2017,零售业
002336,2018,零售业
002336,2019,零售业
002337,2015,专用设备制造业
002337,2016,专用设备制造业
002337,2017,专用设备制造业
002337,2018,专用设备制造业
002337,2019,专用设备制造业
002338,2015,仪器仪表制造业
002338,2016,仪器仪表制造业
002338,2017,仪器仪表制造业
002338,2018,仪器仪表制造业
002338,2019,仪器仪表制造业
002339,2015,电气机械和器材制造业
002339,2016,电气机械和器材制造业
002339,2017,电气机械和器材制造业
002339,2018,电气机械和器材制造业
002339,2019,电气机械和器材制造业
002340,2015,废弃资源综合利用业
002340,2016,废弃资源综合利用业
002340,2017,废弃资源综合利用业
002340,2018,废弃资源综合利用业
002340,2019,废弃资源综合利用业
002341,2015,化学原料和化学制品制造业
002341,2016,化学原料和化学制品制造业
002341,2017,化学原料和化学制品制造业
002341,2018,化学原料和化学制品制造业
002341,2019,化学原料和化学制品制造业
002342,2015,金属制品业
002342,2016,金属制品业
002342,2017,金属制品业
002342,2018,金属制品业
002342,2019,金属制品业
002343,2015,广播、电视、电影和录音制作业
002343,2016,广播、电视、电影和录音制作业
002343,2017,广播、电视、电影和录音制作业
002343,2018,广播、电视、电影和录音制作业
002343,2019,广播、电视、电影和录音制作业
002344,2015,商务服务业
002344,2016,商务服务业
002344,2017,商务服务业
002344,2018,商务服务业
002344,2019,商务服务业
002345,2015,其他制造业
002345,2016,其他制造业
002345,2017,其他制造业
002345,2018,其他制造业
002345,2019,其他制造业
002346,2015,电气机械和器材制造业
002346,2016,电气机械和器材制造业
002346,2017,电气机械和器材制造业
002346,2018,电气机械和器材制造业
002346,2019,电气机械和器材制造业
002347,2015,通用设备制造业
002347,2016,通用设备制造业
002347,2017,通用设备制造业
002347,2018,通用设备制造业
002347,2019,通用设备制造业
002348,2015,文教、工美、体育和娱乐用品制造业
002348,2016,文教、工美、体育和娱乐用品制造业
002348,2017,文教、工美、体育和娱乐用品制造业
002348,2018,文教、工美、体育和娱乐用品制造业
002348,2019,文教、工美、体育和娱乐用品制造业
002349,2015,医药制造业
002349,2016,医药制造业
002349,2017,医药制造业
002349,2018,医药制造业
002349,2019,医药制造业
002350,2015,电气机械和器材制造业
002350,2016,电气机械和器材制造业
002350,2017,电气机械和器材制造业
002350,2018,电气机械和器材制造业
002350,2019,电气机械和器材制造业
002351,2015,计算机、通信和其他电子设备制造业
002351,2016,计算机、通信和其他电子设备制造业
002351,2017,计算机、通信和其他电子设备制造业
002351,2018,计算机、通信和其他电子设备制造业
002351,2019,计算机、通信和其他电子设备制造业
002352,2015,金属制品业
002352,2016,金属制品业
002352,2017,邮政业
002352,2018,邮政业
002352,2019,邮政业
002353,2015,专用设备制造业
002353,2016,专用设备制造业
002353,2017,专用设备制造业
002353,2018,专用设备制造业
002353,2019,专用设备制造业
002354,2015,互联网和相关服务
002354,2016,互联网和相关服务
002354,2017,互联网和相关服务
002354,2018,互联网和相关服务
002354,2019,互联网和相关服务
002355,2015,汽车制造业
002355,2016,汽车制造业
002355,2017,汽车制造业
002355,2018,汽车制造业
002355,2019,汽车制造业
002356,2015,仪器仪表制造业
002356,2016,其他制造业
002356,2017,零售业
002356,2018,零售业
002356,2019,零售业
002357,2015,道路运输业
002357,2016,道路运输业
002357,2017,道路运输业
002357,2018,道路运输业
002357,2019,道路运输业
002358,2015,电气机械和器材制造业
002358,2016,电气机械和器材制造业
002358,2017,电气机械和器材制造业
002358,2018,电气机械和器材制造业
002358,2019,电气机械和器材制造业
002359,2015,金属制品业
002359,2016,金属制品业
002359,2017,电信、广播电视和卫星传输服务
002359,2018,电信、广播电视和卫星传输服务
002359,2019,电信、广播电视和卫星传输服务
002360,2015,化学原料和化学制品制造业
002360,2016,化学原料和化学制品制造业
002360,2017,化学原料和化学制品制造业
002360,2018,化学原料和化学制品制造业
002360,2019,化学原料和化学制品制造业
002361,2015,化学原料和化学制品制造业
002361,2016,化学原料和化学制品制造业
002361,2017,化学原料和化学制品制造业
002361,2018,化学原料和化学制品制造业
002361,2019,化学原料和化学制品制造业
002362,2015,计算机、通信和其他电子设备制造业
002362,2016,计算机、通信和其他电子设备制造业
002362,2017,计算机、通信和其他电子设备制造业
002362,2018,计算机、通信和其他电子设备制造业
002362,2019,计算机、通信和其他电子设备制造业
002363,2015,汽车制造业
002363,2016,汽车制造业
002363,2017,汽车制造业
002363,2018,汽车制造业
002363,2019,汽车制造业
002364,2015,电气机械和器材制造业
002364,2016,电气机械和器材制造业
002364,2017,电气机械和器材制造业
002364,2018,电气机械和器材制造业
002364,2019,电气机械和器材制造业
002365,2015,医药制造业
002365,2016,医药制造业
002365,2017,医药制造业
002365,2018,医药制造业
002365,2019,医药制造业
002366,2015,专用设备制造业
002366,2016,专用设备制造业
002366,2017,专用设备制造业
002366,2018,专用设备制造业
002366,2019,专用设备制造业
002367,2015,通用设备制造业
002367,2016,通用设备制造业
002367,2017,通用设备制造业
002367,2018,通用设备制造业
002367,2019,通用设备制造业
002368,2015,软件和信息技术服务业
002368,2016,软件和信息技术服务业
002368,2017,软件和信息技术服务业
002368,2018,软件和信息技术服务业
002368,2019,软件和信息技术服务业
002369,2015,计算机、通信和其他电子设备制造业
002369,2016,计算机、通信和其他电子设备制造业
002369,2017,计算机、通信和其他电子设备制造业
002369,2018,计算机、通信和其他电子设备制造业
002369,2019,计算机、通信和其他电子设备制造业
002370,2015,医药制造业
002370,2016,医药制造业
002370,2017,医药制造业
002370,2018,医药制造业
002370,2019,医药制造业
002371,2015,计算机、通信和其他电子设备制造业
002371,2016,计算机、通信和其他电子设备制造业
002371,2017,专用设备制造业
002371,2018,专用设备制造业
002371,2019,专用设备制造业
002372,2015,橡胶和塑料制品业
002372,2016,橡胶和塑料制品业
002372,2017,橡胶和塑料制品业
002372,2018,橡胶和塑料制品业
002372,2019,橡胶和塑料制品业
002373,2015,软件和信息技术服务业
002373,2016,软件和信息技术服务业
002373,2017,软件和信息技术服务业
002373,2018,软件和信息技术服务业
002373,2019,软件和信息技术服务业
002374,2015,金属制品业
002374,2016,金属制品业
002374,2017,土木工程建筑业
002374,2018,土木工程建筑业
002374,2019,土木工程建筑业
002375,2015,建筑装饰、装修和其他建筑业
002375,2016,建筑装饰、装修和其他建筑业
002375,2017,建筑装饰、装修和其他建筑业
002375,2018,建筑装饰、装修和其他建筑业
002375,2019,建筑装饰、装修和其他建筑业
002376,2015,计算机、通信和其他电子设备制造业
002376,2016,计算机、通信和其他电子设备制造业
002376,2017,计算机、通信和其他电子设备制造业
002376,2018,计算机、通信和其他电子设备制造业
002376,2019,计算机、通信和其他电子设备制造业
002377,2015,石油、煤炭及其他燃料加工业
002377,2016,石油、煤炭及其他燃料加工业
002377,2017,石油、煤炭及其他燃料加工业
002377,2018,房地产业
002377,2019,房地产业
002378,2015,有色金属冶炼和压延加工业
002378,2016,有色金属冶炼和压延加工业
002378,2017,有色金属冶炼和压延加工业
002378,2018,有色金属冶炼和压延加工业
002378,2019,有色金属冶炼和压延加工业
002379,2015,有色金属冶炼和压延加工业
002379,2016,有色金属冶炼和压延加工业
002379,2017,有色金属冶炼和压延加工业
002379,2018,有色金属冶炼和压延加工业
002379,2019,有色金属冶炼和压延加工业
002380,2015,电气机械和器材制造业
002380,2016,电气机械和器材制造业
002380,2017,电气机械和器材制造业
002380,2018,电气机械和器材制造业
002380,2019,软件和信息技术服务业
002381,2015,橡胶和塑料制品业
002381,2016,橡胶和塑料制品业
002381,2017,橡胶和塑料制品业
002381,2018,橡胶和塑料制品业
002381,2019,橡胶和塑料制品业
002382,2015,橡胶和塑料制品业
002382,2016,橡胶和塑料制品业
002382,2017,橡胶和塑料制品业
002382,2018,专用设备制造业
002382,2019,专用设备制造业
002383,2015,计算机、通信和其他电子设备制造业
002383,2016,计算机、通信和其他电子设备制造业
002383,2017,计算机、通信和其他电子设备制造业
002383,2018,计算机、通信和其他电子设备制造业
002383,2019,计算机、通信和其他电子设备制造业
002384,2015,金属制品业
002384,2016,金属制品业
002384,2017,金属制品业
002384,2018,计算机、通信和其他电子设备制造业
002384,2019,计算机、通信和其他电子设备制造业
002385,2015,农副食品加工业
002385,2016,农副食品加工业
002385,2017,农副食品加工业
002385,2018,农副食品加工业
002385,2019,农副食品加工业
002386,2015,化学原料和化学制品制造业
002386,2016,化学原料和化学制品制造业
002386,2017,化学原料和化学制品制造业
002386,2018,化学原料和化学制品制造业
002386,2019,化学原料和化学制品制造业
002387,2015,酒、饮料和精制茶制造业
002387,2016,酒、饮料和精制茶制造业
002387,2017,酒、饮料和精制茶制造业
002387,2018,计算机、通信和其他电子设备制造业
002387,2019,计算机、通信和其他电子设备制造业
002388,2015,计算机、通信和其他电子设备制造业
002388,2016,计算机、通信和其他电子设备制造业
002388,2017,计算机、通信和其他电子设备制造业
002388,2018,计算机、通信和其他电子设备制造业
002388,2019,计算机、通信和其他电子设备制造业
002389,2015,计算机、通信和其他电子设备制造业
002389,2016,计算机、通信和其他电子设备制造业
002389,2017,计算机、通信和其他电子设备制造业
002389,2018,计算机、通信和其他电子设备制造业
002389,2019,计算机、通信和其他电子设备制造业
002390,2015,医药制造业
002390,2016,医药制造业
002390,2017,医药制造业
002390,2018,医药制造业
002390,2019,医药制造业
002391,2015,化学原料和化学制品制造业
002391,2016,化学原料和化学制品制造业
002391,2017,化学原料和化学制品制造业
002391,2018,化学原料和化学制品制造业
002391,2019,化学原料和化学制品制造业
002392,2015,非金属矿物制品业
002392,2016,非金属矿物制品业
002392,2017,非金属矿物制品业
002392,2018,非金属矿物制品业
002392,2019,非金属矿物制品业
002393,2015,医药制造业
002393,2016,医药制造业
002393,2017,医药制造业
002393,2018,医药制造业
002393,2019,医药制造业
002394,2015,纺织业
002394,2016,纺织业
002394,2017,纺织业
002394,2018,纺织业
002394,2019,纺织业
002395,2015,橡胶和塑料制品业
002395,2016,橡胶和塑料制品业
002395,2017,橡胶和塑料制品业
002395,2018,橡胶和塑料制品业
002395,2019,橡胶和塑料制品业
002396,2015,计算机、通信和其他电子设备制造业
002396,2016,计算机、通信和其他电子设备制造业
002396,2017,计算机、通信和其他电子设备制造业
002396,2018,计算机、通信和其他电子设备制造业
002396,2019,计算机、通信和其他电子设备制造业
002397,2015,纺织业
002397,2016,纺织业
002397,2017,纺织业
002397,2018,纺织业
002397,2019,纺织业
002398,2015,专业技术服务业
002398,2016,专业技术服务业
002398,2017,专业技术服务业
002398,2018,专业技术服务业
002398,2019,专业技术服务业
002399,2015,医药制造业
002399,2016,医药制造业
002399,2017,医药制造业
002399,2018,医药制造业
002399,2019,医药制造业
002400,2015,商务服务业
002400,2016,商务服务业
002400,2017,商务服务业
002400,2018,商务服务业
002400,2019,商务服务业
002401,2015,软件和信息技术服务业
002401,2016,软件和信息技术服务业
002401,2017,软件和信息技术服务业
002401,2018,软件和信息技术服务业
002401,2019,软件和信息技术服务业
002402,2015,计算机、通信和其他电子设备制造业
002402,2016,计算机、通信和其他电子设备制造业
002402,2017,计算机、通信和其他电子设备制造业
002402,2018,计算机、通信和其他电子设备制造业
002402,2019,计算机、通信和其他电子设备制造业
002403,2015,金属制品业
002403,2016,金属制品业
002403,2017,金属制品业
002403,2018,金属制品业
002403,2019,金属制品业
002404,2015,纺织服装、服饰业
002404,2016,纺织服装、服饰业
002404,2017,纺织服装、服饰业
002404,2018,纺织服装、服饰业
002404,2019,纺织服装、服饰业
002405,2015,软件和信息技术服务业
002405,2016,软件和信息技术服务业
002405,2017,软件和信息技术服务业
002405,2018,软件和信息技术服务业
002405,2019,软件和信息技术服务业
002406,2015,汽车制造业
002406,2016,汽车制造业
002406,2017,汽车制造业
002406,2018,汽车制造业
002406,2019,汽车制造业
002407,2015,化学原料和化学制品制造业
002407,2016,化学原料和化学制品制造业
002407,2017,化学原料和化学制品制造业
002407,2018,化学原料和化学制品制造业
002407,2019,化学原料和化学制品制造业
002408,2015,化学原料和化学制品制造业
002408,2016,化学原料和化学制品制造业
002408,2017,化学原料和化学制品制造业
002408,2018,化学原料和化学制品制造业
002408,2019,化学原料和化学制品制造业
002409,2015,化学原料和化学制品制造业
002409,2016,化学原料和化学制品制造业
002409,2017,化学原料和化学制品制造业
002409,2018,化学原料和化学制品制造业
002409,2019,化学原料和化学制品制造业
002410,2015,软件和信息技术服务业
002410,2016,软件和信息技术服务业
002410,2017,软件和信息技术服务业
002410,2018,软件和信息技术服务业
002410,2019,软件和信息技术服务业
002411,2015,化学原料和化学制品制造业
002411,2016,医药制造业
002411,2017,医药制造业
002411,2018,医药制造业
002411,2019,医药制造业
002412,2015,医药制造业
002412,2016,医药制造业
002412,2017,医药制造业
002412,2018,医药制造业
002412,2019,医药制造业
002413,2015,电气机械和器材制造业
002413,2016,计算机、通信和其他电子设备制造业
002413,2017,计算机、通信和其他电子设备制造业
002413,2018,计算机、通信和其他电子设备制造业
002413,2019,计算机、通信和其他电子设备制造业
002414,2015,计算机、通信和其他电子设备制造业
002414,2016,计算机、通信和其他电子设备制造业
002414,2017,计算机、通信和其他电子设备制造业
002414,2018,计算机、通信和其他电子设备制造业
002414,2019,计算机、通信和其他电子设备制造业
002415,2015,计算机、通信和其他电子设备制造业
002415,2016,计算机、通信和其他电子设备制造业
002415,2017,计算机、通信和其他电子设备制造业
002415,2018,计算机、通信和其他电子设备制造业
002415,2019,计算机、通信和其他电子设备制造业
002416,2015,批发业
002416,2016,批发业
002416,2017,批发业
002416,2018,批发业
002416,2019,批发业
002417,2015,计算机、通信和其他电子设备制造业
002417,2016,计算机、通信和其他电子设备制造业
002417,2017,计算机、通信和其他电子设备制造业
002417,2018,计算机、通信和其他电子设备制造业
002417,2019,软件和信息技术服务业
002418,2015,通用设备制造业
002418,2016,通用设备制造业
002418,2017,通用设备制造业
002418,2018,通用设备制造业
002418,2019,通用设备制造业
002419,2015,零售业
002419,2016,零售业
002419,2017,零售业
002419,2018,零售业
002419,2019,零售业
002420,2015,橡胶和塑料制品业
002420,2016,橡胶和塑料制品业
002420,2017,橡胶和塑料制品业
002420,2018,橡胶和塑料制品业
002420,2019,橡胶和塑料制品业
002421,2015,软件和信息技术服务业
002421,2016,软件和信息技术服务业
002421,2017,软件和信息技术服务业
002421,2018,软件和信息技术服务业
002421,2019,软件和信息技术服务业
002422,2015,医药制造业
002422,2016,医药制造业
002422,2017,医药制造业
002422,2018,医药制造业
002422,2019,医药制造业
002424,2015,医药制造业
002424,2016,医药制造业
002424,2017,医药制造业
002424,2018,医药制造业
002424,2019,医药制造业
002425,2015,纺织服装、服饰业
002425,2016,纺织服装、服饰业
002425,2017,互联网和相关服务
002425,2018,互联网和相关服务
002425,2019,互联网和相关服务
002426,2015,计算机、通信和其他电子设备制造业
002426,2016,计算机、通信和其他电子设备制造业
002426,2017,计算机、通信和其他电子设备制造业
002426,2018,计算机、通信和其他电子设备制造业
002426,2019,计算机、通信和其他电子设备制造业
002427,2015,化学纤维制造业
002427,2016,化学纤维制造业
002427,2017,化学纤维制造业
002427,2018,化学纤维制造业
002427,2019,化学纤维制造业
002428,2015,有色金属冶炼和压延加工业
002428,2016,有色金属冶炼和压延加工业
002428,2017,有色金属冶炼和压延加工业
002428,2018,有色金属冶炼和压延加工业
002428,2019,有色金属冶炼和压延加工业
002429,2015,计算机、通信和其他电子设备制造业
002429,2016,计算机、通信和其他电子设备制造业
002429,2017,计算机、通信和其他电子设备制造业
002429,2018,计算机、通信和其他电子设备制造业
002429,2019,计算机、通信和其他电子设备制造业
002430,2015,专用设备制造业
002430,2016,专用设备制造业
002430,2017,专用设备制造业
002430,2018,专用设备制造业
002430,2019,专用设备制造业
002431,2015,土木工程建筑业
002431,2016,土木工程建筑业
002431,2017,土木工程建筑业
002431,2018,土木工程建筑业
002431,2019,土木工程建筑业
002432,2015,专用设备制造业
002432,2016,专用设备制造业
002432,2017,专用设备制造业
002432,2018,专用设备制造业
002432,2019,专用设备制造业
002433,2015,医药制造业
002433,2016,医药制造业
002433,2017,医药制造业
002433,2018,医药制造业
002433,2019,医药制造业
002434,2015,汽车制造业
002434,2016,汽车制造业
002434,2017,汽车制造业
002434,2018,汽车制造业
002434,2019,汽车制造业
002435,2015,专用设备制造业
002435,2016,专用设备制造业
002435,2017,专用设备制造业
002435,2018,医药制造业
002435,2019,医药制造业
002436,2015,计算机、通信和其他电子设备制造业
002436,2016,计算机、通信和其他电子设备制造业
002436,2017,计算机、通信和其他电子设备制造业
002436,2018,计算机、通信和其他电子设备制造业
002436,2019,计算机、通信和其他电子设备制造业
002437,2015,医药制造业
002437,2016,医药制造业
002437,2017,医药制造业
002437,2018,医药制造业
002437,2019,医药制造业
002438,2015,通用设备制造业
002438,2016,通用设备制造业
002438,2017,通用设备制造业
002438,2018,通用设备制造业
002438,2019,通用设备制造业
002439,2015,互联网和相关服务
002439,2016,互联网和相关服务
002439,2017,互联网和相关服务
002439,2018,互联网和相关服务
002439,2019,互联网和相关服务
002440,2015,化学原料和化学制品制造业
002440,2016,化学原料和化学制品制造业
002440,2017,化学原料和化学制品制造业
002440,2018,化学原料和化学制品制造业
002440,2019,化学原料和化学制品制造业
002441,2015,批发业
002441,2016,批发业
002441,2017,批发业
002441,2018,批发业
002441,2019,批发业
002442,2015,化学原料和化学制品制造业
002442,2016,化学原料和化学制品制造业
002442,2017,化学原料和化学制品制造业
002442,2018,化学原料和化学制品制造业
002442,2019,化学原料和化学制品制造业
002443,2015,金属制品业
002443,2016,金属制品业
002443,2017,金属制品业
002443,2018,金属制品业
002443,2019,金属制品业
002444,2015,金属制品业
002444,2016,金属制品业
002444,2017,金属制品业
002444,2018,金属制品业
002444,2019,金属制品业
002445,2015,金属制品业
002445,2016,金属制品业
002445,2017,广播、电视、电影和录音制作业
002445,2018,广播、电视、电影和录音制作业
002445,2019,广播、电视、电影和录音制作业
002446,2015,计算机、通信和其他电子设备制造业
002446,2016,计算机、通信和其他电子设备制造业
002446,2017,计算机、通信和其他电子设备制造业
002446,2018,计算机、通信和其他电子设备制造业
002446,2019,计算机、通信和其他电子设备制造业
002447,2015,渔业
002447,2016,渔业
002447,2017,渔业
002447,2018,互联网和相关服务
002447,2019,互联网和相关服务
002448,2015,汽车制造业
002448,2016,汽车制造业
002448,2017,汽车制造业
002448,2018,汽车制造业
002448,2019,汽车制造业
002449,2015,计算机、通信和其他电子设备制造业
002449,2016,计算机、通信和其他电子设备制造业
002449,2017,计算机、通信和其他电子设备制造业
002449,2018,计算机、通信和其他电子设备制造业
002449,2019,计算机、通信和其他电子设备制造业
002450,2015,橡胶和塑料制品业
002450,2016,橡胶和塑料制品业
002450,2017,橡胶和塑料制品业
002450,2018,橡胶和塑料制品业
002450,2019,橡胶和塑料制品业
002451,2015,电气机械和器材制造业
002451,2016,电气机械和器材制造业
002451,2017,电气机械和器材制造业
002451,2018,电气机械和器材制造业
002451,2019,电气机械和器材制造业
002452,2015,电气机械和器材制造业
002452,2016,电气机械和器材制造业
002452,2017,电气机械和器材制造业
002452,2018,电气机械和器材制造业
002452,2019,电气机械和器材制造业
002453,2015,化学原料和化学制品制造业
002453,2016,化学原料和化学制品制造业
002453,2017,化学原料和化学制品制造业
002453,2018,化学原料和化学制品制造业
002453,2019,软件和信息技术服务业
002454,2015,汽车制造业
002454,2016,汽车制造业
002454,2017,汽车制造业
002454,2018,汽车制造业
002454,2019,汽车制造业
002455,2015,化学原料和化学制品制造业
002455,2016,化学原料和化学制品制造业
002455,2017,化学原料和化学制品制造业
002455,2018,化学原料和化学制品制造业
002455,2019,化学原料和化学制品制造业
002456,2015,计算机、通信和其他电子设备制造业
002456,2016,计算机、通信和其他电子设备制造业
002456,2017,计算机、通信和其他电子设备制造业
002456,2018,计算机、通信和其他电子设备制造业
002456,2019,计算机、通信和其他电子设备制造业
002457,2015,非金属矿物制品业
002457,2016,非金属矿物制品业
002457,2017,非金属矿物制品业
002457,2018,非金属矿物制品业
002457,2019,非金属矿物制品业
002458,2015,畜牧业
002458,2016,畜牧业
002458,2017,畜牧业
002458,2018,畜牧业
002458,2019,畜牧业
002459,2015,专用设备制造业
002459,2016,专用设备制造业
002459,2017,专用设备制造业
002459,2018,专用设备制造业
002459,2019,专用设备制造业
002460,2015,有色金属冶炼和压延加工业
002460,2016,有色金属冶炼和压延加工业
002460,2017,有色金属冶炼和压延加工业
002460,2018,有色金属冶炼和压延加工业
002460,2019,有色金属冶炼和压延加工业
002461,2015,酒、饮料和精制茶制造业
002461,2016,酒、饮料和精制茶制造业
002461,2017,酒、饮料和精制茶制造业
002461,2018,酒、饮料和精制茶制造业
002461,2019,酒、饮料和精制茶制造业
002462,2015,批发业
002462,2016,批发业
002462,2017,批发业
002462,2018,批发业
002462,2019,批发业
002463,2015,计算机、通信和其他电子设备制造业
002463,2016,计算机、通信和其他电子设备制造业
002463,2017,计算机、通信和其他电子设备制造业
002463,2018,计算机、通信和其他电子设备制造业
002463,2019,计算机、通信和其他电子设备制造业
002464,2015,橡胶和塑料制品业
002464,2016,互联网和相关服务
002464,2017,互联网和相关服务
002464,2018,互联网和相关服务
002464,2019,互联网和相关服务
002465,2015,计算机、通信和其他电子设备制造业
002465,2016,计算机、通信和其他电子设备制造业
002465,2017,计算机、通信和其他电子设备制造业
002465,2018,计算机、通信和其他电子设备制造业
002465,2019,计算机、通信和其他电子设备制造业
002466,2015,化学原料和化学制品制造业
002466,2016,有色金属冶炼和压延加工业
002466,2017,有色金属冶炼和压延加工业
002466,2018,有色金属冶炼和压延加工业
002466,2019,有色金属冶炼和压延加工业
002467,2015,互联网和相关服务
002467,2016,互联网和相关服务
002467,2017,互联网和相关服务
002467,2018,互联网和相关服务
002467,2019,互联网和相关服务
002468,2015,通用设备制造业
002468,2016,通用设备制造业
002468,2017,邮政业
002468,2018,邮政业
002468,2019,邮政业
002469,2015,专业技术服务业
002469,2016,专业技术服务业
002469,2017,专业技术服务业
002469,2018,专业技术服务业
002469,2019,专业技术服务业
002470,2015,化学原料和化学制品制造业
002470,2016,化学原料和化学制品制造业
002470,2017,化学原料和化学制品制造业
002470,2018,化学原料和化学制品制造业
002470,2019,化学原料和化学制品制造业
002471,2015,电气机械和器材制造业
002471,2016,电气机械和器材制造业
002471,2017,电气机械和器材制造业
002471,2018,电气机械和器材制造业
002471,2019,电气机械和器材制造业
002472,2015,通用设备制造业
002472,2016,通用设备制造业
002472,2017,通用设备制造业
002472,2018,通用设备制造业
002472,2019,通用设备制造业
002473,2015,电气机械和器材制造业
002473,2016,电气机械和器材制造业
002473,2017,电气机械和器材制造业
002473,2018,电气机械和器材制造业
002473,2019,电气机械和器材制造业
002474,2015,软件和信息技术服务业
002474,2016,软件和信息技术服务业
002474,2017,软件和信息技术服务业
002474,2018,软件和信息技术服务业
002474,2019,软件和信息技术服务业
002475,2015,计算机、通信和其他电子设备制造业
002475,2016,计算机、通信和其他电子设备制造业
002475,2017,计算机、通信和其他电子设备制造业
002475,2018,计算机、通信和其他电子设备制造业
002475,2019,计算机、通信和其他电子设备制造业
002476,2015,化学原料和化学制品制造业
002476,2016,化学原料和化学制品制造业
002476,2017,化学原料和化学制品制造业
002476,2018,化学原料和化学制品制造业
002476,2019,化学原料和化学制品制造业
002477,2015,畜牧业
002477,2016,畜牧业
002477,2017,畜牧业
002477,2018,畜牧业
002478,2015,金属制品业
002478,2016,金属制品业
002478,2017,金属制品业
002478,2018,金属制品业
002478,2019,金属制品业
002479,2015,电力、热力生产和供应业
002479,2016,电力、热力生产和供应业
002479,2017,电力、热力生产和供应业
002479,2018,电力、热力生产和供应业
002479,2019,电力、热力生产和供应业
002480,2015,通用设备制造业
002480,2016,通用设备制造业
002480,2017,通用设备制造业
002480,2018,通用设备制造业
002480,2019,通用设备制造业
002481,2015,食品制造业
002481,2016,食品制造业
002481,2017,食品制造业
002481,2018,食品制造业
002481,2019,食品制造业
002482,2015,建筑装饰、装修和其他建筑业
002482,2016,建筑装饰、装修和其他建筑业
002482,2017,建筑装饰、装修和其他建筑业
002482,2018,建筑装饰、装修和其他建筑业
002482,2019,建筑装饰、装修和其他建筑业
002483,2015,通用设备制造业
002483,2016,通用设备制造业
002483,2017,通用设备制造业
002483,2018,通用设备制造业
002483,2019,通用设备制造业
002484,2015,计算机、通信和其他电子设备制造业
002484,2016,计算机、通信和其他电子设备制造业
002484,2017,计算机、通信和其他电子设备制造业
002484,2018,计算机、通信和其他电子设备制造业
002484,2019,计算机、通信和其他电子设备制造业
002485,2015,纺织服装、服饰业
002485,2016,纺织服装、服饰业
002485,2017,纺织服装、服饰业
002485,2018,纺织服装、服饰业
002485,2019,纺织服装、服饰业
002486,2015,纺织服装、服饰业
002486,2016,纺织服装、服饰业
002486,2017,纺织服装、服饰业
002486,2018,纺织服装、服饰业
002486,2019,纺织服装、服饰业
002487,2015,金属制品业
002487,2016,金属制品业
002487,2017,金属制品业
002487,2018,金属制品业
002487,2019,金属制品业
002488,2015,汽车制造业
002488,2016,汽车制造业
002488,2017,汽车制造业
002488,2018,汽车制造业
002488,2019,汽车制造业
002489,2015,家具制造业
002489,2016,家具制造业
002489,2017,家具制造业
002489,2018,家具制造业
002489,2019,家具制造业
002490,2015,专用设备制造业
002490,2016,专用设备制造业
002490,2017,专用设备制造业
002490,2018,专用设备制造业
002490,2019,专用设备制造业
002491,2015,电气机械和器材制造业
002491,2016,电气机械和器材制造业
002491,2017,电气机械和器材制造业
002491,2018,电气机械和器材制造业
002491,2019,电气机械和器材制造业
002492,2015,装卸搬运和仓储业
002492,2016,装卸搬运和仓储业
002492,2017,装卸搬运和仓储业
002492,2018,装卸搬运和仓储业
002492,2019,装卸搬运和仓储业
002493,2015,化学纤维制造业
002493,2016,化学纤维制造业
002493,2017,化学纤维制造业
002493,2018,化学纤维制造业
002493,2019,化学纤维制造业
002494,2015,皮革、毛皮、羽毛及其制品和制鞋业
002494,2016,皮革、毛皮、羽毛及其制品和制鞋业
002494,2017,皮革、毛皮、羽毛及其制品和制鞋业
002494,2018,皮革、毛皮、羽毛及其制品和制鞋业
002494,2019,皮革、毛皮、羽毛及其制品和制鞋业
002495,2015,食品制造业
002495,2016,食品制造业
002495,2017,食品制造业
002495,2018,食品制造业
002495,2019,食品制造业
002496,2015,化学原料和化学制品制造业
002496,2016,化学原料和化学制品制造业
002496,2017,化学原料和化学制品制造业
002496,2018,化学原料和化学制品制造业
002496,2019,化学原料和化学制品制造业
002497,2015,化学原料和化学制品制造业
002497,2016,化学原料和化学制品制造业
002497,2017,化学原料和化学制品制造业
002497,2018,化学原料和化学制品制造业
002497,2019,化学原料和化学制品制造业
002498,2015,电气机械和器材制造业
002498,2016,电气机械和器材制造业
002498,2017,电气机械和器材制造业
002498,2018,电气机械和器材制造业
002498,2019,电气机械和器材制造业
002499,2015,专用设备制造业
002499,2016,专用设备制造业
002499,2017,电力、热力生产和供应业
002499,2018,电力、热力生产和供应业
002499,2019,电力、热力生产和供应业
002501,2015,有色金属冶炼和压延加工业
002501,2016,有色金属冶炼和压延加工业
002501,2017,有色金属冶炼和压延加工业
002501,2018,有色金属冶炼和压延加工业
002501,2019,有色金属冶炼和压延加工业
002502,2015,文教、工美、体育和娱乐用品制造业
002502,2016,广播、电视、电影和录音制作业
002502,2017,广播、电视、电影和录音制作业
002502,2018,广播、电视、电影和录音制作业
002502,2019,广播、电视、电影和录音制作业
002503,2015,纺织服装、服饰业
002503,2016,纺织服装、服饰业
002503,2017,纺织服装、服饰业
002503,2018,纺织服装、服饰业
002503,2019,纺织服装、服饰业
002504,2015,建筑装饰、装修和其他建筑业
002504,2016,建筑装饰、装修和其他建筑业
002504,2017,建筑装饰、装修和其他建筑业
002504,2018,建筑装饰、装修和其他建筑业
002504,2019,建筑装饰、装修和其他建筑业
002505,2015,畜牧业
002505,2016,畜牧业
002505,2017,畜牧业
002505,2018,批发业
002505,2019,批发业
002506,2015,计算机、通信和其他电子设备制造业
002506,2016,计算机、通信和其他电子设备制造业
002506,2017,计算机、通信和其他电子设备制造业
002506,2018,计算机、通信和其他电子设备制造业
002506,2019,计算机、通信和其他电子设备制造业
002507,2015,食品制造业
002507,2016,食品制造业
002507,2017,食品制造业
002507,2018,食品制造业
002507,2019,食品制造业
002508,2015,电气机械和器材制造业
002508,2016,电气机械和器材制造业
002508,2017,电气机械和器材制造业
002508,2018,电气机械和器材制造业
002508,2019,电气机械和器材制造业
002509,2015,专用设备制造业
002509,2016,专用设备制造业
002509,2017,专用设备制造业
002509,2018,专用设备制造业
002509,2019,专用设备制造业
002510,2015,汽车制造业
002510,2016,汽车制造业
002510,2017,汽车制造业
002510,2018,汽车制造业
002510,2019,汽车制造业
002511,2015,造纸和纸制品业
002511,2016,造纸和纸制品业
002511,2017,造纸和纸制品业
002511,2018,造纸和纸制品业
002511,2019,造纸和纸制品业
002512,2015,计算机、通信和其他电子设备制造业
002512,2016,计算机、通信和其他电子设备制造业
002512,2017,计算机、通信和其他电子设备制造业
002512,2018,计算机、通信和其他电子设备制造业
002512,2019,计算机、通信和其他电子设备制造业
002513,2015,化学原料和化学制品制造业
002513,2016,化学原料和化学制品制造业
002513,2017,化学原料和化学制品制造业
002513,2018,化学原料和化学制品制造业
002513,2019,化学原料和化学制品制造业
002514,2015,金属制品业
002514,2016,金属制品业
002514,2017,金属制品业
002514,2018,金属制品业
002514,2019,金属制品业
002515,2015,农副食品加工业
002515,2016,农副食品加工业
002515,2017,农副食品加工业
002515,2018,农副食品加工业
002515,2019,农副食品加工业
002516,2015,纺织业
002516,2016,纺织业
002516,2017,纺织业
002516,2018,纺织业
002516,2019,纺织业
002517,2015,皮革、毛皮、羽毛及其制品和制鞋业
002517,2016,互联网和相关服务
002517,2017,互联网和相关服务
002517,2018,互联网和相关服务
002517,2019,互联网和相关服务
002518,2015,电气机械和器材制造业
002518,2016,电气机械和器材制造业
002518,2017,电气机械和器材制造业
002518,2018,电气机械和器材制造业
002518,2019,电气机械和器材制造业
002519,2015,计算机、通信和其他电子设备制造业
002519,2016,计算机、通信和其他电子设备制造业
002519,2017,计算机、通信和其他电子设备制造业
002519,2018,计算机、通信和其他电子设备制造业
002519,2019,计算机、通信和其他电子设备制造业
002520,2015,通用设备制造业
002520,2016,通用设备制造业
002520,2017,通用设备制造业
002520,2018,通用设备制造业
002520,2019,通用设备制造业
002521,2015,造纸和纸制品业
002521,2016,造纸和纸制品业
002521,2017,造纸和纸制品业
002521,2018,造纸和纸制品业
002521,2019,造纸和纸制品业
002522,2015,橡胶和塑料制品业
002522,2016,橡胶和塑料制品业
002522,2017,橡胶和塑料制品业
002522,2018,橡胶和塑料制品业
002522,2019,橡胶和塑料制品业
002523,2015,通用设备制造业
002523,2016,通用设备制造业
002523,2017,通用设备制造业
002523,2018,通用设备制造业
002523,2019,通用设备制造业
002524,2015,建筑装饰、装修和其他建筑业
002524,2016,燃气生产和供应业
002524,2017,燃气生产和供应业
002524,2018,燃气生产和供应业
002524,2019,卫生
002526,2015,专用设备制造业
002526,2016,专用设备制造业
002526,2017,专用设备制造业
002526,2018,专用设备制造业
002526,2019,专用设备制造业
002527,2015,电气机械和器材制造业
002527,2016,电气机械和器材制造业
002527,2017,电气机械和器材制造业
002527,2018,电气机械和器材制造业
002527,2019,电气机械和器材制造业
002528,2015,计算机、通信和其他电子设备制造业
002528,2016,计算机、通信和其他电子设备制造业
002528,2017,计算机、通信和其他电子设备制造业
002528,2018,计算机、通信和其他电子设备制造业
002528,2019,计算机、通信和其他电子设备制造业
002529,2015,通用设备制造业
002529,2016,通用设备制造业
002529,2017,通用设备制造业
002529,2018,通用设备制造业
002529,2019,通用设备制造业
002530,2015,通用设备制造业
002530,2016,通用设备制造业
002530,2017,互联网和相关服务
002530,2018,互联网和相关服务
002530,2019,互联网和相关服务
002531,2015,电气机械和器材制造业
002531,2016,电气机械和器材制造业
002531,2017,电气机械和器材制造业
002531,2018,电气机械和器材制造业
002531,2019,电气机械和器材制造业
002532,2015,通用设备制造业
002532,2016,通用设备制造业
002532,2017,通用设备制造业
002532,2018,通用设备制造业
002532,2019,通用设备制造业
002533,2015,电气机械和器材制造业
002533,2016,电气机械和器材制造业
002533,2017,电气机械和器材制造业
002533,2018,电气机械和器材制造业
002533,2019,电气机械和器材制造业
002534,2015,通用设备制造业
002534,2016,通用设备制造业
002534,2017,通用设备制造业
002534,2018,通用设备制造业
002534,2019,通用设备制造业
002535,2015,专用设备制造业
002535,2016,专用设备制造业
002535,2017,专用设备制造业
002535,2018,专用设备制造业
002535,2019,专用设备制造业
002536,2015,汽车制造业
002536,2016,汽车制造业
002536,2017,汽车制造业
002536,2018,汽车制造业
002536,2019,汽车制造业
002537,2015,通用设备制造业
002537,2016,通用设备制造业
002537,2017,通用设备制造业
002537,2018,通用设备制造业
002537,2019,通用设备制造业
002538,2015,化学原料和化学制品制造业
002538,2016,化学原料和化学制品制造业
002538,2017,化学原料和化学制品制造业
002538,2018,化学原料和化学制品制造业
002538,2019,化学原料和化学制品制造业
002539,2015,化学原料和化学制品制造业
002539,2016,化学原料和化学制品制造业
002539,2017,化学原料和化学制品制造业
002539,2018,化学原料和化学制品制造业
002539,2019,化学原料和化学制品制造业
002540,2015,有色金属冶炼和压延加工业
002540,2016,有色金属冶炼和压延加工业
002540,2017,有色金属冶炼和压延加工业
002540,2018,有色金属冶炼和压延加工业
002540,2019,有色金属冶炼和压延加工业
002541,2015,金属制品业
002541,2016,金属制品业
002541,2017,金属制品业
002541,2018,金属制品业
002541,2019,金属制品业
002542,2015,土木工程建筑业
002542,2016,土木工程建筑业
002542,2017,土木工程建筑业
002542,2018,土木工程建筑业
002542,2019,土木工程建筑业
002543,2015,电气机械和器材制造业
002543,2016,电气机械和器材制造业
002543,2017,电气机械和器材制造业
002543,2018,电气机械和器材制造业
002543,2019,电气机械和器材制造业
002544,2015,软件和信息技术服务业
002544,2016,软件和信息技术服务业
002544,2017,软件和信息技术服务业
002544,2018,软件和信息技术服务业
002544,2019,软件和信息技术服务业
002545,2015,金属制品业
002545,2016,金属制品业
002545,2017,金属制品业
002545,2018,金属制品业
002545,2019,金属制品业
002546,2015,电气机械和器材制造业
002546,2016,电气机械和器材制造业
002546,2017,电气机械和器材制造业
002546,2018,电气机械和器材制造业
002546,2019,电气机械和器材制造业
002547,2015,金属制品业
002547,2016,金属制品业
002547,2017,金属制品业
002547,2018,金属制品业
002547,2019,金属制品业
002548,2015,农副食品加工业
002548,2016,农副食品加工业
002548,2017,农副食品加工业
002548,2018,农副食品加工业
002548,2019,农副食品加工业
002549,2015,生态保护和环境治理业
002549,2016,生态保护和环境治理业
002549,2017,生态保护和环境治理业
002549,2018,生态保护和环境治理业
002549,2019,生态保护和环境治理业
002550,2015,医药制造业
002550,2016,医药制造业
002550,2017,医药制造业
002550,2018,医药制造业
002550,2019,医药制造业
002551,2015,专用设备制造业
002551,2016,专用设备制造业
002551,2017,专用设备制造业
002551,2018,专用设备制造业
002551,2019,专用设备制造业
002552,2015,通用设备制造业
002552,2016,通用设备制造业
002552,2017,通用设备制造业
002552,2018,通用设备制造业
002552,2019,通用设备制造业
002553,2015,通用设备制造业
002553,2016,通用设备制造业
002553,2017,通用设备制造业
002553,2018,通用设备制造业
002553,2019,通用设备制造业
002554,2015,开采专业及辅助性活动
002554,2016,开采专业及辅助性活动
002554,2017,开采专业及辅助性活动
002554,2018,开采专业及辅助性活动
002554,2019,开采专业及辅助性活动
002555,2015,汽车制造业
002555,2016,互联网和相关服务
002555,2017,互联网和相关服务
002555,2018,互联网和相关服务
002555,2019,互联网和相关服务
002556,2015,零售业
002556,2016,零售业
002556,2017,零售业
002556,2018,零售业
002556,2019,零售业
002557,2015,农副食品加工业
002557,2016,农副食品加工业
002557,2017,农副食品加工业
002557,2018,农副食品加工业
002557,2019,农副食品加工业
002558,2015,公共设施管理业
002558,2016,互联网和相关服务
002558,2017,互联网和相关服务
002558,2018,互联网和相关服务
002558,2019,互联网和相关服务
002559,2015,通用设备制造业
002559,2016,通用设备制造业
002559,2017,通用设备制造业
002559,2018,通用设备制造业
002559,2019,通用设备制造业
002560,2015,电气机械和器材制造业
002560,2016,电气机械和器材制造业
002560,2017,电气机械和器材制造业
002560,2018,电气机械和器材制造业
002560,2019,电气机械和器材制造业
002561,2015,零售业
002561,2016,零售业
002561,2017,零售业
002561,2018,零售业
002561,2019,零售业
002562,2015,化学原料和化学制品制造业
002562,2016,化学原料和化学制品制造业
002562,2017,化学原料和化学制品制造业
002562,2018,医药制造业
002562,2019,医药制造业
002563,2015,纺织服装、服饰业
002563,2016,纺织服装、服饰业
002563,2017,纺织服装、服饰业
002563,2018,纺织服装、服饰业
002563,2019,纺织服装、服饰业
002564,2015,专用设备制造业
002564,2016,专用设备制造业
002564,2017,专用设备制造业
002564,2018,专业技术服务业
002564,2019,专业技术服务业
002565,2015,造纸和纸制品业
002565,2016,造纸和纸制品业
002565,2017,造纸和纸制品业
002565,2018,造纸和纸制品业
002565,2019,造纸和纸制品业
002566,2015,医药制造业
002566,2016,医药制造业
002566,2017,医药制造业
002566,2018,医药制造业
002566,2019,医药制造业
002567,2015,农副食品加工业
002567,2016,农副食品加工业
002567,2017,农副食品加工业
002567,2018,农副食品加工业
002567,2019,农副食品加工业
002568,2015,化学原料和化学制品制造业
002568,2016,酒、饮料和精制茶制造业
002568,2017,酒、饮料和精制茶制造业
002568,2018,酒、饮料和精制茶制造业
002568,2019,酒、饮料和精制茶制造业
002569,2015,纺织服装、服饰业
002569,2016,纺织服装、服饰业
002569,2017,纺织服装、服饰业
002569,2018,纺织服装、服饰业
002569,2019,纺织服装、服饰业
002570,2015,食品制造业
002570,2016,食品制造业
002570,2017,食品制造业
002570,2018,食品制造业
002570,2019,食品制造业
002571,2015,非金属矿物制品业
002571,2016,非金属矿物制品业
002571,2017,非金属矿物制品业
002571,2018,非金属矿物制品业
002571,2019,非金属矿物制品业
002572,2015,家具制造业
002572,2016,家具制造业
002572,2017,家具制造业
002572,2018,家具制造业
002572,2019,家具制造业
002573,2015,生态保护和环境治理业
002573,2016,生态保护和环境治理业
002573,2017,生态保护和环境治理业
002573,2018,生态保护和环境治理业
002573,2019,生态保护和环境治理业
002574,2015,其他制造业
002574,2016,其他制造业
002574,2017,其他制造业
002574,2018,其他制造业
002574,2019,其他制造业
002575,2015,文教、工美、体育和娱乐用品制造业
002575,2016,文教、工美、体育和娱乐用品制造业
002575,2017,文教、工美、体育和娱乐用品制造业
002575,2018,文教、工美、体育和娱乐用品制造业
002575,2019,文教、工美、体育和娱乐用品制造业
002576,2015,电气机械和器材制造业
002576,2016,电气机械和器材制造业
002576,2017,电气机械和器材制造业
002576,2018,电气机械和器材制造业
002576,2019,电气机械和器材制造业
002577,2015,计算机、通信和其他电子设备制造业
002577,2016,计算机、通信和其他电子设备制造业
002577,2017,计算机、通信和其他电子设备制造业
002577,2018,计算机、通信和其他电子设备制造业
002577,2019,计算机、通信和其他电子设备制造业
002578,2015,有色金属冶炼和压延加工业
002578,2016,有色金属冶炼和压延加工业
002578,2017,有色金属冶炼和压延加工业
002578,2018,有色金属冶炼和压延加工业
002578,2019,有色金属冶炼和压延加工业
002579,2015,计算机、通信和其他电子设备制造业
002579,2016,计算机、通信和其他电子设备制造业
002579,2017,计算机、通信和其他电子设备制造业
002579,2018,计算机、通信和其他电子设备制造业
002579,2019,计算机、通信和其他电子设备制造业
002580,2015,电气机械和器材制造业
002580,2016,电气机械和器材制造业
002580,2017,电气机械和器材制造业
002580,2018,电气机械和器材制造业
002580,2019,电气机械和器材制造业
002581,2015,化学原料和化学制品制造业
002581,2016,医药制造业
002581,2017,医药制造业
002581,2018,医药制造业
002581,2019,医药制造业
002582,2015,农副食品加工业
002582,2016,农副食品加工业
002582,2017,农副食品加工业
002582,2018,农副食品加工业
002582,2019,农副食品加工业
002583,2015,计算机、通信和其他电子设备制造业
002583,2016,计算机、通信和其他电子设备制造业
002583,2017,计算机、通信和其他电子设备制造业
002583,2018,计算机、通信和其他电子设备制造业
002583,2019,计算机、通信和其他电子设备制造业
002584,2015,化学原料和化学制品制造业
002584,2016,化学原料和化学制品制造业
002584,2017,化学原料和化学制品制造业
002584,2018,化学原料和化学制品制造业
002584,2019,化学原料和化学制品制造业
002585,2015,橡胶和塑料制品业
002585,2016,橡胶和塑料制品业
002585,2017,橡胶和塑料制品业
002585,2018,橡胶和塑料制品业
002585,2019,橡胶和塑料制品业
002586,2015,土木工程建筑业
002586,2016,土木工程建筑业
002586,2017,土木工程建筑业
002586,2018,土木工程建筑业
002586,2019,土木工程建筑业
002587,2015,计算机、通信和其他电子设备制造业
002587,2016,计算机、通信和其他电子设备制造业
002587,2017,计算机、通信和其他电子设备制造业
002587,2018,计算机、通信和其他电子设备制造业
002587,2019,计算机、通信和其他电子设备制造业
002588,2015,化学原料和化学制品制造业
002588,2016,化学原料和化学制品制造业
002588,2017,化学原料和化学制品制造业
002588,2018,化学原料和化学制品制造业
002588,2019,化学原料和化学制品制造业
002589,2015,批发业
002589,2016,批发业
002589,2017,批发业
002589,2018,批发业
002589,2019,批发业
002590,2015,汽车制造业
002590,2016,汽车制造业
002590,2017,汽车制造业
002590,2018,汽车制造业
002590,2019,汽车制造业
002591,2015,化学原料和化学制品制造业
002591,2016,化学原料和化学制品制造业
002591,2017,化学原料和化学制品制造业
002591,2018,化学原料和化学制品制造业
002591,2019,化学原料和化学制品制造业
002592,2015,汽车制造业
002592,2016,汽车制造业
002592,2017,汽车制造业
002592,2018,汽车制造业
002592,2019,汽车制造业
002593,2015,汽车制造业
002593,2016,汽车制造业
002593,2017,汽车制造业
002593,2018,汽车制造业
002593,2019,汽车制造业
002594,2015,汽车制造业
002594,2016,汽车制造业
002594,2017,汽车制造业
002594,2018,汽车制造业
002594,2019,汽车制造业
002595,2015,专用设备制造业
002595,2016,专用设备制造业
002595,2017,专用设备制造业
002595,2018,专用设备制造业
002595,2019,专用设备制造业
002596,2015,非金属矿物制品业
002596,2016,非金属矿物制品业
002596,2017,非金属矿物制品业
002596,2018,非金属矿物制品业
002596,2019,非金属矿物制品业
002597,2015,化学原料和化学制品制造业
002597,2016,化学原料和化学制品制造业
002597,2017,化学原料和化学制品制造业
002597,2018,化学原料和化学制品制造业
002597,2019,化学原料和化学制品制造业
002598,2015,通用设备制造业
002598,2016,通用设备制造业
002598,2017,通用设备制造业
002598,2018,通用设备制造业
002598,2019,通用设备制造业
002599,2015,印刷和记录媒介复制业
002599,2016,印刷和记录媒介复制业
002599,2017,印刷和记录媒介复制业
002599,2018,印刷和记录媒介复制业
002599,2019,印刷和记录媒介复制业
002600,2015,计算机、通信和其他电子设备制造业
002600,2016,计算机、通信和其他电子设备制造业
002600,2017,计算机、通信和其他电子设备制造业
002600,2018,计算机、通信和其他电子设备制造业
002600,2019,计算机、通信和其他电子设备制造业
002601,2015,化学原料和化学制品制造业
002601,2016,化学原料和化学制品制造业
002601,2017,化学原料和化学制品制造业
002601,2018,化学原料和化学制品制造业
002601,2019,化学原料和化学制品制造业
002602,2015,汽车制造业
002602,2016,汽车制造业
002602,2017,汽车制造业
002602,2018,汽车制造业
002602,2019,汽车制造业
002603,2015,医药制造业
002603,2016,医药制造业
002603,2017,医药制造业
002603,2018,医药制造业
002603,2019,医药制造业
002604,2015,农副食品加工业
002604,2016,农副食品加工业
002604,2017,农副食品加工业
002604,2018,农副食品加工业
002604,2019,农副食品加工业
002605,2015,文教、工美、体育和娱乐用品制造业
002605,2016,文教、工美、体育和娱乐用品制造业
002605,2017,文教、工美、体育和娱乐用品制造业
002605,2018,文教、工美、体育和娱乐用品制造业
002605,2019,文教、工美、体育和娱乐用品制造业
002606,2015,电气机械和器材制造业
002606,2016,电气机械和器材制造业
002606,2017,电气机械和器材制造业
002606,2018,电气机械和器材制造业
002606,2019,电气机械和器材制造业
002607,2015,零售业
002607,2016,零售业
002607,2017,零售业
002607,2018,零售业
002607,2019,教育
002608,2015,铁路、船舶、航空航天和其他运输设备制造业
002608,2016,铁路、船舶、航空航天和其他运输设备制造业
002608,2017,电力、热力生产和供应业
002608,2018,电力、热力生产和供应业
002608,2019,电力、热力生产和供应业
002609,2015,软件和信息技术服务业
002609,2016,软件和信息技术服务业
002609,2017,软件和信息技术服务业
002609,2018,软件和信息技术服务业
002609,2019,软件和信息技术服务业
002610,2015,电气机械和器材制造业
002610,2016,电气机械和器材制造业
002610,2017,电气机械和器材制造业
002610,2018,电气机械和器材制造业
002610,2019,电气机械和器材制造业
002611,2015,专用设备制造业
002611,2016,专用设备制造业
002611,2017,专用设备制造业
002611,2018,电气机械和器材制造业
002611,2019,电气机械和器材制造业
002612,2015,纺织服装、服饰业
002612,2016,纺织服装、服饰业
002612,2017,纺织服装、服饰业
002612,2018,纺织服装、服饰业
002612,2019,纺织服装、服饰业
002613,2015,专用设备制造业
002613,2016,专用设备制造业
002613,2017,专用设备制造业
002613,2018,专用设备制造业
002613,2019,专用设备制造业
002614,2015,专用设备制造业
002614,2016,专用设备制造业
002614,2017,专用设备制造业
002614,2018,专用设备制造业
002614,2019,专用设备制造业
002615,2015,金属制品业
002615,2016,金属制品业
002615,2017,金属制品业
002615,2018,金属制品业
002615,2019,金属制品业
002616,2015,电气机械和器材制造业
002616,2016,电气机械和器材制造业
002616,2017,电气机械和器材制造业
002616,2018,电气机械和器材制造业
002616,2019,电气机械和器材制造业
002617,2015,电气机械和器材制造业
002617,2016,电气机械和器材制造业
002617,2017,电气机械和器材制造业
002617,2018,电气机械和器材制造业
002617,2019,电气机械和器材制造业
002618,2015,计算机、通信和其他电子设备制造业
002618,2016,计算机、通信和其他电子设备制造业
002618,2017,计算机、通信和其他电子设备制造业
002618,2018,计算机、通信和其他电子设备制造业
002618,2019,计算机、通信和其他电子设备制造业
002619,2015,非金属矿物制品业
002619,2016,非金属矿物制品业
002619,2017,互联网和相关服务
002619,2018,互联网和相关服务
002619,2019,互联网和相关服务
002620,2015,建筑装饰、装修和其他建筑业
002620,2016,建筑装饰、装修和其他建筑业
002620,2017,建筑装饰、装修和其他建筑业
002620,2018,建筑装饰、装修和其他建筑业
002620,2019,建筑装饰、装修和其他建筑业
002621,2015,专用设备制造业
002621,2016,专用设备制造业
002621,2017,专用设备制造业
002621,2018,专用设备制造业
002621,2019,教育
002622,2015,电气机械和器材制造业
002622,2016,电气机械和器材制造业
002622,2017,电气机械和器材制造业
002622,2018,电气机械和器材制造业
002622,2019,电气机械和器材制造业
002623,2015,非金属矿物制品业
002623,2016,非金属矿物制品业
002623,2017,非金属矿物制品业
002623,2018,非金属矿物制品业
002623,2019,非金属矿物制品业
002624,2015,广播、电视、电影和录音制作业
002624,2016,互联网和相关服务
002624,2017,互联网和相关服务
002624,2018,互联网和相关服务
002624,2019,互联网和相关服务
002625,2015,汽车制造业
002625,2016,汽车制造业
002625,2017,汽车制造业
002625,2018,汽车制造业
002625,2019,汽车制造业
002626,2015,食品制造业
002626,2016,食品制造业
002626,2017,食品制造业
002626,2018,食品制造业
002626,2019,食品制造业
002627,2015,道路运输业
002627,2016,道路运输业
002627,2017,道路运输业
002627,2018,道路运输业
002627,2019,道路运输业
002628,2015,土木工程建筑业
002628,2016,土木工程建筑业
002628,2017,土木工程建筑业
002628,2018,土木工程建筑业
002628,2019,土木工程建筑业
002629,2015,开采专业及辅助性活动
002629,2016,开采专业及辅助性活动
002629,2017,开采专业及辅助性活动
002629,2018,开采专业及辅助性活动
002629,2019,开采专业及辅助性活动
002630,2015,通用设备制造业
002630,2016,通用设备制造业
002630,2017,通用设备制造业
002630,2018,通用设备制造业
002630,2019,通用设备制造业
002631,2015,木材加工和木、竹、藤、棕、草制品业
002631,2016,木材加工和木、竹、藤、棕、草制品业
002631,2017,木材加工和木、竹、藤、棕、草制品业
002631,2018,木材加工和木、竹、藤、棕、草制品业
002631,2019,木材加工和木、竹、藤、棕、草制品业
002632,2015,化学原料和化学制品制造业
002632,2016,化学原料和化学制品制造业
002632,2017,化学原料和化学制品制造业
002632,2018,化学原料和化学制品制造业
002632,2019,化学原料和化学制品制造业
002633,2015,通用设备制造业
002633,2016,通用设备制造业
002633,2017,通用设备制造业
002633,2018,通用设备制造业
002633,2019,通用设备制造业
002634,2015,纺织服装、服饰业
002634,2016,纺织服装、服饰业
002634,2017,纺织服装、服饰业
002634,2018,纺织服装、服饰业
002634,2019,纺织服装、服饰业
002635,2015,计算机、通信和其他电子设备制造业
002635,2016,计算机、通信和其他电子设备制造业
002635,2017,计算机、通信和其他电子设备制造业
002635,2018,计算机、通信和其他电子设备制造业
002635,2019,计算机、通信和其他电子设备制造业
002636,2015,计算机、通信和其他电子设备制造业
002636,2016,计算机、通信和其他电子设备制造业
002636,2017,计算机、通信和其他电子设备制造业
002636,2018,计算机、通信和其他电子设备制造业
002636,2019,计算机、通信和其他电子设备制造业
002637,2015,化学原料和化学制品制造业
002637,2016,化学原料和化学制品制造业
002637,2017,化学原料和化学制品制造业
002637,2018,化学原料和化学制品制造业
002637,2019,化学原料和化学制品制造业
002638,2015,电气机械和器材制造业
002638,2016,电气机械和器材制造业
002638,2017,电气机械和器材制造业
002638,2018,电气机械和器材制造业
002638,2019,电气机械和器材制造业
002639,2015,通用设备制造业
002639,2016,通用设备制造业
002639,2017,通用设备制造业
002639,2018,通用设备制造业
002639,2019,通用设备制造业
002640,2015,零售业
002640,2016,零售业
002640,2017,零售业
002640,2018,零售业
002640,2019,零售业
002641,2015,橡胶和塑料制品业
002641,2016,橡胶和塑料制品业
002641,2017,橡胶和塑料制品业
002641,2018,橡胶和塑料制品业
002641,2019,橡胶和塑料制品业
002642,2015,软件和信息技术服务业
002642,2016,软件和信息技术服务业
002642,2017,软件和信息技术服务业
002642,2018,软件和信息技术服务业
002642,2019,软件和信息技术服务业
002643,2015,化学原料和化学制品制造业
002643,2016,化学原料和化学制品制造业
002643,2017,化学原料和化学制品制造业
002643,2018,化学原料和化学制品制造业
002643,2019,化学原料和化学制品制造业
002644,2015,医药制造业
002644,2016,医药制造业
002644,2017,医药制造业
002644,2018,医药制造业
002644,2019,医药制造业
002645,2015,专用设备制造业
002645,2016,专用设备制造业
002645,2017,专用设备制造业
002645,2018,专用设备制造业
002645,2019,专用设备制造业
002646,2015,酒、饮料和精制茶制造业
002646,2016,酒、饮料和精制茶制造业
002646,2017,酒、饮料和精制茶制造业
002646,2018,酒、饮料和精制茶制造业
002646,2019,酒、饮料和精制茶制造业
002648,2015,化学原料和化学制品制造业
002648,2016,化学原料和化学制品制造业
002648,2017,化学原料和化学制品制造业
002648,2018,化学原料和化学制品制造业
002648,2019,化学原料和化学制品制造业
002649,2015,软件和信息技术服务业
002649,2016,软件和信息技术服务业
002649,2017,软件和信息技术服务业
002649,2018,软件和信息技术服务业
002649,2019,软件和信息技术服务业
002650,2015,食品制造业
002650,2016,食品制造业
002650,2017,食品制造业
002650,2018,食品制造业
002650,2019,食品制造业
002651,2015,专用设备制造业
002651,2016,专用设备制造业
002651,2017,专用设备制造业
002651,2018,专用设备制造业
002651,2019,专用设备制造业
002652,2015,金属制品业
002652,2016,金属制品业
002652,2017,金属制品业
002652,2018,金属制品业
002652,2019,金属制品业
002653,2015,医药制造业
002653,2016,医药制造业
002653,2017,医药制造业
002653,2018,医药制造业
002653,2019,医药制造业
002654,2015,计算机、通信和其他电子设备制造业
002654,2016,计算机、通信和其他电子设备制造业
002654,2017,计算机、通信和其他电子设备制造业
002654,2018,计算机、通信和其他电子设备制造业
002654,2019,商务服务业
002655,2015,计算机、通信和其他电子设备制造业
002655,2016,计算机、通信和其他电子设备制造业
002655,2017,计算机、通信和其他电子设备制造业
002655,2018,计算机、通信和其他电子设备制造业
002655,2019,计算机、通信和其他电子设备制造业
002656,2015,纺织服装、服饰业
002656,2016,纺织服装、服饰业
002656,2017,纺织服装、服饰业
002656,2018,纺织服装、服饰业
002656,2019,纺织服装、服饰业
002657,2015,软件和信息技术服务业
002657,2016,软件和信息技术服务业
002657,2017,软件和信息技术服务业
002657,2018,软件和信息技术服务业
002657,2019,软件和信息技术服务业
002658,2015,仪器仪表制造业
002658,2016,仪器仪表制造业
002658,2017,仪器仪表制造业
002658,2018,仪器仪表制造业
002658,2019,仪器仪表制造业
002659,2015,土木工程建筑业
002659,2016,土木工程建筑业
002659,2017,土木工程建筑业
002659,2018,土木工程建筑业
002659,2019,教育
002660,2015,计算机、通信和其他电子设备制造业
002660,2016,计算机、通信和其他电子设备制造业
002660,2017,计算机、通信和其他电子设备制造业
002660,2018,计算机、通信和其他电子设备制造业
002660,2019,计算机、通信和其他电子设备制造业
002661,2015,食品制造业
002661,2016,食品制造业
002661,2017,食品制造业
002661,2018,食品制造业
002661,2019,食品制造业
002662,2015,汽车制造业
002662,2016,汽车制造业
002662,2017,汽车制造业
002662,2018,汽车制造业
002662,2019,汽车制造业
002663,2015,土木工程建筑业
002663,2016,土木工程建筑业
002663,2017,土木工程建筑业
002663,2018,土木工程建筑业
002663,2019,土木工程建筑业
002664,2015,汽车制造业
002664,2016,汽车制造业
002664,2017,汽车制造业
002664,2018,汽车制造业
002664,2019,汽车制造业
002665,2015,电气机械和器材制造业
002665,2016,电气机械和器材制造业
002665,2017,电气机械和器材制造业
002665,2018,电气机械和器材制造业
002665,2019,电气机械和器材制造业
002666,2015,化学原料和化学制品制造业
002666,2016,化学原料和化学制品制造业
002666,2017,化学原料和化学制品制造业
002666,2018,化学原料和化学制品制造业
002666,2019,化学原料和化学制品制造业
002667,2015,专用设备制造业
002667,2016,专用设备制造业
002667,2017,专用设备制造业
002667,2018,专用设备制造业
002667,2019,专用设备制造业
002668,2015,电气机械和器材制造业
002668,2016,电气机械和器材制造业
002668,2017,电气机械和器材制造业
002668,2018,电气机械和器材制造业
002668,2019,电气机械和器材制造业
002669,2015,化学原料和化学制品制造业
002669,2016,化学原料和化学制品制造业
002669,2017,化学原料和化学制品制造业
002669,2018,化学原料和化学制品制造业
002669,2019,化学原料和化学制品制造业
002671,2015,非金属矿物制品业
002671,2016,非金属矿物制品业
002671,2017,非金属矿物制品业
002671,2018,非金属矿物制品业
002671,2019,非金属矿物制品业
002672,2015,生态保护和环境治理业
002672,2016,废弃资源综合利用业
002672,2017,废弃资源综合利用业
002672,2018,废弃资源综合利用业
002672,2019,废弃资源综合利用业
002674,2015,皮革、毛皮、羽毛及其制品和制鞋业
002674,2016,皮革、毛皮、羽毛及其制品和制鞋业
002674,2017,皮革、毛皮、羽毛及其制品和制鞋业
002674,2018,皮革、毛皮、羽毛及其制品和制鞋业
002674,2019,皮革、毛皮、羽毛及其制品和制鞋业
002675,2015,医药制造业
002675,2016,医药制造业
002675,2017,医药制造业
002675,2018,医药制造业
002675,2019,医药制造业
002676,2015,橡胶和塑料制品业
002676,2016,橡胶和塑料制品业
002676,2017,橡胶和塑料制品业
002676,2018,橡胶和塑料制品业
002676,2019,橡胶和塑料制品业
002677,2015,电气机械和器材制造业
002677,2016,电气机械和器材制造业
002677,2017,电气机械和器材制造业
002677,2018,电气机械和器材制造业
002677,2019,电气机械和器材制造业
002678,2015,文教、工美、体育和娱乐用品制造业
002678,2016,文教、工美、体育和娱乐用品制造业
002678,2017,文教、工美、体育和娱乐用品制造业
002678,2018,文教、工美、体育和娱乐用品制造业
002678,2019,文教、工美、体育和娱乐用品制造业
002679,2015,林业
002679,2016,林业
002679,2017,林业
002679,2018,林业
002679,2019,林业
002680,2015,专用设备制造业
002680,2016,医药制造业
002680,2017,医药制造业
002681,2015,计算机、通信和其他电子设备制造业
002681,2016,计算机、通信和其他电子设备制造业
002681,2017,计算机、通信和其他电子设备制造业
002681,2018,计算机、通信和其他电子设备制造业
002681,2019,计算机、通信和其他电子设备制造业
002682,2015,道路运输业
002682,2016,道路运输业
002682,2017,道路运输业
002682,2018,道路运输业
002682,2019,道路运输业
002683,2015,开采专业及辅助性活动
002683,2016,开采专业及辅助性活动
002683,2017,开采专业及辅助性活动
002683,2018,开采专业及辅助性活动
002683,2019,开采专业及辅助性活动
002684,2015,电气机械和器材制造业
002684,2016,电气机械和器材制造业
002684,2017,电气机械和器材制造业
002684,2018,电气机械和器材制造业
002684,2019,电气机械和器材制造业
002685,2015,通用设备制造业
002685,2016,通用设备制造业
002685,2017,通用设备制造业
002685,2018,通用设备制造业
002685,2019,通用设备制造业
002686,2015,通用设备制造业
002686,2016,通用设备制造业
002686,2017,通用设备制造业
002686,2018,通用设备制造业
002686,2019,通用设备制造业
002687,2015,纺织服装、服饰业
002687,2016,纺织服装、服饰业
002687,2017,纺织服装、服饰业
002687,2018,纺织服装、服饰业
002687,2019,纺织服装、服饰业
002688,2015,医药制造业
002688,2016,医药制造业
002688,2017,医药制造业
002688,2018,医药制造业
002688,2019,医药制造业
002689,2015,通用设备制造业
002689,2016,通用设备制造业
002689,2017,通用设备制造业
002689,2018,通用设备制造业
002689,2019,通用设备制造业
002690,2015,专用设备制造业
002690,2016,专用设备制造业
002690,2017,专用设备制造业
002690,2018,专用设备制造业
002690,2019,专用设备制造业
002691,2015,专用设备制造业
002691,2016,专用设备制造业
002691,2017,专用设备制造业
002691,2018,专用设备制造业
002691,2019,专用设备制造业
002692,2015,电气机械和器材制造业
002692,2016,电气机械和器材制造业
002692,2017,电气机械和器材制造业
002692,2018,电气机械和器材制造业
002692,2019,电气机械和器材制造业
002693,2015,医药制造业
002693,2016,医药制造业
002693,2017,医药制造业
002693,2018,医药制造业
002693,2019,医药制造业
002694,2015,橡胶和塑料制品业
002694,2016,橡胶和塑料制品业
002694,2017,橡胶和塑料制品业
002694,2018,橡胶和塑料制品业
002694,2019,橡胶和塑料制品业
002695,2015,农副食品加工业
002695,2016,农副食品加工业
002695,2017,农副食品加工业
002695,2018,农副食品加工业
002695,2019,农副食品加工业
002696,2015,渔业
002696,2016,渔业
002696,2017,渔业
002696,2018,渔业
002696,2019,渔业
002697,2015,零售业
002697,2016,零售业
002697,2017,零售业
002697,2018,零售业
002697,2019,零售业
002698,2015,专用设备制造业
002698,2016,专用设备制造业
002698,2017,专用设备制造业
002698,2018,专用设备制造业
002698,2019,专用设备制造业
002699,2015,文化艺术业
002699,2016,文化艺术业
002699,2017,文化艺术业
002699,2018,文化艺术业
002699,2019,文化艺术业
002700,2015,燃气生产和供应业
002700,2016,燃气生产和供应业
002700,2017,燃气生产和供应业
002700,2018,燃气生产和供应业
002700,2019,燃气生产和供应业
002701,2015,金属制品业
002701,2016,金属制品业
002701,2017,金属制品业
002701,2018,金属制品业
002701,2019,金属制品业
002702,2015,农副食品加工业
002702,2016,农副食品加工业
002702,2017,农副食品加工业
002702,2018,农副食品加工业
002702,2019,农副食品加工业
002703,2015,汽车制造业
002703,2016,汽车制造业
002703,2017,汽车制造业
002703,2018,汽车制造业
002703,2019,汽车制造业
002705,2015,电气机械和器材制造业
002705,2016,电气机械和器材制造业
002705,2017,电气机械和器材制造业
002705,2018,电气机械和器材制造业
002705,2019,电气机械和器材制造业
002706,2015,电气机械和器材制造业
002706,2016,电气机械和器材制造业
002706,2017,电气机械和器材制造业
002706,2018,电气机械和器材制造业
002706,2019,电气机械和器材制造业
002707,2015,商务服务业
002707,2016,商务服务业
002707,2017,商务服务业
002707,2018,商务服务业
002707,2019,商务服务业
002708,2015,汽车制造业
002708,2016,汽车制造业
002708,2017,汽车制造业
002708,2018,汽车制造业
002708,2019,汽车制造业
002709,2015,化学原料和化学制品制造业
002709,2016,化学原料和化学制品制造业
002709,2017,化学原料和化学制品制造业
002709,2018,化学原料和化学制品制造业
002709,2019,化学原料和化学制品制造业
002711,2015,装卸搬运和仓储业
002711,2016,装卸搬运和仓储业
002711,2017,装卸搬运和仓储业
002711,2018,装卸搬运和仓储业
002711,2019,装卸搬运和仓储业
002712,2015,商务服务业
002712,2016,商务服务业
002712,2017,商务服务业
002712,2018,商务服务业
002712,2019,商务服务业
002713,2015,建筑装饰、装修和其他建筑业
002713,2016,建筑装饰、装修和其他建筑业
002713,2017,建筑装饰、装修和其他建筑业
002713,2018,建筑装饰、装修和其他建筑业
002713,2019,建筑装饰、装修和其他建筑业
002714,2015,畜牧业
002714,2016,畜牧业
002714,2017,畜牧业
002714,2018,畜牧业
002714,2019,畜牧业
002715,2015,汽车制造业
002715,2016,汽车制造业
002715,2017,汽车制造业
002715,2018,汽车制造业
002715,2019,汽车制造业
002716,2015,有色金属冶炼和压延加工业
002716,2016,有色金属冶炼和压延加工业
002716,2017,有色金属冶炼和压延加工业
002716,2018,有色金属冶炼和压延加工业
002716,2019,有色金属冶炼和压延加工业
002717,2015,土木工程建筑业
002717,2016,土木工程建筑业
002717,2017,土木工程建筑业
002717,2018,生态保护和环境治理业
002717,2019,生态保护和环境治理业
002718,2015,其他制造业
002718,2016,其他制造业
002718,2017,其他制造业
002718,2018,其他制造业
002718,2019,其他制造业
002719,2015,食品制造业
002719,2016,食品制造业
002719,2017,食品制造业
002719,2018,食品制造业
002719,2019,食品制造业
002721,2015,其他制造业
002721,2016,其他制造业
002721,2017,其他制造业
002721,2018,其他制造业
002721,2019,其他制造业
002722,2015,专用设备制造业
002722,2016,金属制品业
002722,2017,金属制品业
002722,2018,金属制品业
002722,2019,金属制品业
002723,2015,电气机械和器材制造业
002723,2016,电气机械和器材制造业
002723,2017,电气机械和器材制造业
002723,2018,电气机械和器材制造业
002723,2019,电气机械和器材制造业
002724,2015,电气机械和器材制造业
002724,2016,电气机械和器材制造业
002724,2017,电气机械和器材制造业
002724,2018,电气机械和器材制造业
002724,2019,电气机械和器材制造业
002725,2015,汽车制造业
002725,2016,汽车制造业
002725,2017,汽车制造业
002725,2018,汽车制造业
002725,2019,汽车制造业
002726,2015,农副食品加工业
002726,2016,农副食品加工业
002726,2017,农副食品加工业
002726,2018,农副食品加工业
002726,2019,农副食品加工业
002727,2015,零售业
002727,2016,零售业
002727,2017,零售业
002727,2018,零售业
002727,2019,零售业
002728,2015,医药制造业
002728,2016,医药制造业
002728,2017,医药制造业
002728,2018,医药制造业
002728,2019,医药制造业
002729,2015,计算机、通信和其他电子设备制造业
002729,2016,计算机、通信和其他电子设备制造业
002729,2017,计算机、通信和其他电子设备制造业
002729,2018,计算机、通信和其他电子设备制造业
002729,2019,计算机、通信和其他电子设备制造业
002730,2015,专用设备制造业
002730,2016,专用设备制造业
002730,2017,专用设备制造业
002730,2018,专用设备制造业
002730,2019,专用设备制造业
002731,2015,其他制造业
002731,2016,其他制造业
002731,2017,其他制造业
002731,2018,其他制造业
002731,2019,其他制造业
002732,2015,食品制造业
002732,2016,食品制造业
002732,2017,食品制造业
002732,2018,食品制造业
002732,2019,食品制造业
002733,2015,电气机械和器材制造业
002733,2016,电气机械和器材制造业
002733,2017,电气机械和器材制造业
002733,2018,电气机械和器材制造业
002733,2019,电气机械和器材制造业
002734,2015,化学原料和化学制品制造业
002734,2016,化学原料和化学制品制造业
002734,2017,化学原料和化学制品制造业
002734,2018,化学原料和化学制品制造业
002734,2019,化学原料和化学制品制造业
002735,2015,橡胶和塑料制品业
002735,2016,橡胶和塑料制品业
002735,2017,橡胶和塑料制品业
002735,2018,橡胶和塑料制品业
002735,2019,橡胶和塑料制品业
002737,2015,医药制造业
002737,2016,医药制造业
002737,2017,医药制造业
002737,2018,医药制造业
002737,2019,医药制造业
002738,2015,专业技术服务业
002738,2016,专业技术服务业
002738,2017,专业技术服务业
002738,2018,专业技术服务业
002738,2019,专业技术服务业
002739,2015,广播、电视、电影和录音制作业
002739,2016,广播、电视、电影和录音制作业
002739,2017,广播、电视、电影和录音制作业
002739,2018,广播、电视、电影和录音制作业
002739,2019,广播、电视、电影和录音制作业
002740,2015,纺织服装、服饰业
002740,2016,纺织服装、服饰业
002740,2017,纺织服装、服饰业
002740,2018,纺织服装、服饰业
002740,2019,纺织服装、服饰业
002741,2015,化学原料和化学制品制造业
002741,2016,化学原料和化学制品制造业
002741,2017,化学原料和化学制品制造业
002741,2018,化学原料和化学制品制造业
002741,2019,化学原料和化学制品制造业
002742,2015,非金属矿物制品业
002742,2016,非金属矿物制品业
002742,2017,非金属矿物制品业
002742,2018,非金属矿物制品业
002742,2019,非金属矿物制品业
002743,2015,金属制品业
002743,2016,金属制品业
002743,2017,金属制品业
002743,2018,金属制品业
002743,2019,金属制品业
002745,2015,计算机、通信和其他电子设备制造业
002745,2016,计算机、通信和其他电子设备制造业
002745,2017,计算机、通信和其他电子设备制造业
002745,2018,计算机、通信和其他电子设备制造业
002745,2019,计算机、通信和其他电子设备制造业
002746,2015,畜牧业
002746,2016,畜牧业
002746,2017,畜牧业
002746,2018,畜牧业
002746,2019,畜牧业
002747,2015,仪器仪表制造业
002747,2016,仪器仪表制造业
002747,2017,仪器仪表制造业
002747,2018,仪器仪表制造业
002747,2019,仪器仪表制造业
002748,2015,化学原料和化学制品制造业
002748,2016,化学原料和化学制品制造业
002748,2017,化学原料和化学制品制造业
002748,2018,化学原料和化学制品制造业
002748,2019,化学原料和化学制品制造业
002749,2015,化学原料和化学制品制造业
002749,2016,化学原料和化学制品制造业
002749,2017,化学原料和化学制品制造业
002749,2018,化学原料和化学制品制造业
002749,2019,化学原料和化学制品制造业
002750,2015,医药制造业
002750,2016,医药制造业
002750,2017,医药制造业
002750,2018,医药制造业
002750,2019,医药制造业
002751,2015,家具制造业
002751,2016,家具制造业
002751,2017,家具制造业
002751,2018,家具制造业
002751,2019,家具制造业
002752,2015,金属制品业
002752,2016,金属制品业
002752,2017,金属制品业
002752,2018,金属制品业
002752,2019,金属制品业
002753,2015,化学原料和化学制品制造业
002753,2016,化学原料和化学制品制造业
002753,2017,化学原料和化学制品制造业
002753,2018,化学原料和化学制品制造业
002753,2019,化学原料和化学制品制造业
002755,2015,土木工程建筑业
002755,2016,土木工程建筑业
002755,2017,土木工程建筑业
002755,2018,土木工程建筑业
002755,2019,医药制造业
002756,2015,黑色金属冶炼和压延加工业
002756,2016,黑色金属冶炼和压延加工业
002756,2017,黑色金属冶炼和压延加工业
002756,2018,黑色金属冶炼和压延加工业
002756,2019,黑色金属冶炼和压延加工业
002757,2015,专用设备制造业
002757,2016,专用设备制造业
002757,2017,专用设备制造业
002757,2018,专用设备制造业
002757,2019,专用设备制造业
002758,2015,批发业
002758,2016,批发业
002758,2017,批发业
002758,2018,批发业
002758,2019,批发业
002759,2015,电气机械和器材制造业
002759,2016,电气机械和器材制造业
002759,2017,电气机械和器材制造业
002759,2018,电气机械和器材制造业
002759,2019,电气机械和器材制造业
002760,2015,金属制品业
002760,2016,金属制品业
002760,2017,金属制品业
002760,2018,金属制品业
002760,2019,金属制品业
002761,2015,纺织业
002761,2016,纺织业
002761,2017,纺织业
002761,2018,纺织业
002761,2019,纺织业
002762,2015,纺织服装、服饰业
002762,2016,纺织服装、服饰业
002762,2017,纺织服装、服饰业
002762,2018,纺织服装、服饰业
002762,2019,纺织服装、服饰业
002763,2015,纺织服装、服饰业
002763,2016,纺织服装、服饰业
002763,2017,纺织服装、服饰业
002763,2018,纺织服装、服饰业
002763,2019,纺织服装、服饰业
002765,2015,汽车制造业
002765,2016,汽车制造业
002765,2017,汽车制造业
002765,2018,汽车制造业
002765,2019,汽车制造业
002766,2015,计算机、通信和其他电子设备制造业
002766,2016,计算机、通信和其他电子设备制造业
002766,2017,计算机、通信和其他电子设备制造业
002766,2018,计算机、通信和其他电子设备制造业
002766,2019,计算机、通信和其他电子设备制造业
002767,2015,仪器仪表制造业
002767,2016,仪器仪表制造业
002767,2017,仪器仪表制造业
002767,2018,仪器仪表制造业
002767,2019,仪器仪表制造业
002768,2015,橡胶和塑料制品业
002768,2016,橡胶和塑料制品业
002768,2017,橡胶和塑料制品业
002768,2018,橡胶和塑料制品业
002768,2019,橡胶和塑料制品业
002769,2015,商务服务业
002769,2016,商务服务业
002769,2017,商务服务业
002769,2018,商务服务业
002769,2019,商务服务业
002770,2015,食品制造业
002770,2016,食品制造业
002770,2017,食品制造业
002770,2018,食品制造业
002770,2019,食品制造业
002771,2015,软件和信息技术服务业
002771,2016,软件和信息技术服务业
002771,2017,软件和信息技术服务业
002771,2018,软件和信息技术服务业
002771,2019,软件和信息技术服务业
002772,2015,农业
002772,2016,农业
002772,2017,农业
002772,2018,农业
002772,2019,农业
002773,2015,医药制造业
002773,2016,医药制造业
002773,2017,医药制造业
002773,2018,医药制造业
002773,2019,医药制造业
002774,2017,通用设备制造业
002774,2018,通用设备制造业
002774,2019,通用设备制造业
002775,2015,土木工程建筑业
002775,2016,土木工程建筑业
002775,2017,土木工程建筑业
002775,2018,土木工程建筑业
002775,2019,土木工程建筑业
002776,2015,专业技术服务业
002776,2016,专业技术服务业
002776,2017,专业技术服务业
002776,2018,专业技术服务业
002776,2019,专业技术服务业
002777,2015,软件和信息技术服务业
002777,2016,软件和信息技术服务业
002777,2017,软件和信息技术服务业
002777,2018,软件和信息技术服务业
002777,2019,软件和信息技术服务业
002778,2015,石油、煤炭及其他燃料加工业
002778,2016,石油、煤炭及其他燃料加工业
002778,2017,石油、煤炭及其他燃料加工业
002778,2018,石油、煤炭及其他燃料加工业
002778,2019,石油、煤炭及其他燃料加工业
002779,2015,专用设备制造业
002779,2016,专用设备制造业
002779,2017,专用设备制造业
002779,2018,专用设备制造业
002779,2019,专用设备制造业
002780,2015,零售业
002780,2016,零售业
002780,2017,零售业
002780,2018,零售业
002780,2019,零售业
002781,2015,建筑装饰、装修和其他建筑业
002781,2016,建筑装饰、装修和其他建筑业
002781,2017,建筑装饰、装修和其他建筑业
002781,2018,建筑装饰、装修和其他建筑业
002781,2019,建筑装饰、装修和其他建筑业
002782,2015,计算机、通信和其他电子设备制造业
002782,2016,计算机、通信和其他电子设备制造业
002782,2017,计算机、通信和其他电子设备制造业
002782,2018,计算机、通信和其他电子设备制造业
002782,2019,计算机、通信和其他电子设备制造业
002783,2015,化学原料和化学制品制造业
002783,2016,化学原料和化学制品制造业
002783,2017,化学原料和化学制品制造业
002783,2018,化学原料和化学制品制造业
002783,2019,化学原料和化学制品制造业
002785,2015,非金属矿物制品业
002785,2016,非金属矿物制品业
002785,2017,非金属矿物制品业
002785,2018,非金属矿物制品业
002785,2019,非金属矿物制品业
002786,2015,专用设备制造业
002786,2016,专用设备制造业
002786,2017,专用设备制造业
002786,2018,专用设备制造业
002786,2019,专用设备制造业
002787,2015,金属制品业
002787,2016,金属制品业
002787,2017,金属制品业
002787,2018,金属制品业
002787,2019,金属制品业
002788,2015,批发业
002788,2016,批发业
002788,2017,批发业
002788,2018,批发业
002788,2019,批发业
002789,2015,建筑装饰、装修和其他建筑业
002789,2016,建筑装饰、装修和其他建筑业
002789,2017,建筑装饰、装修和其他建筑业
002789,2018,建筑装饰、装修和其他建筑业
002789,2019,建筑装饰、装修和其他建筑业
002790,2015,橡胶和塑料制品业
002790,2016,橡胶和塑料制品业
002790,2017,橡胶和塑料制品业
002790,2018,橡胶和塑料制品业
002790,2019,橡胶和塑料制品业
002791,2015,金属制品业
002791,2016,金属制品业
002791,2017,金属制品业
002791,2018,金属制品业
002791,2019,金属制品业
002792,2015,计算机、通信和其他电子设备制造业
002792,2016,计算机、通信和其他电子设备制造业
002792,2017,计算机、通信和其他电子设备制造业
002792,2018,计算机、通信和其他电子设备制造业
002792,2019,计算机、通信和其他电子设备制造业
002793,2016,通用设备制造业
002793,2017,通用设备制造业
002793,2018,通用设备制造业
002793,2019,通用设备制造业
002795,2016,通用设备制造业
002795,2017,通用设备制造业
002795,2018,通用设备制造业
002795,2019,通用设备制造业
002796,2016,金属制品业
002796,2017,金属制品业
002796,2018,金属制品业
002796,2019,金属制品业
002798,2016,家具制造业
002798,2017,家具制造业
002798,2018,家具制造业
002798,2019,家具制造业
002799,2016,造纸和纸制品业
002799,2017,造纸和纸制品业
002799,2018,造纸和纸制品业
002799,2019,造纸和纸制品业
002800,2016,道路运输业
002800,2017,道路运输业
002800,2018,道路运输业
002800,2019,道路运输业
002801,2016,电气机械和器材制造业
002801,2017,电气机械和器材制造业
002801,2018,电气机械和器材制造业
002801,2019,电气机械和器材制造业
002802,2016,化学原料和化学制品制造业
002802,2017,化学原料和化学制品制造业
002802,2018,化学原料和化学制品制造业
002802,2019,化学原料和化学制品制造业
002803,2016,印刷和记录媒介复制业
002803,2017,印刷和记录媒介复制业
002803,2018,印刷和记录媒介复制业
002803,2019,印刷和记录媒介复制业
002805,2016,化学原料和化学制品制造业
002805,2017,化学原料和化学制品制造业
002805,2018,化学原料和化学制品制造业
002805,2019,化学原料和化学制品制造业
002806,2016,计算机、通信和其他电子设备制造业
002806,2017,计算机、通信和其他电子设备制造业
002806,2018,计算机、通信和其他电子设备制造业
002806,2019,计算机、通信和其他电子设备制造业
002808,2016,通用设备制造业
002808,2017,通用设备制造业
002808,2018,通用设备制造业
002808,2019,通用设备制造业
002809,2016,化学原料和化学制品制造业
002809,2017,化学原料和化学制品制造业
002809,2018,化学原料和化学制品制造业
002809,2019,化学原料和化学制品制造业
002810,2016,化学原料和化学制品制造业
002810,2017,化学原料和化学制品制造业
002810,2018,化学原料和化学制品制造业
002810,2019,化学原料和化学制品制造业
002811,2016,建筑装饰、装修和其他建筑业
002811,2017,建筑装饰、装修和其他建筑业
002811,2018,建筑装饰、装修和其他建筑业
002811,2019,建筑装饰、装修和其他建筑业
002812,2016,橡胶和塑料制品业
002812,2017,橡胶和塑料制品业
002812,2018,橡胶和塑料制品业
002812,2019,橡胶和塑料制品业
002813,2016,计算机、通信和其他电子设备制造业
002813,2017,计算机、通信和其他电子设备制造业
002813,2018,计算机、通信和其他电子设备制造业
002813,2019,计算机、通信和其他电子设备制造业
002815,2016,计算机、通信和其他电子设备制造业
002815,2017,计算机、通信和其他电子设备制造业
002815,2018,计算机、通信和其他电子设备制造业
002815,2019,计算机、通信和其他电子设备制造业
002816,2016,通用设备制造业
002816,2017,通用设备制造业
002816,2018,通用设备制造业
002816,2019,通用设备制造业
002817,2016,医药制造业
002817,2017,医药制造业
002817,2018,医药制造业
002817,2019,医药制造业
002818,2016,商务服务业
002818,2017,商务服务业
002818,2018,商务服务业
002818,2019,商务服务业
002819,2016,批发业
002819,2017,批发业
002819,2018,批发业
002819,2019,批发业
002820,2016,食品制造业
002820,2017,食品制造业
002820,2018,食品制造业
002820,2019,食品制造业
002821,2016,医药制造业
002821,2017,医药制造业
002821,2018,医药制造业
002821,2019,医药制造业
002822,2016,建筑装饰、装修和其他建筑业
002822,2017,建筑装饰、装修和其他建筑业
002822,2018,建筑装饰、装修和其他建筑业
002822,2019,建筑装饰、装修和其他建筑业
002823,2016,电气机械和器材制造业
002823,2017,电气机械和器材制造业
002823,2018,电气机械和器材制造业
002823,2019,电气机械和器材制造业
002824,2016,有色金属冶炼和压延加工业
002824,2017,有色金属冶炼和压延加工业
002824,2018,有色金属冶炼和压延加工业
002824,2019,有色金属冶炼和压延加工业
002825,2016,橡胶和塑料制品业
002825,2017,橡胶和塑料制品业
002825,2018,橡胶和塑料制品业
002825,2019,橡胶和塑料制品业
002826,2016,医药制造业
002826,2017,医药制造业
002826,2018,医药制造业
002826,2019,医药制造业
002827,2016,化学原料和化学制品制造业
002827,2017,化学原料和化学制品制造业
002827,2018,化学原料和化学制品制造业
002827,2019,化学原料和化学制品制造业
002828,2016,开采专业及辅助性活动
002828,2017,开采专业及辅助性活动
002828,2018,开采专业及辅助性活动
002828,2019,开采专业及辅助性活动
002829,2016,计算机、通信和其他电子设备制造业
002829,2017,计算机、通信和其他电子设备制造业
002829,2018,计算机、通信和其他电子设备制造业
002829,2019,计算机、通信和其他电子设备制造业
002830,2016,建筑装饰、装修和其他建筑业
002830,2017,建筑装饰、装修和其他建筑业
002830,2018,建筑装饰、装修和其他建筑业
002830,2019,建筑装饰、装修和其他建筑业
002831,2016,造纸和纸制品业
002831,2017,造纸和纸制品业
002831,2018,造纸和纸制品业
002831,2019,造纸和纸制品业
002832,2016,纺织服装、服饰业
002832,2017,纺织服装、服饰业
002832,2018,纺织服装、服饰业
002832,2019,纺织服装、服饰业
002833,2016,专用设备制造业
002833,2017,专用设备制造业
002833,2018,专用设备制造业
002833,2019,专用设备制造业
002835,2016,计算机、通信和其他电子设备制造业
002835,2017,计算机、通信和其他电子设备制造业
002835,2018,计算机、通信和其他电子设备制造业
002835,2019,计算机、通信和其他电子设备制造业
002836,2016,印刷和记录媒介复制业
002836,2017,印刷和记录媒介复制业
002836,2018,印刷和记录媒介复制业
002836,2019,印刷和记录媒介复制业
002837,2016,专用设备制造业
002837,2017,专用设备制造业
002837,2018,专用设备制造业
002837,2019,专用设备制造业
002838,2016,橡胶和塑料制品业
002838,2017,橡胶和塑料制品业
002838,2018,橡胶和塑料制品业
002838,2019,橡胶和塑料制品业
002840,2016,农副食品加工业
002840,2017,农副食品加工业
002840,2018,农副食品加工业
002840,2019,农副食品加工业
002841,2016,计算机、通信和其他电子设备制造业
002841,2017,计算机、通信和其他电子设备制造业
002841,2018,计算机、通信和其他电子设备制造业
002841,2019,计算机、通信和其他电子设备制造业
002842,2016,有色金属冶炼和压延加工业
002842,2017,有色金属冶炼和压延加工业
002842,2018,有色金属冶炼和压延加工业
002842,2019,有色金属冶炼和压延加工业
002843,2016,金属制品业
002843,2017,金属制品业
002843,2018,金属制品业
002843,2019,金属制品业
002845,2016,计算机、通信和其他电子设备制造业
002845,2017,计算机、通信和其他电子设备制造业
002845,2018,计算机、通信和其他电子设备制造业
002845,2019,计算机、通信和其他电子设备制造业
002846,2017,金属制品业
002846,2018,金属制品业
002846,2019,金属制品业
002847,2016,食品制造业
002847,2017,食品制造业
002847,2018,食品制造业
002847,2019,食品制造业
002848,2016,计算机、通信和其他电子设备制造业
002848,2017,计算机、通信和其他电子设备制造业
002848,2018,计算机、通信和其他电子设备制造业
002848,2019,计算机、通信和其他电子设备制造业
002849,2017,仪器仪表制造业
002849,2018,仪器仪表制造业
002849,2019,仪器仪表制造业
002850,2017,金属制品业
002850,2018,金属制品业
002850,2019,金属制品业
002851,2017,电气机械和器材制造业
002851,2018,电气机械和器材制造业
002851,2019,电气机械和器材制造业
002852,2017,农副食品加工业
002852,2018,农副食品加工业
002852,2019,农副食品加工业
002853,2017,家具制造业
002853,2018,家具制造业
002853,2019,家具制造业
002855,2017,计算机、通信和其他电子设备制造业
002855,2018,计算机、通信和其他电子设备制造业
002855,2019,计算机、通信和其他电子设备制造业
002856,2017,建筑装饰、装修和其他建筑业
002856,2018,建筑装饰、装修和其他建筑业
002856,2019,建筑装饰、装修和其他建筑业
002857,2016,仪器仪表制造业
002857,2017,仪器仪表制造业
002857,2018,仪器仪表制造业
002857,2019,仪器仪表制造业
002858,2017,体育
002858,2018,体育
002858,2019,体育
002859,2017,计算机、通信和其他电子设备制造业
002859,2018,计算机、通信和其他电子设备制造业
002859,2019,计算机、通信和其他电子设备制造业
002860,2017,电气机械和器材制造业
002860,2018,电气机械和器材制造业
002860,2019,电气机械和器材制造业
002861,2017,计算机、通信和其他电子设备制造业
002861,2018,计算机、通信和其他电子设备制造业
002861,2019,计算机、通信和其他电子设备制造业
002862,2017,文教、工美、体育和娱乐用品制造业
002862,2018,文教、工美、体育和娱乐用品制造业
002862,2019,文教、工美、体育和娱乐用品制造业
002863,2017,汽车制造业
002863,2018,汽车制造业
002863,2019,汽车制造业
002864,2017,医药制造业
002864,2018,医药制造业
002864,2019,医药制造业
002865,2017,汽车制造业
002865,2018,汽车制造业
002865,2019,汽车制造业
002866,2017,计算机、通信和其他电子设备制造业
002866,2018,计算机、通信和其他电子设备制造业
002866,2019,计算机、通信和其他电子设备制造业
002867,2017,零售业
002867,2018,零售业
002867,2019,零售业
002868,2017,医药制造业
002868,2018,医药制造业
002868,2019,医药制造业
002869,2017,计算机、通信和其他电子设备制造业
002869,2018,计算机、通信和其他电子设备制造业
002869,2019,计算机、通信和其他电子设备制造业
002870,2017,仪器仪表制造业
002870,2018,仪器仪表制造业
002870,2019,仪器仪表制造业
002871,2017,通用设备制造业
002871,2018,通用设备制造业
002871,2019,通用设备制造业
002872,2017,批发业
002872,2018,批发业
002872,2019,批发业
002873,2017,医药制造业
002873,2018,医药制造业
002873,2019,医药制造业
002875,2017,纺织服装、服饰业
002875,2018,纺织服装、服饰业
002875,2019,纺织服装、服饰业
002876,2017,计算机、通信和其他电子设备制造业
002876,2018,计算机、通信和其他电子设备制造业
002876,2019,计算机、通信和其他电子设备制造业
002877,2017,仪器仪表制造业
002877,2018,仪器仪表制造业
002877,2019,仪器仪表制造业
002878,2017,商务服务业
002878,2018,商务服务业
002878,2019,商务服务业
002879,2017,电气机械和器材制造业
002879,2018,电气机械和器材制造业
002879,2019,电气机械和器材制造业
002880,2017,医药制造业
002880,2018,医药制造业
002880,2019,医药制造业
002881,2017,计算机、通信和其他电子设备制造业
002881,2018,计算机、通信和其他电子设备制造业
002881,2019,计算机、通信和其他电子设备制造业
002882,2017,电气机械和器材制造业
002882,2018,电气机械和器材制造业
002882,2019,电气机械和器材制造业
002883,2017,专业技术服务业
002883,2018,专业技术服务业
002883,2019,专业技术服务业
002884,2017,通用设备制造业
002884,2018,通用设备制造业
002884,2019,通用设备制造业
002885,2017,计算机、通信和其他电子设备制造业
002885,2018,计算机、通信和其他电子设备制造业
002885,2019,计算机、通信和其他电子设备制造业
002886,2017,橡胶和塑料制品业
002886,2018,橡胶和塑料制品业
002886,2019,橡胶和塑料制品业
002887,2017,土木工程建筑业
002887,2018,生态保护和环境治理业
002887,2019,生态保护和环境治理业
002888,2017,计算机、通信和其他电子设备制造业
002888,2018,计算机、通信和其他电子设备制造业
002888,2019,计算机、通信和其他电子设备制造业
002889,2017,商务服务业
002889,2018,商务服务业
002889,2019,商务服务业
002890,2017,专用设备制造业
002890,2018,专用设备制造业
002890,2019,专用设备制造业
002891,2017,农副食品加工业
002891,2018,农副食品加工业
002891,2019,农副食品加工业
002892,2017,电气机械和器材制造业
002892,2018,电气机械和器材制造业
002892,2019,电气机械和器材制造业
002893,2017,电力、热力生产和供应业
002893,2018,电力、热力生产和供应业
002893,2019,电力、热力生产和供应业
002895,2017,化学原料和化学制品制造业
002895,2018,化学原料和化学制品制造业
002895,2019,化学原料和化学制品制造业
002896,2017,通用设备制造业
002896,2018,通用设备制造业
002896,2019,通用设备制造业
002897,2017,计算机、通信和其他电子设备制造业
002897,2018,计算机、通信和其他电子设备制造业
002897,2019,计算机、通信和其他电子设备制造业
002898,2017,医药制造业
002898,2018,医药制造业
002898,2019,医药制造业
002899,2017,文教、工美、体育和娱乐用品制造业
002899,2018,文教、工美、体育和娱乐用品制造业
002899,2019,文教、工美、体育和娱乐用品制造业
002900,2017,医药制造业
002900,2018,医药制造业
002900,2019,医药制造业
002901,2017,专用设备制造业
002901,2018,专用设备制造业
002901,2019,专用设备制造业
002902,2017,计算机、通信和其他电子设备制造业
002902,2018,计算机、通信和其他电子设备制造业
002902,2019,计算机、通信和其他电子设备制造业
002903,2017,通用设备制造业
002903,2018,通用设备制造业
002903,2019,通用设备制造业
002905,2017,广播、电视、电影和录音制作业
002905,2018,广播、电视、电影和录音制作业
002905,2019,广播、电视、电影和录音制作业
002906,2017,计算机、通信和其他电子设备制造业
002906,2018,计算机、通信和其他电子设备制造业
002906,2019,计算机、通信和其他电子设备制造业
002907,2017,医药制造业
002907,2018,医药制造业
002907,2019,医药制造业
002908,2017,软件和信息技术服务业
002908,2018,软件和信息技术服务业
002908,2019,软件和信息技术服务业
002909,2017,化学原料和化学制品制造业
002909,2018,化学原料和化学制品制造业
002909,2019,化学原料和化学制品制造业
002910,2017,食品制造业
002910,2018,食品制造业
002910,2019,食品制造业
002911,2017,燃气生产和供应业
002911,2018,燃气生产和供应业
002911,2019,燃气生产和供应业
002912,2017,软件和信息技术服务业
002912,2018,软件和信息技术服务业
002912,2019,软件和信息技术服务业
002913,2017,计算机、通信和其他电子设备制造业
002913,2018,计算机、通信和其他电子设备制造业
002913,2019,计算机、通信和其他电子设备制造业
002915,2017,化学原料和化学制品制造业
002915,2018,化学原料和化学制品制造业
002915,2019,化学原料和化学制品制造业
002916,2017,计算机、通信和其他电子设备制造业
002916,2018,计算机、通信和其他电子设备制造业
002916,2019,计算机、通信和其他电子设备制造业
002917,2017,化学原料和化学制品制造业
002917,2018,化学原料和化学制品制造业
002917,2019,化学原料和化学制品制造业
002918,2017,非金属矿物制品业
002918,2018,非金属矿物制品业
002918,2019,非金属矿物制品业
002919,2017,化学原料和化学制品制造业
002919,2018,化学原料和化学制品制造业
002919,2019,化学原料和化学制品制造业
002920,2017,汽车制造业
002920,2018,汽车制造业
002920,2019,汽车制造业
002921,2017,金属制品业
002921,2018,金属制品业
002921,2019,金属制品业
002922,2017,电气机械和器材制造业
002922,2018,电气机械和器材制造业
002922,2019,电气机械和器材制造业
002923,2017,医药制造业
002923,2018,医药制造业
002923,2019,医药制造业
002925,2017,计算机、通信和其他电子设备制造业
002925,2018,计算机、通信和其他电子设备制造业
002925,2019,计算机、通信和其他电子设备制造业
002927,2017,电气机械和器材制造业
002927,2018,电气机械和器材制造业
002927,2019,电气机械和器材制造业
002928,2018,航空运输业
002928,2019,航空运输业
002929,2018,软件和信息技术服务业
002929,2019,软件和信息技术服务业
002930,2018,装卸搬运和仓储业
002930,2019,装卸搬运和仓储业
002931,2018,专用设备制造业
002931,2019,专用设备制造业
002932,2018,医药制造业
002932,2019,医药制造业
002933,2018,铁路、船舶、航空航天和其他运输设备制造业
002933,2019,铁路、船舶、航空航天和其他运输设备制造业
002935,2018,计算机、通信和其他电子设备制造业
002935,2019,计算机、通信和其他电子设备制造业
002937,2018,计算机、通信和其他电子设备制造业
002937,2019,计算机、通信和其他电子设备制造业
002938,2018,计算机、通信和其他电子设备制造业
002938,2019,计算机、通信和其他电子设备制造业
002940,2018,医药制造业
002940,2019,医药制造业
002941,2018,土木工程建筑业
002941,2019,土木工程建筑业
002942,2018,化学原料和化学制品制造业
002942,2019,化学原料和化学制品制造业
002943,2018,通用设备制造业
002943,2019,通用设备制造业
002946,2018,食品制造业
002946,2019,食品制造业
002947,2018,计算机、通信和其他电子设备制造业
002947,2019,计算机、通信和其他电子设备制造业
002949,2018,专业技术服务业
002949,2019,专业技术服务业
002950,2018,专用设备制造业
002950,2019,专用设备制造业
002951,2019,印刷和记录媒介复制业
002952,2019,计算机、通信和其他电子设备制造业
002953,2019,电气机械和器材制造业
002955,2019,计算机、通信和其他电子设备制造业
002956,2019,食品制造业
002957,2019,专用设备制造业
002959,2019,电气机械和器材制造业
002960,2019,计算机、通信和其他电子设备制造业
002962,2019,计算机、通信和其他电子设备制造业
002963,2019,建筑装饰、装修和其他建筑业
002965,2019,金属制品业
002967,2019,专业技术服务业
002968,2019,房地产业
002969,2019,金属制品业
002970,2019,计算机、通信和其他电子设备制造业
002971,2019,化学原料和化学制品制造业
002972,2019,计算机、通信和其他电子设备制造业
002973,2019,公共设施管理业
002975,2019,专用设备制造业
002976,2019,金属制品业
003816,2019,电力、热力生产和供应业
300001,2015,电气机械和器材制造业
300001,2016,电气机械和器材制造业
300001,2017,电气机械和器材制造业
300001,2018,电气机械和器材制造业
300001,2019,电气机械和器材制造业
300002,2015,软件和信息技术服务业
300002,2016,软件和信息技术服务业
300002,2017,软件和信息技术服务业
300002,2018,软件和信息技术服务业
300002,2019,软件和信息技术服务业
300003,2015,专用设备制造业
300003,2016,专用设备制造业
300003,2017,专用设备制造业
300003,2018,专用设备制造业
300003,2019,专用设备制造业
300004,2015,通用设备制造业
300004,2016,通用设备制造业
300004,2017,通用设备制造业
300004,2018,通用设备制造业
300004,2019,通用设备制造业
300005,2015,纺织服装、服饰业
300005,2016,纺织服装、服饰业
300005,2017,纺织服装、服饰业
300005,2018,纺织服装、服饰业
300005,2019,纺织服装、服饰业
300006,2015,医药制造业
300006,2016,医药制造业
300006,2017,医药制造业
300006,2018,医药制造业
300006,2019,医药制造业
300007,2015,仪器仪表制造业
300007,2016,仪器仪表制造业
300007,2017,仪器仪表制造业
300007,2018,仪器仪表制造业
300007,2019,仪器仪表制造业
300008,2015,专业技术服务业
300008,2016,专业技术服务业
300008,2017,专业技术服务业
300008,2018,专业技术服务业
300008,2019,专业技术服务业
300009,2015,医药制造业
300009,2016,医药制造业
300009,2017,医药制造业
300009,2018,医药制造业
300009,2019,医药制造业
300010,2015,软件和信息技术服务业
300010,2016,软件和信息技术服务业
300010,2017,软件和信息技术服务业
300010,2018,软件和信息技术服务业
300010,2019,软件和信息技术服务业
300011,2015,铁路、船舶、航空航天和其他运输设备制造业
300011,2016,铁路、船舶、航空航天和其他运输设备制造业
300011,2017,铁路、船舶、航空航天和其他运输设备制造业
300011,2018,铁路、船舶、航空航天和其他运输设备制造业
300011,2019,铁路、船舶、航空航天和其他运输设备制造业
300012,2015,专业技术服务业
300012,2016,专业技术服务业
300012,2017,专业技术服务业
300012,2018,专业技术服务业
300012,2019,专业技术服务业
300013,2015,装卸搬运和仓储业
300013,2016,装卸搬运和仓储业
300013,2017,装卸搬运和仓储业
300013,2018,装卸搬运和仓储业
300013,2019,装卸搬运和仓储业
300014,2015,电气机械和器材制造业
300014,2016,电气机械和器材制造业
300014,2017,电气机械和器材制造业
300014,2018,电气机械和器材制造业
300014,2019,电气机械和器材制造业
300015,2015,卫生
300015,2016,卫生
300015,2017,卫生
300015,2018,卫生
300015,2019,卫生
300016,2015,医药制造业
300016,2016,医药制造业
300016,2017,医药制造业
300016,2018,医药制造业
300016,2019,医药制造业
300017,2015,软件和信息技术服务业
300017,2016,软件和信息技术服务业
300017,2017,软件和信息技术服务业
300017,2018,软件和信息技术服务业
300017,2019,软件和信息技术服务业
300018,2015,电气机械和器材制造业
300018,2016,电气机械和器材制造业
300018,2017,电气机械和器材制造业
300018,2018,电气机械和器材制造业
300018,2019,电气机械和器材制造业
300019,2015,化学原料和化学制品制造业
300019,2016,化学原料和化学制品制造业
300019,2017,化学原料和化学制品制造业
300019,2018,化学原料和化学制品制造业
300019,2019,化学原料和化学制品制造业
300020,2015,软件和信息技术服务业
300020,2016,软件和信息技术服务业
300020,2017,软件和信息技术服务业
300020,2018,软件和信息技术服务业
300020,2019,软件和信息技术服务业
300021,2015,橡胶和塑料制品业
300021,2016,橡胶和塑料制品业
300021,2017,橡胶和塑料制品业
300021,2018,橡胶和塑料制品业
300021,2019,橡胶和塑料制品业
300022,2015,零售业
300022,2016,零售业
300022,2017,零售业
300022,2018,零售业
300022,2019,零售业
300023,2015,专用设备制造业
300023,2016,租赁业
300023,2017,租赁业
300023,2018,租赁业
300023,2019,其他金融业
300024,2015,通用设备制造业
300024,2016,通用设备制造业
300024,2017,通用设备制造业
300024,2018,通用设备制造业
300024,2019,通用设备制造业
300025,2015,软件和信息技术服务业
300025,2016,软件和信息技术服务业
300025,2017,软件和信息技术服务业
300025,2018,软件和信息技术服务业
300025,2019,软件和信息技术服务业
300026,2015,医药制造业
300026,2016,医药制造业
300026,2017,医药制造业
300026,2018,医药制造业
300026,2019,医药制造业
300027,2015,广播、电视、电影和录音制作业
300027,2016,广播、电视、电影和录音制作业
300027,2017,广播、电视、电影和录音制作业
300027,2018,广播、电视、电影和录音制作业
300027,2019,广播、电视、电影和录音制作业
300028,2015,计算机、通信和其他电子设备制造业
300028,2016,计算机、通信和其他电子设备制造业
300028,2017,计算机、通信和其他电子设备制造业
300028,2018,计算机、通信和其他电子设备制造业
300028,2019,计算机、通信和其他电子设备制造业
300029,2015,专用设备制造业
300029,2016,专用设备制造业
300029,2017,专用设备制造业
300029,2018,专用设备制造业
300029,2019,专用设备制造业
300030,2015,专用设备制造业
300030,2016,专用设备制造业
300030,2017,专用设备制造业
300030,2018,专用设备制造业
300030,2019,专用设备制造业
300031,2015,橡胶和塑料制品业
300031,2016,互联网和相关服务
300031,2017,互联网和相关服务
300031,2018,互联网和相关服务
300031,2019,互联网和相关服务
300032,2015,电气机械和器材制造业
300032,2016,电气机械和器材制造业
300032,2017,电气机械和器材制造业
300032,2018,电气机械和器材制造业
300032,2019,电气机械和器材制造业
300034,2015,有色金属冶炼和压延加工业
300034,2016,有色金属冶炼和压延加工业
300034,2017,有色金属冶炼和压延加工业
300034,2018,有色金属冶炼和压延加工业
300034,2019,有色金属冶炼和压延加工业
300035,2015,专用设备制造业
300035,2016,专用设备制造业
300035,2017,专用设备制造业
300035,2018,专用设备制造业
300035,2019,专用设备制造业
300036,2015,软件和信息技术服务业
300036,2016,软件和信息技术服务业
300036,2017,软件和信息技术服务业
300036,2018,软件和信息技术服务业
300036,2019,软件和信息技术服务业
300037,2015,化学原料和化学制品制造业
300037,2016,化学原料和化学制品制造业
300037,2017,化学原料和化学制品制造业
300037,2018,化学原料和化学制品制造业
300037,2019,化学原料和化学制品制造业
300038,2015,计算机、通信和其他电子设备制造业
300038,2016,计算机、通信和其他电子设备制造业
300038,2017,互联网和相关服务
300038,2018,互联网和相关服务
300038,2019,互联网和相关服务
300039,2015,医药制造业
300039,2016,医药制造业
300039,2017,医药制造业
300039,2018,医药制造业
300039,2019,医药制造业
300040,2015,电气机械和器材制造业
300040,2016,电气机械和器材制造业
300040,2017,电气机械和器材制造业
300040,2018,电气机械和器材制造业
300040,2019,电气机械和器材制造业
300041,2015,化学原料和化学制品制造业
300041,2016,化学原料和化学制品制造业
300041,2017,化学原料和化学制品制造业
300041,2018,化学原料和化学制品制造业
300041,2019,化学原料和化学制品制造业
300042,2015,计算机、通信和其他电子设备制造业
300042,2016,计算机、通信和其他电子设备制造业
300042,2017,计算机、通信和其他电子设备制造业
300042,2018,计算机、通信和其他电子设备制造业
300042,2019,计算机、通信和其他电子设备制造业
300043,2015,文教、工美、体育和娱乐用品制造业
300043,2016,文教、工美、体育和娱乐用品制造业
300043,2017,互联网和相关服务
300043,2018,互联网和相关服务
300043,2019,互联网和相关服务
300044,2015,软件和信息技术服务业
300044,2016,软件和信息技术服务业
300044,2017,软件和信息技术服务业
300044,2018,软件和信息技术服务业
300044,2019,软件和信息技术服务业
300045,2015,专用设备制造业
300045,2016,专用设备制造业
300045,2017,专用设备制造业
300045,2018,专用设备制造业
300045,2019,专用设备制造业
300046,2015,计算机、通信和其他电子设备制造业
300046,2016,计算机、通信和其他电子设备制造业
300046,2017,计算机、通信和其他电子设备制造业
300046,2018,计算机、通信和其他电子设备制造业
300046,2019,计算机、通信和其他电子设备制造业
300047,2015,软件和信息技术服务业
300047,2016,软件和信息技术服务业
300047,2017,软件和信息技术服务业
300047,2018,软件和信息技术服务业
300047,2019,软件和信息技术服务业
300048,2015,电气机械和器材制造业
300048,2016,电气机械和器材制造业
300048,2017,电气机械和器材制造业
300048,2018,电气机械和器材制造业
300048,2019,电气机械和器材制造业
300049,2015,医药制造业
300049,2016,医药制造业
300049,2017,医药制造业
300049,2018,医药制造业
300049,2019,专用设备制造业
300050,2015,软件和信息技术服务业
300050,2016,软件和信息技术服务业
300050,2017,软件和信息技术服务业
300050,2018,软件和信息技术服务业
300050,2019,软件和信息技术服务业
300051,2015,软件和信息技术服务业
300051,2016,软件和信息技术服务业
300051,2017,软件和信息技术服务业
300051,2018,软件和信息技术服务业
300051,2019,软件和信息技术服务业
300052,2015,软件和信息技术服务业
300052,2016,互联网和相关服务
300052,2017,互联网和相关服务
300052,2018,互联网和相关服务
300052,2019,互联网和相关服务
300053,2015,计算机、通信和其他电子设备制造业
300053,2016,计算机、通信和其他电子设备制造业
300053,2017,计算机、通信和其他电子设备制造业
300053,2018,计算机、通信和其他电子设备制造业
300053,2019,计算机、通信和其他电子设备制造业
300054,2015,化学原料和化学制品制造业
300054,2016,化学原料和化学制品制造业
300054,2017,化学原料和化学制品制造业
300054,2018,化学原料和化学制品制造业
300054,2019,化学原料和化学制品制造业
300055,2015,土木工程建筑业
300055,2016,土木工程建筑业
300055,2017,土木工程建筑业
300055,2018,土木工程建筑业
300055,2019,土木工程建筑业
300056,2015,专用设备制造业
300056,2016,专用设备制造业
300056,2017,专用设备制造业
300056,2018,专用设备制造业
300056,2019,专用设备制造业
300057,2015,有色金属冶炼和压延加工业
300057,2016,有色金属冶炼和压延加工业
300057,2017,有色金属冶炼和压延加工业
300057,2018,有色金属冶炼和压延加工业
300057,2019,有色金属冶炼和压延加工业
300058,2015,商务服务业
300058,2016,商务服务业
300058,2017,商务服务业
300058,2018,商务服务业
300058,2019,商务服务业
300061,2015,其他制造业
300061,2016,其他制造业
300061,2017,其他制造业
300061,2018,其他制造业
300061,2019,商务服务业
300062,2015,电气机械和器材制造业
300062,2016,电气机械和器材制造业
300062,2017,电气机械和器材制造业
300062,2018,电气机械和器材制造业
300062,2019,电气机械和器材制造业
300063,2015,化学原料和化学制品制造业
300063,2016,商务服务业
300063,2017,商务服务业
300063,2018,商务服务业
300063,2019,商务服务业
300064,2015,非金属矿物制品业
300064,2016,非金属矿物制品业
300064,2017,非金属矿物制品业
300064,2018,非金属矿物制品业
300064,2019,非金属矿物制品业
300065,2015,计算机、通信和其他电子设备制造业
300065,2016,计算机、通信和其他电子设备制造业
300065,2017,计算机、通信和其他电子设备制造业
300065,2018,计算机、通信和其他电子设备制造业
300065,2019,计算机、通信和其他电子设备制造业
300066,2015,仪器仪表制造业
300066,2016,仪器仪表制造业
300066,2017,仪器仪表制造业
300066,2018,仪器仪表制造业
300066,2019,仪器仪表制造业
300067,2015,化学原料和化学制品制造业
300067,2016,化学原料和化学制品制造业
300067,2017,化学原料和化学制品制造业
300067,2018,化学原料和化学制品制造业
300067,2019,化学原料和化学制品制造业
300068,2015,电气机械和器材制造业
300068,2016,电气机械和器材制造业
300068,2017,电气机械和器材制造业
300068,2018,电气机械和器材制造业
300068,2019,电气机械和器材制造业
300069,2015,电气机械和器材制造业
300069,2016,电气机械和器材制造业
300069,2017,电气机械和器材制造业
300069,2018,电气机械和器材制造业
300069,2019,电气机械和器材制造业
300070,2015,生态保护和环境治理业
300070,2016,生态保护和环境治理业
300070,2017,生态保护和环境治理业
300070,2018,生态保护和环境治理业
300070,2019,生态保护和环境治理业
300071,2015,商务服务业
300071,2016,商务服务业
300071,2017,商务服务业
300071,2018,商务服务业
300071,2019,商务服务业
300072,2015,化学原料和化学制品制造业
300072,2016,化学原料和化学制品制造业
300072,2017,化学原料和化学制品制造业
300072,2018,化学原料和化学制品制造业
300072,2019,化学原料和化学制品制造业
300073,2015,非金属矿物制品业
300073,2016,非金属矿物制品业
300073,2017,非金属矿物制品业
300073,2018,非金属矿物制品业
300073,2019,电气机械和器材制造业
300074,2015,软件和信息技术服务业
300074,2016,软件和信息技术服务业
300074,2017,软件和信息技术服务业
300074,2018,软件和信息技术服务业
300074,2019,软件和信息技术服务业
300075,2015,软件和信息技术服务业
300075,2016,软件和信息技术服务业
300075,2017,软件和信息技术服务业
300075,2018,软件和信息技术服务业
300075,2019,软件和信息技术服务业
300076,2015,计算机、通信和其他电子设备制造业
300076,2016,计算机、通信和其他电子设备制造业
300076,2017,计算机、通信和其他电子设备制造业
300076,2018,计算机、通信和其他电子设备制造业
300076,2019,计算机、通信和其他电子设备制造业
300077,2015,计算机、通信和其他电子设备制造业
300077,2016,计算机、通信和其他电子设备制造业
300077,2017,计算机、通信和其他电子设备制造业
300077,2018,计算机、通信和其他电子设备制造业
300077,2019,计算机、通信和其他电子设备制造业
300078,2015,计算机、通信和其他电子设备制造业
300078,2016,计算机、通信和其他电子设备制造业
300078,2017,计算机、通信和其他电子设备制造业
300078,2018,计算机、通信和其他电子设备制造业
300078,2019,计算机、通信和其他电子设备制造业
300079,2015,计算机、通信和其他电子设备制造业
300079,2016,计算机、通信和其他电子设备制造业
300079,2017,计算机、通信和其他电子设备制造业
300079,2018,计算机、通信和其他电子设备制造业
300079,2019,计算机、通信和其他电子设备制造业
300080,2015,非金属矿物制品业
300080,2016,非金属矿物制品业
300080,2017,非金属矿物制品业
300080,2018,非金属矿物制品业
300080,2019,非金属矿物制品业
300081,2015,零售业
300081,2016,零售业
300081,2017,零售业
300081,2018,专业技术服务业
300081,2019,专业技术服务业
300082,2015,化学原料和化学制品制造业
300082,2016,化学原料和化学制品制造业
300082,2017,化学原料和化学制品制造业
300082,2018,化学原料和化学制品制造业
300082,2019,化学原料和化学制品制造业
300083,2015,计算机、通信和其他电子设备制造业
300083,2016,计算机、通信和其他电子设备制造业
300083,2017,计算机、通信和其他电子设备制造业
300083,2018,计算机、通信和其他电子设备制造业
300083,2019,计算机、通信和其他电子设备制造业
300084,2015,开采专业及辅助性活动
300084,2016,开采专业及辅助性活动
300084,2017,开采专业及辅助性活动
300084,2018,开采专业及辅助性活动
300084,2019,开采专业及辅助性活动
300085,2015,软件和信息技术服务业
300085,2016,软件和信息技术服务业
300085,2017,软件和信息技术服务业
300085,2018,软件和信息技术服务业
300085,2019,软件和信息技术服务业
300086,2015,医药制造业
300086,2016,医药制造业
300086,2017,医药制造业
300086,2018,医药制造业
300086,2019,医药制造业
300087,2015,农业
300087,2016,农业
300087,2017,农业
300087,2018,农业
300087,2019,农业
300088,2015,计算机、通信和其他电子设备制造业
300088,2016,计算机、通信和其他电子设备制造业
300088,2017,计算机、通信和其他电子设备制造业
300088,2018,计算机、通信和其他电子设备制造业
300088,2019,计算机、通信和其他电子设备制造业
300089,2015,非金属矿物制品业
300089,2016,非金属矿物制品业
300089,2017,非金属矿物制品业
300089,2018,非金属矿物制品业
300089,2019,非金属矿物制品业
300090,2015,通用设备制造业
300090,2016,通用设备制造业
300090,2017,通用设备制造业
300090,2018,通用设备制造业
300090,2019,通用设备制造业
300091,2015,通用设备制造业
300091,2016,通用设备制造业
300091,2017,通用设备制造业
300091,2018,通用设备制造业
300091,2019,通用设备制造业
300092,2015,专用设备制造业
300092,2016,专用设备制造业
300092,2017,专用设备制造业
300092,2018,专用设备制造业
300092,2019,专用设备制造业
300093,2015,非金属矿物制品业
300093,2016,非金属矿物制品业
300093,2017,非金属矿物制品业
300093,2018,非金属矿物制品业
300093,2019,非金属矿物制品业
300094,2015,渔业
300094,2016,渔业
300094,2017,渔业
300094,2018,渔业
300094,2019,渔业
300095,2015,专用设备制造业
300095,2016,专用设备制造业
300095,2017,专用设备制造业
300095,2018,专用设备制造业
300095,2019,专用设备制造业
300096,2015,软件和信息技术服务业
300096,2016,软件和信息技术服务业
300096,2017,软件和信息技术服务业
300096,2018,软件和信息技术服务业
300096,2019,软件和信息技术服务业
300097,2015,通用设备制造业
300097,2016,通用设备制造业
300097,2017,通用设备制造业
300097,2018,通用设备制造业
300097,2019,通用设备制造业
300098,2015,软件和信息技术服务业
300098,2016,软件和信息技术服务业
300098,2017,软件和信息技术服务业
300098,2018,软件和信息技术服务业
300098,2019,软件和信息技术服务业
300099,2015,专用设备制造业
300099,2016,专用设备制造业
300099,2017,专用设备制造业
300099,2018,专用设备制造业
300099,2019,专用设备制造业
300100,2015,汽车制造业
300100,2016,汽车制造业
300100,2017,汽车制造业
300100,2018,汽车制造业
300100,2019,汽车制造业
300101,2015,计算机、通信和其他电子设备制造业
300101,2016,计算机、通信和其他电子设备制造业
300101,2017,计算机、通信和其他电子设备制造业
300101,2018,计算机、通信和其他电子设备制造业
300101,2019,计算机、通信和其他电子设备制造业
300102,2015,计算机、通信和其他电子设备制造业
300102,2016,计算机、通信和其他电子设备制造业
300102,2017,计算机、通信和其他电子设备制造业
300102,2018,计算机、通信和其他电子设备制造业
300102,2019,计算机、通信和其他电子设备制造业
300103,2015,专用设备制造业
300103,2016,专用设备制造业
300103,2017,专用设备制造业
300103,2018,专用设备制造业
300103,2019,生态保护和环境治理业
300104,2015,互联网和相关服务
300104,2016,互联网和相关服务
300104,2017,互联网和相关服务
300104,2018,互联网和相关服务
300104,2019,互联网和相关服务
300105,2015,电气机械和器材制造业
300105,2016,电气机械和器材制造业
300105,2017,电气机械和器材制造业
300105,2018,电气机械和器材制造业
300105,2019,电气机械和器材制造业
300106,2015,畜牧业
300106,2016,畜牧业
300106,2017,畜牧业
300106,2018,畜牧业
300106,2019,畜牧业
300107,2015,化学原料和化学制品制造业
300107,2016,化学原料和化学制品制造业
300107,2017,化学原料和化学制品制造业
300107,2018,化学原料和化学制品制造业
300107,2019,化学原料和化学制品制造业
300108,2015,医药制造业
300108,2016,医药制造业
300108,2017,医药制造业
300108,2018,医药制造业
300108,2019,医药制造业
300109,2015,化学原料和化学制品制造业
300109,2016,化学原料和化学制品制造业
300109,2017,化学原料和化学制品制造业
300109,2018,化学原料和化学制品制造业
300109,2019,化学原料和化学制品制造业
300110,2015,医药制造业
300110,2016,医药制造业
300110,2017,医药制造业
300110,2018,医药制造业
300110,2019,医药制造业
300111,2015,计算机、通信和其他电子设备制造业
300111,2016,计算机、通信和其他电子设备制造业
300111,2017,计算机、通信和其他电子设备制造业
300111,2018,计算机、通信和其他电子设备制造业
300111,2019,电气机械和器材制造业
300112,2015,仪器仪表制造业
300112,2016,仪器仪表制造业
300112,2017,仪器仪表制造业
300112,2018,仪器仪表制造业
300112,2019,仪器仪表制造业
300113,2015,互联网和相关服务
300113,2016,互联网和相关服务
300113,2017,互联网和相关服务
300113,2018,互联网和相关服务
300113,2019,互联网和相关服务
300114,2015,计算机、通信和其他电子设备制造业
300114,2016,计算机、通信和其他电子设备制造业
300114,2017,计算机、通信和其他电子设备制造业
300114,2018,计算机、通信和其他电子设备制造业
300114,2019,计算机、通信和其他电子设备制造业
300115,2015,计算机、通信和其他电子设备制造业
300115,2016,计算机、通信和其他电子设备制造业
300115,2017,计算机、通信和其他电子设备制造业
300115,2018,计算机、通信和其他电子设备制造业
300115,2019,计算机、通信和其他电子设备制造业
300116,2015,其他制造业
300116,2016,电气机械和器材制造业
300116,2017,电气机械和器材制造业
300116,2018,电气机械和器材制造业
300116,2019,电气机械和器材制造业
300117,2015,建筑装饰、装修和其他建筑业
300117,2016,建筑装饰、装修和其他建筑业
300117,2017,建筑装饰、装修和其他建筑业
300117,2018,建筑装饰、装修和其他建筑业
300117,2019,建筑装饰、装修和其他建筑业
300118,2015,计算机、通信和其他电子设备制造业
300118,2016,计算机、通信和其他电子设备制造业
300118,2017,计算机、通信和其他电子设备制造业
300118,2018,计算机、通信和其他电子设备制造业
300118,2019,电气机械和器材制造业
300119,2015,医药制造业
300119,2016,医药制造业
300119,2017,医药制造业
300119,2018,医药制造业
300119,2019,医药制造业
300120,2015,电气机械和器材制造业
300120,2016,电气机械和器材制造业
300120,2017,电气机械和器材制造业
300120,2018,计算机、通信和其他电子设备制造业
300120,2019,计算机、通信和其他电子设备制造业
300121,2015,化学原料和化学制品制造业
300121,2016,化学原料和化学制品制造业
300121,2017,化学原料和化学制品制造业
300121,2018,化学原料和化学制品制造业
300121,2019,化学原料和化学制品制造业
300122,2015,医药制造业
300122,2016,医药制造业
300122,2017,医药制造业
300122,2018,医药制造业
300122,2019,医药制造业
300123,2015,铁路、船舶、航空航天和其他运输设备制造业
300123,2016,铁路、船舶、航空航天和其他运输设备制造业
300123,2017,铁路、船舶、航空航天和其他运输设备制造业
300123,2018,铁路、船舶、航空航天和其他运输设备制造业
300123,2019,铁路、船舶、航空航天和其他运输设备制造业
300124,2015,电气机械和器材制造业
300124,2016,电气机械和器材制造业
300124,2017,电气机械和器材制造业
300124,2018,电气机械和器材制造业
300124,2019,电气机械和器材制造业
300125,2015,专业技术服务业
300125,2016,专业技术服务业
300125,2017,专业技术服务业
300125,2018,专业技术服务业
300125,2019,专业技术服务业
300126,2015,通用设备制造业
300126,2016,通用设备制造业
300126,2017,通用设备制造业
300126,2018,通用设备制造业
300126,2019,通用设备制造业
300127,2015,计算机、通信和其他电子设备制造业
300127,2016,计算机、通信和其他电子设备制造业
300127,2017,计算机、通信和其他电子设备制造业
300127,2018,计算机、通信和其他电子设备制造业
300127,2019,计算机、通信和其他电子设备制造业
300128,2015,计算机、通信和其他电子设备制造业
300128,2016,计算机、通信和其他电子设备制造业
300128,2017,计算机、通信和其他电子设备制造业
300128,2018,计算机、通信和其他电子设备制造业
300128,2019,计算机、通信和其他电子设备制造业
300129,2015,电气机械和器材制造业
300129,2016,电气机械和器材制造业
300129,2017,电气机械和器材制造业
300129,2018,电气机械和器材制造业
300129,2019,电气机械和器材制造业
300130,2015,专用设备制造业
300130,2016,专用设备制造业
300130,2017,专用设备制造业
300130,2018,专用设备制造业
300130,2019,专用设备制造业
300131,2015,批发业
300131,2016,批发业
300131,2017,批发业
300131,2018,批发业
300131,2019,批发业
300132,2015,化学原料和化学制品制造业
300132,2016,化学原料和化学制品制造业
300132,2017,化学原料和化学制品制造业
300132,2018,化学原料和化学制品制造业
300132,2019,化学原料和化学制品制造业
300133,2015,广播、电视、电影和录音制作业
300133,2016,广播、电视、电影和录音制作业
300133,2017,广播、电视、电影和录音制作业
300133,2018,广播、电视、电影和录音制作业
300133,2019,广播、电视、电影和录音制作业
300134,2015,计算机、通信和其他电子设备制造业
300134,2016,计算机、通信和其他电子设备制造业
300134,2017,计算机、通信和其他电子设备制造业
300134,2018,计算机、通信和其他电子设备制造业
300134,2019,计算机、通信和其他电子设备制造业
300135,2015,化学原料和化学制品制造业
300135,2016,化学原料和化学制品制造业
300135,2017,化学原料和化学制品制造业
300135,2018,化学原料和化学制品制造业
300135,2019,化学原料和化学制品制造业
300136,2015,计算机、通信和其他电子设备制造业
300136,2016,计算机、通信和其他电子设备制造业
300136,2017,计算机、通信和其他电子设备制造业
300136,2018,计算机、通信和其他电子设备制造业
300136,2019,计算机、通信和其他电子设备制造业
300137,2015,仪器仪表制造业
300137,2016,仪器仪表制造业
300137,2017,仪器仪表制造业
300137,2018,仪器仪表制造业
300137,2019,仪器仪表制造业
300138,2015,农副食品加工业
300138,2016,农副食品加工业
300138,2017,农副食品加工业
300138,2018,农副食品加工业
300138,2019,农副食品加工业
300139,2015,计算机、通信和其他电子设备制造业
300139,2016,计算机、通信和其他电子设备制造业
300139,2017,计算机、通信和其他电子设备制造业
300139,2018,计算机、通信和其他电子设备制造业
300139,2019,计算机、通信和其他电子设备制造业
300140,2015,电气机械和器材制造业
300140,2016,电气机械和器材制造业
300140,2017,电气机械和器材制造业
300140,2018,电气机械和器材制造业
300140,2019,电气机械和器材制造业
300141,2015,电气机械和器材制造业
300141,2016,电气机械和器材制造业
300141,2017,电气机械和器材制造业
300141,2018,电气机械和器材制造业
300141,2019,电气机械和器材制造业
300142,2015,医药制造业
300142,2016,医药制造业
300142,2017,医药制造业
300142,2018,医药制造业
300142,2019,医药制造业
300143,2015,农业
300143,2016,农业
300143,2017,医药制造业
300143,2018,医药制造业
300143,2019,卫生
300144,2015,文化艺术业
300144,2016,文化艺术业
300144,2017,文化艺术业
300144,2018,文化艺术业
300144,2019,文化艺术业
300145,2015,通用设备制造业
300145,2016,通用设备制造业
300145,2017,通用设备制造业
300145,2018,通用设备制造业
300145,2019,通用设备制造业
300146,2015,食品制造业
300146,2016,食品制造业
300146,2017,食品制造业
300146,2018,食品制造业
300146,2019,食品制造业
300147,2015,医药制造业
300147,2016,医药制造业
300147,2017,医药制造业
300147,2018,医药制造业
300147,2019,医药制造业
300148,2015,新闻和出版业
300148,2016,新闻和出版业
300148,2017,新闻和出版业
300148,2018,新闻和出版业
300148,2019,新闻和出版业
300149,2015,食品制造业
300149,2016,食品制造业
300149,2017,食品制造业
300149,2018,研究和试验发展
300149,2019,研究和试验发展
300150,2015,软件和信息技术服务业
300150,2016,软件和信息技术服务业
300150,2017,软件和信息技术服务业
300150,2018,软件和信息技术服务业
300150,2019,软件和信息技术服务业
300151,2015,专用设备制造业
300151,2016,专用设备制造业
300151,2017,专用设备制造业
300151,2018,专用设备制造业
300151,2019,专用设备制造业
300152,2015,电气机械和器材制造业
300152,2016,生态保护和环境治理业
300152,2017,生态保护和环境治理业
300152,2018,生态保护和环境治理业
300152,2019,生态保护和环境治理业
300153,2015,电气机械和器材制造业
300153,2016,电气机械和器材制造业
300153,2017,电气机械和器材制造业
300153,2018,电气机械和器材制造业
300153,2019,电气机械和器材制造业
300154,2015,通用设备制造业
300154,2016,通用设备制造业
300154,2017,通用设备制造业
300154,2018,通用设备制造业
300154,2019,通用设备制造业
300155,2015,计算机、通信和其他电子设备制造业
300155,2016,计算机、通信和其他电子设备制造业
300155,2017,计算机、通信和其他电子设备制造业
300155,2018,计算机、通信和其他电子设备制造业
300155,2019,计算机、通信和其他电子设备制造业
300156,2015,专用设备制造业
300156,2016,专用设备制造业
300156,2017,专用设备制造业
300156,2018,专用设备制造业
300157,2015,开采专业及辅助性活动
300157,2016,开采专业及辅助性活动
300157,2017,开采专业及辅助性活动
300157,2018,开采专业及辅助性活动
300157,2019,开采专业及辅助性活动
300158,2015,医药制造业
300158,2016,医药制造业
300158,2017,医药制造业
300158,2018,医药制造业
300158,2019,医药制造业
300159,2015,专用设备制造业
300159,2016,专用设备制造业
300159,2017,铁路、船舶、航空航天和其他运输设备制造业
300159,2018,铁路、船舶、航空航天和其他运输设备制造业
300159,2019,铁路、船舶、航空航天和其他运输设备制造业
300160,2015,非金属矿物制品业
300160,2016,非金属矿物制品业
300160,2017,非金属矿物制品业
300160,2018,非金属矿物制品业
300160,2019,非金属矿物制品业
300161,2015,通用设备制造业
300161,2016,通用设备制造业
300161,2017,通用设备制造业
300161,2018,通用设备制造业
300161,2019,通用设备制造业
300162,2015,计算机、通信和其他电子设备制造业
300162,2016,计算机、通信和其他电子设备制造业
300162,2017,计算机、通信和其他电子设备制造业
300162,2018,计算机、通信和其他电子设备制造业
300162,2019,计算机、通信和其他电子设备制造业
300163,2015,其他制造业
300163,2016,其他制造业
300163,2017,其他制造业
300163,2018,其他制造业
300163,2019,其他制造业
300164,2015,开采专业及辅助性活动
300164,2016,开采专业及辅助性活动
300164,2017,开采专业及辅助性活动
300164,2018,开采专业及辅助性活动
300164,2019,开采专业及辅助性活动
300165,2015,仪器仪表制造业
300165,2016,仪器仪表制造业
300165,2017,仪器仪表制造业
300165,2018,仪器仪表制造业
300165,2019,仪器仪表制造业
300166,2015,软件和信息技术服务业
300166,2016,软件和信息技术服务业
300166,2017,软件和信息技术服务业
300166,2018,软件和信息技术服务业
300166,2019,软件和信息技术服务业
300167,2015,软件和信息技术服务业
300167,2016,软件和信息技术服务业
300167,2017,软件和信息技术服务业
300167,2018,软件和信息技术服务业
300167,2019,软件和信息技术服务业
300168,2015,软件和信息技术服务业
300168,2016,软件和信息技术服务业
300168,2017,软件和信息技术服务业
300168,2018,软件和信息技术服务业
300168,2019,软件和信息技术服务业
300169,2015,橡胶和塑料制品业
300169,2016,橡胶和塑料制品业
300169,2017,橡胶和塑料制品业
300169,2018,橡胶和塑料制品业
300169,2019,橡胶和塑料制品业
300170,2015,软件和信息技术服务业
300170,2016,软件和信息技术服务业
300170,2017,软件和信息技术服务业
300170,2018,软件和信息技术服务业
300170,2019,软件和信息技术服务业
300171,2015,专用设备制造业
300171,2016,专用设备制造业
300171,2017,专用设备制造业
300171,2018,专用设备制造业
300171,2019,专用设备制造业
300172,2015,生态保护和环境治理业
300172,2016,生态保护和环境治理业
300172,2017,生态保护和环境治理业
300172,2018,生态保护和环境治理业
300172,2019,生态保护和环境治理业
300173,2015,专用设备制造业
300173,2016,专用设备制造业
300173,2017,专用设备制造业
300173,2018,专用设备制造业
300173,2019,专用设备制造业
300174,2015,化学原料和化学制品制造业
300174,2016,化学原料和化学制品制造业
300174,2017,化学原料和化学制品制造业
300174,2018,化学原料和化学制品制造业
300174,2019,化学原料和化学制品制造业
300175,2015,农副食品加工业
300175,2016,农副食品加工业
300175,2017,农副食品加工业
300175,2018,农副食品加工业
300175,2019,农副食品加工业
300176,2015,汽车制造业
300176,2016,汽车制造业
300176,2017,汽车制造业
300176,2018,汽车制造业
300176,2019,汽车制造业
300177,2015,计算机、通信和其他电子设备制造业
300177,2016,计算机、通信和其他电子设备制造业
300177,2017,计算机、通信和其他电子设备制造业
300177,2018,计算机、通信和其他电子设备制造业
300177,2019,计算机、通信和其他电子设备制造业
300178,2015,商务服务业
300178,2016,商务服务业
300178,2017,商务服务业
300178,2018,商务服务业
300178,2019,商务服务业
300179,2015,非金属矿物制品业
300179,2016,非金属矿物制品业
300179,2017,非金属矿物制品业
300179,2018,非金属矿物制品业
300179,2019,非金属矿物制品业
300180,2015,橡胶和塑料制品业
300180,2016,橡胶和塑料制品业
300180,2017,橡胶和塑料制品业
300180,2018,橡胶和塑料制品业
300180,2019,橡胶和塑料制品业
300181,2015,医药制造业
300181,2016,医药制造业
300181,2017,医药制造业
300181,2018,医药制造业
300181,2019,医药制造业
300182,2015,软件和信息技术服务业
300182,2016,软件和信息技术服务业
300182,2017,软件和信息技术服务业
300182,2018,广播、电视、电影和录音制作业
300182,2019,广播、电视、电影和录音制作业
300183,2015,软件和信息技术服务业
300183,2016,软件和信息技术服务业
300183,2017,软件和信息技术服务业
300183,2018,软件和信息技术服务业
300183,2019,软件和信息技术服务业
300184,2015,批发业
300184,2016,批发业
300184,2017,批发业
300184,2018,批发业
300184,2019,批发业
300185,2015,通用设备制造业
300185,2016,通用设备制造业
300185,2017,通用设备制造业
300185,2018,通用设备制造业
300185,2019,通用设备制造业
300187,2015,生态保护和环境治理业
300187,2016,生态保护和环境治理业
300187,2017,生态保护和环境治理业
300187,2018,生态保护和环境治理业
300187,2019,生态保护和环境治理业
300188,2015,软件和信息技术服务业
300188,2016,软件和信息技术服务业
300188,2017,软件和信息技术服务业
300188,2018,软件和信息技术服务业
300188,2019,软件和信息技术服务业
300189,2015,农业
300189,2016,农业
300189,2017,农业
300189,2018,农业
300189,2019,农业
300190,2015,生态保护和环境治理业
300190,2016,生态保护和环境治理业
300190,2017,生态保护和环境治理业
300190,2018,生态保护和环境治理业
300190,2019,生态保护和环境治理业
300191,2015,开采专业及辅助性活动
300191,2016,开采专业及辅助性活动
300191,2017,开采专业及辅助性活动
300191,2018,开采专业及辅助性活动
300191,2019,开采专业及辅助性活动
300192,2015,化学原料和化学制品制造业
300192,2016,化学原料和化学制品制造业
300192,2017,化学原料和化学制品制造业
300192,2018,化学原料和化学制品制造业
300192,2019,化学原料和化学制品制造业
300193,2015,通用设备制造业
300193,2016,通用设备制造业
300193,2017,通用设备制造业
300193,2018,通用设备制造业
300193,2019,通用设备制造业
300194,2015,医药制造业
300194,2016,医药制造业
300194,2017,医药制造业
300194,2018,医药制造业
300194,2019,医药制造业
300195,2015,专用设备制造业
300195,2016,专用设备制造业
300195,2017,专用设备制造业
300195,2018,专用设备制造业
300195,2019,专用设备制造业
300196,2015,非金属矿物制品业
300196,2016,非金属矿物制品业
300196,2017,非金属矿物制品业
300196,2018,非金属矿物制品业
300196,2019,非金属矿物制品业
300197,2015,土木工程建筑业
300197,2016,土木工程建筑业
300197,2017,土木工程建筑业
300197,2018,生态保护和环境治理业
300197,2019,生态保护和环境治理业
300198,2015,橡胶和塑料制品业
300198,2016,橡胶和塑料制品业
300198,2017,橡胶和塑料制品业
300198,2018,橡胶和塑料制品业
300198,2019,橡胶和塑料制品业
300199,2015,医药制造业
300199,2016,医药制造业
300199,2017,医药制造业
300199,2018,医药制造业
300199,2019,医药制造业
300200,2015,化学原料和化学制品制造业
300200,2016,化学原料和化学制品制造业
300200,2017,化学原料和化学制品制造业
300200,2018,化学原料和化学制品制造业
300200,2019,化学原料和化学制品制造业
300201,2015,专用设备制造业
300201,2016,专用设备制造业
300201,2017,专用设备制造业
300201,2018,专用设备制造业
300201,2019,专用设备制造业
300202,2015,通用设备制造业
300202,2016,通用设备制造业
300202,2017,通用设备制造业
300202,2018,通用设备制造业
300202,2019,通用设备制造业
300203,2015,仪器仪表制造业
300203,2016,仪器仪表制造业
300203,2017,仪器仪表制造业
300203,2018,仪器仪表制造业
300203,2019,仪器仪表制造业
300204,2015,医药制造业
300204,2016,医药制造业
300204,2017,医药制造业
300204,2018,医药制造业
300204,2019,医药制造业
300205,2015,计算机、通信和其他电子设备制造业
300205,2016,计算机、通信和其他电子设备制造业
300205,2017,计算机、通信和其他电子设备制造业
300205,2018,计算机、通信和其他电子设备制造业
300205,2019,计算机、通信和其他电子设备制造业
300206,2015,专用设备制造业
300206,2016,专用设备制造业
300206,2017,专用设备制造业
300206,2018,专用设备制造业
300206,2019,专用设备制造业
300207,2015,电气机械和器材制造业
300207,2016,电气机械和器材制造业
300207,2017,电气机械和器材制造业
300207,2018,电气机械和器材制造业
300207,2019,电气机械和器材制造业
300208,2015,电气机械和器材制造业
300208,2016,电气机械和器材制造业
300208,2017,电气机械和器材制造业
300208,2018,电气机械和器材制造业
300208,2019,电气机械和器材制造业
300209,2015,软件和信息技术服务业
300209,2016,软件和信息技术服务业
300209,2017,软件和信息技术服务业
300209,2018,软件和信息技术服务业
300209,2019,软件和信息技术服务业
300210,2015,专用设备制造业
300210,2016,专用设备制造业
300210,2017,专用设备制造业
300210,2018,专用设备制造业
300210,2019,专用设备制造业
300211,2015,计算机、通信和其他电子设备制造业
300211,2016,计算机、通信和其他电子设备制造业
300211,2017,计算机、通信和其他电子设备制造业
300211,2018,计算机、通信和其他电子设备制造业
300211,2019,计算机、通信和其他电子设备制造业
300212,2015,软件和信息技术服务业
300212,2016,软件和信息技术服务业
300212,2017,软件和信息技术服务业
300212,2018,软件和信息技术服务业
300212,2019,软件和信息技术服务业
300213,2015,计算机、通信和其他电子设备制造业
300213,2016,计算机、通信和其他电子设备制造业
300213,2017,计算机、通信和其他电子设备制造业
300213,2018,计算机、通信和其他电子设备制造业
300213,2019,计算机、通信和其他电子设备制造业
300214,2015,化学原料和化学制品制造业
300214,2016,化学原料和化学制品制造业
300214,2017,化学原料和化学制品制造业
300214,2018,化学原料和化学制品制造业
300214,2019,化学原料和化学制品制造业
300215,2015,专业技术服务业
300215,2016,专业技术服务业
300215,2017,专业技术服务业
300215,2018,专业技术服务业
300215,2019,专业技术服务业
300216,2015,专用设备制造业
300216,2016,专用设备制造业
300216,2017,专用设备制造业
300216,2018,专用设备制造业
300216,2019,专用设备制造业
300217,2015,电气机械和器材制造业
300217,2016,电气机械和器材制造业
300217,2017,电气机械和器材制造业
300217,2018,电气机械和器材制造业
300217,2019,电气机械和器材制造业
300218,2015,橡胶和塑料制品业
300218,2016,橡胶和塑料制品业
300218,2017,橡胶和塑料制品业
300218,2018,橡胶和塑料制品业
300218,2019,橡胶和塑料制品业
300219,2015,计算机、通信和其他电子设备制造业
300219,2016,计算机、通信和其他电子设备制造业
300219,2017,计算机、通信和其他电子设备制造业
300219,2018,计算机、通信和其他电子设备制造业
300219,2019,计算机、通信和其他电子设备制造业
300220,2015,计算机、通信和其他电子设备制造业
300220,2016,计算机、通信和其他电子设备制造业
300220,2017,计算机、通信和其他电子设备制造业
300220,2018,计算机、通信和其他电子设备制造业
300220,2019,计算机、通信和其他电子设备制造业
300221,2015,橡胶和塑料制品业
300221,2016,橡胶和塑料制品业
300221,2017,橡胶和塑料制品业
300221,2018,橡胶和塑料制品业
300221,2019,橡胶和塑料制品业
300222,2015,电气机械和器材制造业
300222,2016,电气机械和器材制造业
300222,2017,电气机械和器材制造业
300222,2018,电气机械和器材制造业
300222,2019,电气机械和器材制造业
300223,2015,计算机、通信和其他电子设备制造业
300223,2016,计算机、通信和其他电子设备制造业
300223,2017,计算机、通信和其他电子设备制造业
300223,2018,计算机、通信和其他电子设备制造业
300223,2019,计算机、通信和其他电子设备制造业
300224,2015,非金属矿物制品业
300224,2016,非金属矿物制品业
300224,2017,非金属矿物制品业
300224,2018,非金属矿物制品业
300224,2019,非金属矿物制品业
300225,2015,化学原料和化学制品制造业
300225,2016,化学原料和化学制品制造业
300225,2017,化学原料和化学制品制造业
300225,2018,化学原料和化学制品制造业
300225,2019,化学原料和化学制品制造业
300226,2015,互联网和相关服务
300226,2016,互联网和相关服务
300226,2017,互联网和相关服务
300226,2018,互联网和相关服务
300226,2019,互联网和相关服务
300227,2015,计算机、通信和其他电子设备制造业
300227,2016,计算机、通信和其他电子设备制造业
300227,2017,计算机、通信和其他电子设备制造业
300227,2018,计算机、通信和其他电子设备制造业
300227,2019,计算机、通信和其他电子设备制造业
300228,2015,专用设备制造业
300228,2016,专用设备制造业
300228,2017,专用设备制造业
300228,2018,专用设备制造业
300228,2019,专用设备制造业
300229,2015,软件和信息技术服务业
300229,2016,软件和信息技术服务业
300229,2017,软件和信息技术服务业
300229,2018,软件和信息技术服务业
300229,2019,软件和信息技术服务业
300230,2015,橡胶和塑料制品业
300230,2016,橡胶和塑料制品业
300230,2017,橡胶和塑料制品业
300230,2018,橡胶和塑料制品业
300230,2019,橡胶和塑料制品业
300231,2015,软件和信息技术服务业
300231,2016,软件和信息技术服务业
300231,2017,软件和信息技术服务业
300231,2018,软件和信息技术服务业
300231,2019,软件和信息技术服务业
300232,2015,计算机、通信和其他电子设备制造业
300232,2016,计算机、通信和其他电子设备制造业
300232,2017,计算机、通信和其他电子设备制造业
300232,2018,计算机、通信和其他电子设备制造业
300232,2019,计算机、通信和其他电子设备制造业
300233,2015,医药制造业
300233,2016,医药制造业
300233,2017,医药制造业
300233,2018,医药制造业
300233,2019,医药制造业
300234,2015,非金属矿物制品业
300234,2016,非金属矿物制品业
300234,2017,非金属矿物制品业
300234,2018,非金属矿物制品业
300234,2019,非金属矿物制品业
300235,2015,软件和信息技术服务业
300235,2016,软件和信息技术服务业
300235,2017,软件和信息技术服务业
300235,2018,软件和信息技术服务业
300235,2019,软件和信息技术服务业
300236,2015,化学原料和化学制品制造业
300236,2016,化学原料和化学制品制造业
300236,2017,化学原料和化学制品制造业
300236,2018,化学原料和化学制品制造业
300236,2019,化学原料和化学制品制造业
300237,2015,汽车制造业
300237,2016,土木工程建筑业
300237,2017,土木工程建筑业
300237,2018,土木工程建筑业
300237,2019,土木工程建筑业
300238,2015,专用设备制造业
300238,2016,专用设备制造业
300238,2017,专用设备制造业
300238,2018,专用设备制造业
300238,2019,专用设备制造业
300239,2015,医药制造业
300239,2016,医药制造业
300239,2017,医药制造业
300239,2018,医药制造业
300239,2019,医药制造业
300240,2015,装卸搬运和仓储业
300240,2016,装卸搬运和仓储业
300240,2017,装卸搬运和仓储业
300240,2018,装卸搬运和仓储业
300240,2019,装卸搬运和仓储业
300241,2015,计算机、通信和其他电子设备制造业
300241,2016,计算机、通信和其他电子设备制造业
300241,2017,计算机、通信和其他电子设备制造业
300241,2018,计算机、通信和其他电子设备制造业
300241,2019,计算机、通信和其他电子设备制造业
300242,2015,电气机械和器材制造业
300242,2016,互联网和相关服务
300242,2017,互联网和相关服务
300242,2018,互联网和相关服务
300242,2019,互联网和相关服务
300243,2015,化学原料和化学制品制造业
300243,2016,化学原料和化学制品制造业
300243,2017,化学原料和化学制品制造业
300243,2018,化学原料和化学制品制造业
300243,2019,化学原料和化学制品制造业
300244,2015,卫生
300244,2016,卫生
300244,2017,卫生
300244,2018,卫生
300244,2019,卫生
300245,2015,软件和信息技术服务业
300245,2016,软件和信息技术服务业
300245,2017,软件和信息技术服务业
300245,2018,软件和信息技术服务业
300245,2019,软件和信息技术服务业
300246,2015,专用设备制造业
300246,2016,专用设备制造业
300246,2017,专用设备制造业
300246,2018,专用设备制造业
300246,2019,专用设备制造业
300247,2015,电气机械和器材制造业
300247,2016,电气机械和器材制造业
300247,2017,电气机械和器材制造业
300247,2018,电气机械和器材制造业
300247,2019,电气机械和器材制造业
300248,2015,软件和信息技术服务业
300248,2016,软件和信息技术服务业
300248,2017,软件和信息技术服务业
300248,2018,软件和信息技术服务业
300248,2019,软件和信息技术服务业
300249,2015,专用设备制造业
300249,2016,专用设备制造业
300249,2017,专用设备制造业
300249,2018,软件和信息技术服务业
300249,2019,软件和信息技术服务业
300250,2015,计算机、通信和其他电子设备制造业
300250,2016,计算机、通信和其他电子设备制造业
300250,2017,计算机、通信和其他电子设备制造业
300250,2018,软件和信息技术服务业
300250,2019,软件和信息技术服务业
300251,2015,广播、电视、电影和录音制作业
300251,2016,广播、电视、电影和录音制作业
300251,2017,广播、电视、电影和录音制作业
300251,2018,广播、电视、电影和录音制作业
300251,2019,广播、电视、电影和录音制作业
300252,2015,电气机械和器材制造业
300252,2016,电气机械和器材制造业
300252,2017,电气机械和器材制造业
300252,2018,电气机械和器材制造业
300252,2019,电气机械和器材制造业
300253,2015,软件和信息技术服务业
300253,2016,软件和信息技术服务业
300253,2017,软件和信息技术服务业
300253,2018,软件和信息技术服务业
300253,2019,软件和信息技术服务业
300254,2015,医药制造业
300254,2016,医药制造业
300254,2017,医药制造业
300254,2018,医药制造业
300254,2019,医药制造业
300255,2015,医药制造业
300255,2016,医药制造业
300255,2017,医药制造业
300255,2018,医药制造业
300255,2019,医药制造业
300256,2015,计算机、通信和其他电子设备制造业
300256,2016,计算机、通信和其他电子设备制造业
300256,2017,计算机、通信和其他电子设备制造业
300256,2018,计算机、通信和其他电子设备制造业
300256,2019,计算机、通信和其他电子设备制造业
300257,2015,通用设备制造业
300257,2016,通用设备制造业
300257,2017,通用设备制造业
300257,2018,通用设备制造业
300257,2019,通用设备制造业
300258,2015,汽车制造业
300258,2016,汽车制造业
300258,2017,汽车制造业
300258,2018,汽车制造业
300258,2019,汽车制造业
300259,2015,仪器仪表制造业
300259,2016,仪器仪表制造业
300259,2017,仪器仪表制造业
300259,2018,仪器仪表制造业
300259,2019,仪器仪表制造业
300260,2015,通用设备制造业
300260,2016,通用设备制造业
300260,2017,通用设备制造业
300260,2018,通用设备制造业
300260,2019,通用设备制造业
300261,2015,化学原料和化学制品制造业
300261,2016,化学原料和化学制品制造业
300261,2017,化学原料和化学制品制造业
300261,2018,化学原料和化学制品制造业
300261,2019,化学原料和化学制品制造业
300262,2015,土木工程建筑业
300262,2016,土木工程建筑业
300262,2017,土木工程建筑业
300262,2018,生态保护和环境治理业
300262,2019,生态保护和环境治理业
300263,2015,通用设备制造业
300263,2016,通用设备制造业
300263,2017,通用设备制造业
300263,2018,通用设备制造业
300263,2019,通用设备制造业
300264,2015,软件和信息技术服务业
300264,2016,软件和信息技术服务业
300264,2017,软件和信息技术服务业
300264,2018,软件和信息技术服务业
300264,2019,软件和信息技术服务业
300265,2015,电气机械和器材制造业
300265,2016,电气机械和器材制造业
300265,2017,电气机械和器材制造业
300265,2018,电气机械和器材制造业
300265,2019,电气机械和器材制造业
300266,2015,通用设备制造业
300266,2016,通用设备制造业
300266,2017,生态保护和环境治理业
300266,2018,生态保护和环境治理业
300266,2019,生态保护和环境治理业
300267,2015,医药制造业
300267,2016,医药制造业
300267,2017,医药制造业
300267,2018,医药制造业
300267,2019,医药制造业
300268,2015,农副食品加工业
300268,2016,农副食品加工业
300268,2017,农副食品加工业
300268,2018,农副食品加工业
300268,2019,农副食品加工业
300269,2015,计算机、通信和其他电子设备制造业
300269,2016,商务服务业
300269,2017,商务服务业
300269,2018,商务服务业
300269,2019,商务服务业
300270,2015,计算机、通信和其他电子设备制造业
300270,2016,计算机、通信和其他电子设备制造业
300270,2017,计算机、通信和其他电子设备制造业
300270,2018,计算机、通信和其他电子设备制造业
300270,2019,计算机、通信和其他电子设备制造业
300271,2015,软件和信息技术服务业
300271,2016,软件和信息技术服务业
300271,2017,软件和信息技术服务业
300271,2018,软件和信息技术服务业
300271,2019,软件和信息技术服务业
300272,2015,电气机械和器材制造业
300272,2016,电气机械和器材制造业
300272,2017,电气机械和器材制造业
300272,2018,电气机械和器材制造业
300272,2019,电气机械和器材制造业
300273,2015,专用设备制造业
300273,2016,专用设备制造业
300273,2017,专用设备制造业
300273,2018,专用设备制造业
300273,2019,专用设备制造业
300274,2015,电气机械和器材制造业
300274,2016,电气机械和器材制造业
300274,2017,电气机械和器材制造业
300274,2018,电气机械和器材制造业
300274,2019,电气机械和器材制造业
300275,2015,软件和信息技术服务业
300275,2016,软件和信息技术服务业
300275,2017,软件和信息技术服务业
300275,2018,软件和信息技术服务业
300275,2019,软件和信息技术服务业
300276,2015,专用设备制造业
300276,2016,专用设备制造业
300276,2017,专用设备制造业
300276,2018,专用设备制造业
300276,2019,专用设备制造业
300277,2015,软件和信息技术服务业
300277,2016,软件和信息技术服务业
300277,2017,软件和信息技术服务业
300277,2018,软件和信息技术服务业
300277,2019,软件和信息技术服务业
300278,2015,专用设备制造业
300278,2016,专用设备制造业
300278,2017,专用设备制造业
300278,2018,专用设备制造业
300278,2019,专用设备制造业
300279,2015,电气机械和器材制造业
300279,2016,电气机械和器材制造业
300279,2017,电气机械和器材制造业
300279,2018,电气机械和器材制造业
300279,2019,电气机械和器材制造业
300280,2015,通用设备制造业
300280,2016,通用设备制造业
300280,2017,通用设备制造业
300280,2018,通用设备制造业
300280,2019,通用设备制造业
300281,2015,专用设备制造业
300281,2016,专用设备制造业
300281,2017,专用设备制造业
300281,2018,专用设备制造业
300281,2019,专用设备制造业
300282,2015,计算机、通信和其他电子设备制造业
300282,2016,计算机、通信和其他电子设备制造业
300282,2017,计算机、通信和其他电子设备制造业
300282,2018,计算机、通信和其他电子设备制造业
300282,2019,计算机、通信和其他电子设备制造业
300283,2015,电气机械和器材制造业
300283,2016,电气机械和器材制造业
300283,2017,电气机械和器材制造业
300283,2018,电气机械和器材制造业
300283,2019,电气机械和器材制造业
300284,2015,专业技术服务业
300284,2016,专业技术服务业
300284,2017,专业技术服务业
300284,2018,专业技术服务业
300284,2019,专业技术服务业
300285,2015,化学原料和化学制品制造业
300285,2016,化学原料和化学制品制造业
300285,2017,化学原料和化学制品制造业
300285,2018,化学原料和化学制品制造业
300285,2019,化学原料和化学制品制造业
300286,2015,仪器仪表制造业
300286,2016,仪器仪表制造业
300286,2017,仪器仪表制造业
300286,2018,仪器仪表制造业
300286,2019,仪器仪表制造业
300287,2015,软件和信息技术服务业
300287,2016,软件和信息技术服务业
300287,2017,软件和信息技术服务业
300287,2018,软件和信息技术服务业
300287,2019,软件和信息技术服务业
300288,2015,电信、广播电视和卫星传输服务
300288,2016,电信、广播电视和卫星传输服务
300288,2017,电信、广播电视和卫星传输服务
300288,2018,电信、广播电视和卫星传输服务
300288,2019,电信、广播电视和卫星传输服务
300289,2015,医药制造业
300289,2016,医药制造业
300289,2017,医药制造业
300289,2018,医药制造业
300289,2019,医药制造业
300290,2015,软件和信息技术服务业
300290,2016,软件和信息技术服务业
300290,2017,软件和信息技术服务业
300290,2018,软件和信息技术服务业
300290,2019,软件和信息技术服务业
300291,2015,广播、电视、电影和录音制作业
300291,2016,广播、电视、电影和录音制作业
300291,2017,广播、电视、电影和录音制作业
300291,2018,广播、电视、电影和录音制作业
300291,2019,广播、电视、电影和录音制作业
300292,2015,计算机、通信和其他电子设备制造业
300292,2016,计算机、通信和其他电子设备制造业
300292,2017,计算机、通信和其他电子设备制造业
300292,2018,软件和信息技术服务业
300292,2019,软件和信息技术服务业
300293,2015,专用设备制造业
300293,2016,专用设备制造业
300293,2017,专用设备制造业
300293,2018,专用设备制造业
300293,2019,专用设备制造业
300294,2015,医药制造业
300294,2016,医药制造业
300294,2017,医药制造业
300294,2018,医药制造业
300294,2019,医药制造业
300295,2015,互联网和相关服务
300295,2016,互联网和相关服务
300295,2017,互联网和相关服务
300295,2018,互联网和相关服务
300295,2019,互联网和相关服务
300296,2015,计算机、通信和其他电子设备制造业
300296,2016,计算机、通信和其他电子设备制造业
300296,2017,计算机、通信和其他电子设备制造业
300296,2018,计算机、通信和其他电子设备制造业
300296,2019,计算机、通信和其他电子设备制造业
300297,2015,软件和信息技术服务业
300297,2016,软件和信息技术服务业
300297,2017,软件和信息技术服务业
300297,2018,软件和信息技术服务业
300297,2019,软件和信息技术服务业
300298,2015,专用设备制造业
300298,2016,专用设备制造业
300298,2017,专用设备制造业
300298,2018,专用设备制造业
300298,2019,专用设备制造业
300299,2015,软件和信息技术服务业
300299,2016,软件和信息技术服务业
300299,2017,软件和信息技术服务业
300299,2018,软件和信息技术服务业
300299,2019,软件和信息技术服务业
300300,2015,软件和信息技术服务业
300300,2016,软件和信息技术服务业
300300,2017,软件和信息技术服务业
300300,2018,软件和信息技术服务业
300300,2019,软件和信息技术服务业
300301,2015,计算机、通信和其他电子设备制造业
300301,2016,计算机、通信和其他电子设备制造业
300301,2017,计算机、通信和其他电子设备制造业
300301,2018,计算机、通信和其他电子设备制造业
300301,2019,计算机、通信和其他电子设备制造业
300302,2015,软件和信息技术服务业
300302,2016,软件和信息技术服务业
300302,2017,软件和信息技术服务业
300302,2018,软件和信息技术服务业
300302,2019,软件和信息技术服务业
300303,2015,计算机、通信和其他电子设备制造业
300303,2016,计算机、通信和其他电子设备制造业
300303,2017,计算机、通信和其他电子设备制造业
300303,2018,计算机、通信和其他电子设备制造业
300303,2019,计算机、通信和其他电子设备制造业
300304,2015,汽车制造业
300304,2016,汽车制造业
300304,2017,汽车制造业
300304,2018,汽车制造业
300304,2019,汽车制造业
300305,2015,橡胶和塑料制品业
300305,2016,橡胶和塑料制品业
300305,2017,橡胶和塑料制品业
300305,2018,橡胶和塑料制品业
300305,2019,橡胶和塑料制品业
300306,2015,仪器仪表制造业
300306,2016,仪器仪表制造业
300306,2017,仪器仪表制造业
300306,2018,仪器仪表制造业
300306,2019,仪器仪表制造业
300307,2015,专用设备制造业
300307,2016,专用设备制造业
300307,2017,专用设备制造业
300307,2018,专用设备制造业
300307,2019,专用设备制造业
300308,2015,专用设备制造业
300308,2016,专用设备制造业
300308,2017,专用设备制造业
300308,2018,计算机、通信和其他电子设备制造业
300308,2019,计算机、通信和其他电子设备制造业
300310,2015,电信、广播电视和卫星传输服务
300310,2016,电信、广播电视和卫星传输服务
300310,2017,电信、广播电视和卫星传输服务
300310,2018,电信、广播电视和卫星传输服务
300310,2019,电信、广播电视和卫星传输服务
300311,2015,软件和信息技术服务业
300311,2016,软件和信息技术服务业
300311,2017,软件和信息技术服务业
300311,2018,软件和信息技术服务业
300311,2019,软件和信息技术服务业
300312,2015,软件和信息技术服务业
300312,2016,软件和信息技术服务业
300312,2017,软件和信息技术服务业
300312,2018,软件和信息技术服务业
300312,2019,软件和信息技术服务业
300313,2015,畜牧业
300313,2016,畜牧业
300313,2017,畜牧业
300313,2018,商务服务业
300313,2019,畜牧业
300314,2015,专用设备制造业
300314,2016,专用设备制造业
300314,2017,专用设备制造业
300314,2018,专用设备制造业
300314,2019,专用设备制造业
300315,2015,软件和信息技术服务业
300315,2016,互联网和相关服务
300315,2017,互联网和相关服务
300315,2018,互联网和相关服务
300315,2019,互联网和相关服务
300316,2015,专用设备制造业
300316,2016,专用设备制造业
300316,2017,专用设备制造业
300316,2018,专用设备制造业
300316,2019,专用设备制造业
300317,2015,电气机械和器材制造业
300317,2016,电气机械和器材制造业
300317,2017,电气机械和器材制造业
300317,2018,电气机械和器材制造业
300317,2019,电气机械和器材制造业
300318,2015,专用设备制造业
300318,2016,专用设备制造业
300318,2017,专用设备制造业
300318,2018,专用设备制造业
300318,2019,专用设备制造业
300319,2015,计算机、通信和其他电子设备制造业
300319,2016,计算机、通信和其他电子设备制造业
300319,2017,计算机、通信和其他电子设备制造业
300319,2018,计算机、通信和其他电子设备制造业
300319,2019,计算机、通信和其他电子设备制造业
300320,2015,橡胶和塑料制品业
300320,2016,橡胶和塑料制品业
300320,2017,橡胶和塑料制品业
300320,2018,橡胶和塑料制品业
300320,2019,橡胶和塑料制品业
300321,2015,橡胶和塑料制品业
300321,2016,橡胶和塑料制品业
300321,2017,橡胶和塑料制品业
300321,2018,橡胶和塑料制品业
300321,2019,橡胶和塑料制品业
300322,2015,计算机、通信和其他电子设备制造业
300322,2016,计算机、通信和其他电子设备制造业
300322,2017,计算机、通信和其他电子设备制造业
300322,2018,计算机、通信和其他电子设备制造业
300322,2019,计算机、通信和其他电子设备制造业
300323,2015,计算机、通信和其他电子设备制造业
300323,2016,计算机、通信和其他电子设备制造业
300323,2017,计算机、通信和其他电子设备制造业
300323,2018,计算机、通信和其他电子设备制造业
300323,2019,计算机、通信和其他电子设备制造业
300324,2015,软件和信息技术服务业
300324,2016,软件和信息技术服务业
300324,2017,软件和信息技术服务业
300324,2018,软件和信息技术服务业
300324,2019,软件和信息技术服务业
300325,2015,橡胶和塑料制品业
300325,2016,橡胶和塑料制品业
300325,2017,橡胶和塑料制品业
300325,2018,橡胶和塑料制品业
300325,2019,橡胶和塑料制品业
300326,2015,专用设备制造业
300326,2016,专用设备制造业
300326,2017,专用设备制造业
300326,2018,专用设备制造业
300326,2019,专用设备制造业
300327,2015,计算机、通信和其他电子设备制造业
300327,2016,计算机、通信和其他电子设备制造业
300327,2017,计算机、通信和其他电子设备制造业
300327,2018,计算机、通信和其他电子设备制造业
300327,2019,计算机、通信和其他电子设备制造业
300328,2015,金属制品业
300328,2016,金属制品业
300328,2017,金属制品业
300328,2018,金属制品业
300328,2019,金属制品业
300329,2015,文教、工美、体育和娱乐用品制造业
300329,2016,文教、工美、体育和娱乐用品制造业
300329,2017,文教、工美、体育和娱乐用品制造业
300329,2018,文教、工美、体育和娱乐用品制造业
300329,2019,文教、工美、体育和娱乐用品制造业
300330,2015,软件和信息技术服务业
300330,2016,软件和信息技术服务业
300330,2017,软件和信息技术服务业
300330,2018,软件和信息技术服务业
300330,2019,软件和信息技术服务业
300331,2015,计算机、通信和其他电子设备制造业
300331,2016,计算机、通信和其他电子设备制造业
300331,2017,计算机、通信和其他电子设备制造业
300331,2018,计算机、通信和其他电子设备制造业
300331,2019,计算机、通信和其他电子设备制造业
300332,2015,燃气生产和供应业
300332,2016,燃气生产和供应业
300332,2017,燃气生产和供应业
300332,2018,燃气生产和供应业
300332,2019,燃气生产和供应业
300333,2015,软件和信息技术服务业
300333,2016,软件和信息技术服务业
300333,2017,软件和信息技术服务业
300333,2018,软件和信息技术服务业
300333,2019,软件和信息技术服务业
300334,2015,专用设备制造业
300334,2016,专用设备制造业
300334,2017,专用设备制造业
300334,2018,专用设备制造业
300334,2019,专用设备制造业
300335,2015,电力、热力生产和供应业
300335,2016,电力、热力生产和供应业
300335,2017,电力、热力生产和供应业
300335,2018,电力、热力生产和供应业
300335,2019,电力、热力生产和供应业
300336,2015,广播、电视、电影和录音制作业
300336,2016,广播、电视、电影和录音制作业
300336,2017,广播、电视、电影和录音制作业
300336,2018,广播、电视、电影和录音制作业
300336,2019,广播、电视、电影和录音制作业
300337,2015,有色金属冶炼和压延加工业
300337,2016,有色金属冶炼和压延加工业
300337,2017,有色金属冶炼和压延加工业
300337,2018,有色金属冶炼和压延加工业
300337,2019,有色金属冶炼和压延加工业
300338,2015,仪器仪表制造业
300338,2016,仪器仪表制造业
300338,2017,仪器仪表制造业
300338,2018,仪器仪表制造业
300338,2019,教育
300339,2015,软件和信息技术服务业
300339,2016,软件和信息技术服务业
300339,2017,软件和信息技术服务业
300339,2018,软件和信息技术服务业
300339,2019,软件和信息技术服务业
300340,2015,计算机、通信和其他电子设备制造业
300340,2016,计算机、通信和其他电子设备制造业
300340,2017,计算机、通信和其他电子设备制造业
300340,2018,计算机、通信和其他电子设备制造业
300340,2019,电气机械和器材制造业
300341,2015,电气机械和器材制造业
300341,2016,电气机械和器材制造业
300341,2017,电气机械和器材制造业
300341,2018,电气机械和器材制造业
300341,2019,电气机械和器材制造业
300342,2015,电气机械和器材制造业
300342,2016,电气机械和器材制造业
300342,2017,电气机械和器材制造业
300342,2018,电气机械和器材制造业
300342,2019,电气机械和器材制造业
300343,2015,化学原料和化学制品制造业
300343,2016,互联网和相关服务
300343,2017,互联网和相关服务
300343,2018,互联网和相关服务
300343,2019,互联网和相关服务
300344,2015,非金属矿物制品业
300344,2016,非金属矿物制品业
300344,2017,非金属矿物制品业
300344,2018,非金属矿物制品业
300344,2019,商务服务业
300345,2015,金属制品业
300345,2016,金属制品业
300345,2017,金属制品业
300345,2018,金属制品业
300345,2019,金属制品业
300346,2015,计算机、通信和其他电子设备制造业
300346,2016,计算机、通信和其他电子设备制造业
300346,2017,计算机、通信和其他电子设备制造业
300346,2018,计算机、通信和其他电子设备制造业
300346,2019,计算机、通信和其他电子设备制造业
300347,2015,卫生
300347,2016,卫生
300347,2017,卫生
300347,2018,卫生
300347,2019,卫生
300348,2015,软件和信息技术服务业
300348,2016,软件和信息技术服务业
300348,2017,软件和信息技术服务业
300348,2018,软件和信息技术服务业
300348,2019,软件和信息技术服务业
300349,2015,仪器仪表制造业
300349,2016,仪器仪表制造业
300349,2017,仪器仪表制造业
300349,2018,软件和信息技术服务业
300349,2019,软件和信息技术服务业
300350,2015,装卸搬运和仓储业
300350,2016,装卸搬运和仓储业
300350,2017,软件和信息技术服务业
300350,2018,软件和信息技术服务业
300350,2019,软件和信息技术服务业
300351,2015,计算机、通信和其他电子设备制造业
300351,2016,计算机、通信和其他电子设备制造业
300351,2017,计算机、通信和其他电子设备制造业
300351,2018,计算机、通信和其他电子设备制造业
300351,2019,计算机、通信和其他电子设备制造业
300352,2015,软件和信息技术服务业
300352,2016,软件和信息技术服务业
300352,2017,软件和信息技术服务业
300352,2018,软件和信息技术服务业
300352,2019,软件和信息技术服务业
300353,2015,计算机、通信和其他电子设备制造业
300353,2016,计算机、通信和其他电子设备制造业
300353,2017,计算机、通信和其他电子设备制造业
300353,2018,计算机、通信和其他电子设备制造业
300353,2019,计算机、通信和其他电子设备制造业
300354,2015,仪器仪表制造业
300354,2016,仪器仪表制造业
300354,2017,仪器仪表制造业
300354,2018,仪器仪表制造业
300354,2019,仪器仪表制造业
300355,2015,土木工程建筑业
300355,2016,土木工程建筑业
300355,2017,生态保护和环境治理业
300355,2018,生态保护和环境治理业
300355,2019,生态保护和环境治理业
300356,2015,电气机械和器材制造业
300356,2016,电气机械和器材制造业
300356,2017,电气机械和器材制造业
300356,2018,电气机械和器材制造业
300356,2019,电气机械和器材制造业
300357,2015,医药制造业
300357,2016,医药制造业
300357,2017,医药制造业
300357,2018,医药制造业
300357,2019,医药制造业
300358,2015,专用设备制造业
300358,2016,专用设备制造业
300358,2017,专用设备制造业
300358,2018,专用设备制造业
300358,2019,专用设备制造业
300359,2015,软件和信息技术服务业
300359,2016,软件和信息技术服务业
300359,2017,软件和信息技术服务业
300359,2018,软件和信息技术服务业
300359,2019,软件和信息技术服务业
300360,2015,仪器仪表制造业
300360,2016,仪器仪表制造业
300360,2017,仪器仪表制造业
300360,2018,仪器仪表制造业
300360,2019,仪器仪表制造业
300362,2015,通用设备制造业
300362,2016,通用设备制造业
300362,2017,通用设备制造业
300362,2018,通用设备制造业
300362,2019,通用设备制造业
300363,2015,医药制造业
300363,2016,医药制造业
300363,2017,医药制造业
300363,2018,医药制造业
300363,2019,医药制造业
300364,2015,新闻和出版业
300364,2016,新闻和出版业
300364,2017,新闻和出版业
300364,2018,新闻和出版业
300364,2019,新闻和出版业
300365,2015,软件和信息技术服务业
300365,2016,软件和信息技术服务业
300365,2017,软件和信息技术服务业
300365,2018,软件和信息技术服务业
300365,2019,软件和信息技术服务业
300366,2015,软件和信息技术服务业
300366,2016,软件和信息技术服务业
300366,2017,软件和信息技术服务业
300366,2018,软件和信息技术服务业
300366,2019,软件和信息技术服务业
300367,2015,计算机、通信和其他电子设备制造业
300367,2016,计算机、通信和其他电子设备制造业
300367,2017,计算机、通信和其他电子设备制造业
300367,2018,计算机、通信和其他电子设备制造业
300367,2019,计算机、通信和其他电子设备制造业
300368,2015,专用设备制造业
300368,2016,专用设备制造业
300368,2017,专用设备制造业
300368,2018,专用设备制造业
300368,2019,专用设备制造业
300369,2015,软件和信息技术服务业
300369,2016,软件和信息技术服务业
300369,2017,软件和信息技术服务业
300369,2018,软件和信息技术服务业
300369,2019,软件和信息技术服务业
300370,2015,仪器仪表制造业
300370,2016,仪器仪表制造业
300370,2017,仪器仪表制造业
300370,2018,仪器仪表制造业
300370,2019,仪器仪表制造业
300371,2015,仪器仪表制造业
300371,2016,仪器仪表制造业
300371,2017,仪器仪表制造业
300371,2018,仪器仪表制造业
300371,2019,仪器仪表制造业
300372,2015,电气机械和器材制造业
300372,2016,电气机械和器材制造业
300373,2015,计算机、通信和其他电子设备制造业
300373,2016,计算机、通信和其他电子设备制造业
300373,2017,计算机、通信和其他电子设备制造业
300373,2018,计算机、通信和其他电子设备制造业
300373,2019,计算机、通信和其他电子设备制造业
300374,2015,非金属矿物制品业
300374,2016,非金属矿物制品业
300374,2017,非金属矿物制品业
300374,2018,非金属矿物制品业
300374,2019,非金属矿物制品业
300375,2015,橡胶和塑料制品业
300375,2016,橡胶和塑料制品业
300375,2017,橡胶和塑料制品业
300375,2018,橡胶和塑料制品业
300375,2019,橡胶和塑料制品业
300376,2015,电气机械和器材制造业
300376,2016,电气机械和器材制造业
300376,2017,电气机械和器材制造业
300376,2018,电气机械和器材制造业
300376,2019,电气机械和器材制造业
300377,2015,软件和信息技术服务业
300377,2016,软件和信息技术服务业
300377,2017,软件和信息技术服务业
300377,2018,软件和信息技术服务业
300377,2019,软件和信息技术服务业
300378,2015,软件和信息技术服务业
300378,2016,软件和信息技术服务业
300378,2017,软件和信息技术服务业
300378,2018,软件和信息技术服务业
300378,2019,软件和信息技术服务业
300379,2015,软件和信息技术服务业
300379,2016,软件和信息技术服务业
300379,2017,软件和信息技术服务业
300379,2018,软件和信息技术服务业
300379,2019,软件和信息技术服务业
300380,2015,软件和信息技术服务业
300380,2016,软件和信息技术服务业
300380,2017,软件和信息技术服务业
300380,2018,软件和信息技术服务业
300380,2019,软件和信息技术服务业
300381,2015,食品制造业
300381,2016,食品制造业
300381,2017,食品制造业
300381,2018,食品制造业
300381,2019,医药制造业
300382,2015,专用设备制造业
300382,2016,专用设备制造业
300382,2017,专用设备制造业
300382,2018,专用设备制造业
300382,2019,专用设备制造业
300383,2015,互联网和相关服务
300383,2016,软件和信息技术服务业
300383,2017,软件和信息技术服务业
300383,2018,软件和信息技术服务业
300383,2019,软件和信息技术服务业
300384,2015,专业技术服务业
300384,2016,专业技术服务业
300384,2017,专业技术服务业
300384,2018,专业技术服务业
300384,2019,专业技术服务业
300385,2015,专用设备制造业
300385,2016,专用设备制造业
300385,2017,专用设备制造业
300385,2018,专用设备制造业
300385,2019,专用设备制造业
300386,2015,软件和信息技术服务业
300386,2016,软件和信息技术服务业
300386,2017,软件和信息技术服务业
300386,2018,软件和信息技术服务业
300386,2019,软件和信息技术服务业
300387,2015,化学原料和化学制品制造业
300387,2016,化学原料和化学制品制造业
300387,2017,化学原料和化学制品制造业
300387,2018,化学原料和化学制品制造业
300387,2019,化学原料和化学制品制造业
300388,2015,生态保护和环境治理业
300388,2016,生态保护和环境治理业
300388,2017,生态保护和环境治理业
300388,2018,生态保护和环境治理业
300388,2019,生态保护和环境治理业
300389,2015,计算机、通信和其他电子设备制造业
300389,2016,计算机、通信和其他电子设备制造业
300389,2017,计算机、通信和其他电子设备制造业
300389,2018,计算机、通信和其他电子设备制造业
300389,2019,计算机、通信和其他电子设备制造业
300390,2015,计算机、通信和其他电子设备制造业
300390,2016,计算机、通信和其他电子设备制造业
300390,2017,计算机、通信和其他电子设备制造业
300390,2018,计算机、通信和其他电子设备制造业
300390,2019,计算机、通信和其他电子设备制造业
300391,2015,通用设备制造业
300391,2016,通用设备制造业
300391,2017,通用设备制造业
300391,2018,电气机械和器材制造业
300391,2019,电气机械和器材制造业
300392,2015,互联网和相关服务
300392,2016,互联网和相关服务
300392,2017,互联网和相关服务
300392,2018,互联网和相关服务
300392,2019,互联网和相关服务
300393,2015,计算机、通信和其他电子设备制造业
300393,2016,计算机、通信和其他电子设备制造业
300393,2017,计算机、通信和其他电子设备制造业
300393,2018,计算机、通信和其他电子设备制造业
300393,2019,计算机、通信和其他电子设备制造业
300394,2015,计算机、通信和其他电子设备制造业
300394,2016,计算机、通信和其他电子设备制造业
300394,2017,计算机、通信和其他电子设备制造业
300394,2018,计算机、通信和其他电子设备制造业
300394,2019,计算机、通信和其他电子设备制造业
300395,2015,非金属矿物制品业
300395,2016,非金属矿物制品业
300395,2017,非金属矿物制品业
300395,2018,非金属矿物制品业
300395,2019,非金属矿物制品业
300396,2015,专用设备制造业
300396,2016,专用设备制造业
300396,2017,专用设备制造业
300396,2018,专用设备制造业
300396,2019,专用设备制造业
300397,2015,计算机、通信和其他电子设备制造业
300397,2016,计算机、通信和其他电子设备制造业
300397,2017,计算机、通信和其他电子设备制造业
300397,2018,计算机、通信和其他电子设备制造业
300397,2019,计算机、通信和其他电子设备制造业
300398,2015,化学原料和化学制品制造业
300398,2016,化学原料和化学制品制造业
300398,2017,化学原料和化学制品制造业
300398,2018,化学原料和化学制品制造业
300398,2019,化学原料和化学制品制造业
300399,2015,软件和信息技术服务业
300399,2016,软件和信息技术服务业
300399,2017,软件和信息技术服务业
300399,2018,软件和信息技术服务业
300399,2019,软件和信息技术服务业
300400,2015,专用设备制造业
300400,2016,专用设备制造业
300400,2017,专用设备制造业
300400,2018,专用设备制造业
300400,2019,专用设备制造业
300401,2015,食品制造业
300401,2016,食品制造业
300401,2017,食品制造业
300401,2018,食品制造业
300401,2019,食品制造业
300402,2015,专用设备制造业
300402,2016,专用设备制造业
300402,2017,专用设备制造业
300402,2018,专用设备制造业
300402,2019,专用设备制造业
300403,2015,电气机械和器材制造业
300403,2016,电气机械和器材制造业
300403,2017,电气机械和器材制造业
300403,2018,电气机械和器材制造业
300403,2019,电气机械和器材制造业
300404,2015,研究和试验发展
300404,2016,研究和试验发展
300404,2017,研究和试验发展
300404,2018,研究和试验发展
300404,2019,研究和试验发展
300405,2015,化学原料和化学制品制造业
300405,2016,化学原料和化学制品制造业
300405,2017,化学原料和化学制品制造业
300405,2018,化学原料和化学制品制造业
300405,2019,化学原料和化学制品制造业
300406,2015,医药制造业
300406,2016,医药制造业
300406,2017,医药制造业
300406,2018,医药制造业
300406,2019,医药制造业
300407,2015,电气机械和器材制造业
300407,2016,电气机械和器材制造业
300407,2017,电气机械和器材制造业
300407,2018,电气机械和器材制造业
300407,2019,电气机械和器材制造业
300408,2015,计算机、通信和其他电子设备制造业
300408,2016,计算机、通信和其他电子设备制造业
300408,2017,计算机、通信和其他电子设备制造业
300408,2018,计算机、通信和其他电子设备制造业
300408,2019,计算机、通信和其他电子设备制造业
300409,2015,非金属矿物制品业
300409,2016,非金属矿物制品业
300409,2017,非金属矿物制品业
300409,2018,非金属矿物制品业
300409,2019,非金属矿物制品业
300410,2015,仪器仪表制造业
300410,2016,仪器仪表制造业
300410,2017,仪器仪表制造业
300410,2018,专用设备制造业
300410,2019,专用设备制造业
300411,2015,通用设备制造业
300411,2016,通用设备制造业
300411,2017,通用设备制造业
300411,2018,通用设备制造业
300411,2019,通用设备制造业
300412,2015,专用设备制造业
300412,2016,专用设备制造业
300412,2017,专用设备制造业
300412,2018,专用设备制造业
300412,2019,专用设备制造业
300413,2015,零售业
300413,2016,零售业
300413,2017,零售业
300413,2018,文化艺术业
300413,2019,文化艺术业
300414,2015,计算机、通信和其他电子设备制造业
300414,2016,计算机、通信和其他电子设备制造业
300414,2017,计算机、通信和其他电子设备制造业
300414,2018,计算机、通信和其他电子设备制造业
300414,2019,计算机、通信和其他电子设备制造业
300415,2015,专用设备制造业
300415,2016,专用设备制造业
300415,2017,专用设备制造业
300415,2018,专用设备制造业
300415,2019,专用设备制造业
300416,2015,仪器仪表制造业
300416,2016,仪器仪表制造业
300416,2017,仪器仪表制造业
300416,2018,仪器仪表制造业
300416,2019,仪器仪表制造业
300417,2015,仪器仪表制造业
300417,2016,仪器仪表制造业
300417,2017,仪器仪表制造业
300417,2018,仪器仪表制造业
300417,2019,仪器仪表制造业
300418,2015,互联网和相关服务
300418,2016,互联网和相关服务
300418,2017,互联网和相关服务
300418,2018,互联网和相关服务
300418,2019,互联网和相关服务
300419,2015,软件和信息技术服务业
300419,2016,软件和信息技术服务业
300419,2017,软件和信息技术服务业
300419,2018,软件和信息技术服务业
300419,2019,软件和信息技术服务业
300420,2015,通用设备制造业
300420,2016,通用设备制造业
300420,2017,通用设备制造业
300420,2018,通用设备制造业
300420,2019,通用设备制造业
300421,2015,通用设备制造业
300421,2016,通用设备制造业
300421,2017,通用设备制造业
300421,2018,通用设备制造业
300421,2019,通用设备制造业
300422,2015,生态保护和环境治理业
300422,2016,生态保护和环境治理业
300422,2017,生态保护和环境治理业
300422,2018,生态保护和环境治理业
300422,2019,生态保护和环境治理业
300423,2015,电气机械和器材制造业
300423,2016,电气机械和器材制造业
300423,2017,电气机械和器材制造业
300423,2018,电气机械和器材制造业
300423,2019,电气机械和器材制造业
300424,2015,铁路、船舶、航空航天和其他运输设备制造业
300424,2016,铁路、船舶、航空航天和其他运输设备制造业
300424,2017,铁路、船舶、航空航天和其他运输设备制造业
300424,2018,铁路、船舶、航空航天和其他运输设备制造业
300424,2019,铁路、船舶、航空航天和其他运输设备制造业
300425,2015,专用设备制造业
300425,2016,专用设备制造业
300425,2017,专用设备制造业
300425,2018,专用设备制造业
300425,2019,专用设备制造业
300426,2015,广播、电视、电影和录音制作业
300426,2016,广播、电视、电影和录音制作业
300426,2017,广播、电视、电影和录音制作业
300426,2018,广播、电视、电影和录音制作业
300426,2019,广播、电视、电影和录音制作业
300427,2015,电气机械和器材制造业
300427,2016,电气机械和器材制造业
300427,2017,电气机械和器材制造业
300427,2018,电气机械和器材制造业
300427,2019,电气机械和器材制造业
300428,2015,有色金属冶炼和压延加工业
300428,2016,有色金属冶炼和压延加工业
300428,2017,有色金属冶炼和压延加工业
300428,2018,有色金属冶炼和压延加工业
300428,2019,汽车制造业
300429,2015,化学原料和化学制品制造业
300429,2016,化学原料和化学制品制造业
300429,2017,化学原料和化学制品制造业
300429,2018,化学原料和化学制品制造业
300429,2019,化学原料和化学制品制造业
300430,2015,仪器仪表制造业
300430,2016,仪器仪表制造业
300430,2017,仪器仪表制造业
300430,2018,仪器仪表制造业
300430,2019,仪器仪表制造业
300431,2015,互联网和相关服务
300431,2016,互联网和相关服务
300431,2017,互联网和相关服务
300431,2018,互联网和相关服务
300432,2015,汽车制造业
300432,2016,汽车制造业
300432,2017,汽车制造业
300432,2018,汽车制造业
300432,2019,汽车制造业
300433,2015,计算机、通信和其他电子设备制造业
300433,2016,计算机、通信和其他电子设备制造业
300433,2017,计算机、通信和其他电子设备制造业
300433,2018,计算机、通信和其他电子设备制造业
300433,2019,计算机、通信和其他电子设备制造业
300434,2015,专用设备制造业
300434,2016,专用设备制造业
300434,2017,医药制造业
300434,2018,医药制造业
300434,2019,医药制造业
300435,2015,通用设备制造业
300435,2016,通用设备制造业
300435,2017,通用设备制造业
300435,2018,通用设备制造业
300435,2019,通用设备制造业
300436,2015,医药制造业
300436,2016,医药制造业
300436,2017,医药制造业
300436,2018,医药制造业
300436,2019,医药制造业
300437,2015,化学原料和化学制品制造业
300437,2016,化学原料和化学制品制造业
300437,2017,化学原料和化学制品制造业
300437,2018,化学原料和化学制品制造业
300437,2019,化学原料和化学制品制造业
300438,2015,电气机械和器材制造业
300438,2016,电气机械和器材制造业
300438,2017,电气机械和器材制造业
300438,2018,电气机械和器材制造业
300438,2019,电气机械和器材制造业
300439,2015,医药制造业
300439,2016,医药制造业
300439,2017,医药制造业
300439,2018,医药制造业
300439,2019,医药制造业
300440,2015,软件和信息技术服务业
300440,2016,软件和信息技术服务业
300440,2017,软件和信息技术服务业
300440,2018,软件和信息技术服务业
300440,2019,软件和信息技术服务业
300441,2015,通用设备制造业
300441,2016,通用设备制造业
300441,2017,通用设备制造业
300441,2018,通用设备制造业
300441,2019,通用设备制造业
300442,2015,专用设备制造业
300442,2016,专用设备制造业
300442,2017,专用设备制造业
300442,2018,专用设备制造业
300442,2019,专用设备制造业
300443,2015,专用设备制造业
300443,2016,专用设备制造业
300443,2017,专用设备制造业
300443,2018,专用设备制造业
300443,2019,专用设备制造业
300444,2015,电气机械和器材制造业
300444,2016,电气机械和器材制造业
300444,2017,电气机械和器材制造业
300444,2018,电气机械和器材制造业
300444,2019,电气机械和器材制造业
300445,2015,仪器仪表制造业
300445,2016,仪器仪表制造业
300445,2017,仪器仪表制造业
300445,2018,仪器仪表制造业
300445,2019,仪器仪表制造业
300446,2015,化学原料和化学制品制造业
300446,2016,化学原料和化学制品制造业
300446,2017,化学原料和化学制品制造业
300446,2018,化学原料和化学制品制造业
300446,2019,化学原料和化学制品制造业
300447,2015,电气机械和器材制造业
300447,2016,电气机械和器材制造业
300447,2017,电气机械和器材制造业
300447,2018,电气机械和器材制造业
300447,2019,电气机械和器材制造业
300448,2015,软件和信息技术服务业
300448,2016,软件和信息技术服务业
300448,2017,软件和信息技术服务业
300448,2018,软件和信息技术服务业
300448,2019,软件和信息技术服务业
300449,2015,计算机、通信和其他电子设备制造业
300449,2016,计算机、通信和其他电子设备制造业
300449,2017,计算机、通信和其他电子设备制造业
300449,2018,计算机、通信和其他电子设备制造业
300449,2019,计算机、通信和其他电子设备制造业
300450,2015,专用设备制造业
300450,2016,专用设备制造业
300450,2017,专用设备制造业
300450,2018,专用设备制造业
300450,2019,专用设备制造业
300451,2015,软件和信息技术服务业
300451,2016,软件和信息技术服务业
300451,2017,软件和信息技术服务业
300451,2018,软件和信息技术服务业
300451,2019,软件和信息技术服务业
300452,2015,医药制造业
300452,2016,医药制造业
300452,2017,医药制造业
300452,2018,医药制造业
300452,2019,医药制造业
300453,2015,专用设备制造业
300453,2016,专用设备制造业
300453,2017,专用设备制造业
300453,2018,专用设备制造业
300453,2019,专用设备制造业
300454,2018,软件和信息技术服务业
300454,2019,软件和信息技术服务业
300455,2015,计算机、通信和其他电子设备制造业
300455,2016,计算机、通信和其他电子设备制造业
300455,2017,计算机、通信和其他电子设备制造业
300455,2018,计算机、通信和其他电子设备制造业
300455,2019,计算机、通信和其他电子设备制造业
300456,2015,计算机、通信和其他电子设备制造业
300456,2016,计算机、通信和其他电子设备制造业
300456,2017,计算机、通信和其他电子设备制造业
300456,2018,计算机、通信和其他电子设备制造业
300456,2019,计算机、通信和其他电子设备制造业
300457,2015,专用设备制造业
300457,2016,专用设备制造业
300457,2017,专用设备制造业
300457,2018,专用设备制造业
300457,2019,专用设备制造业
300458,2015,计算机、通信和其他电子设备制造业
300458,2016,计算机、通信和其他电子设备制造业
300458,2017,计算机、通信和其他电子设备制造业
300458,2018,计算机、通信和其他电子设备制造业
300458,2019,计算机、通信和其他电子设备制造业
300459,2015,化学原料和化学制品制造业
300459,2016,化学原料和化学制品制造业
300459,2017,化学原料和化学制品制造业
300459,2018,化学原料和化学制品制造业
300459,2019,化学原料和化学制品制造业
300460,2015,计算机、通信和其他电子设备制造业
300460,2016,计算机、通信和其他电子设备制造业
300460,2017,计算机、通信和其他电子设备制造业
300460,2018,计算机、通信和其他电子设备制造业
300460,2019,计算机、通信和其他电子设备制造业
300461,2015,专用设备制造业
300461,2016,专用设备制造业
300461,2017,专用设备制造业
300461,2018,专用设备制造业
300461,2019,专用设备制造业
300462,2015,专用设备制造业
300462,2016,专用设备制造业
300462,2017,专用设备制造业
300462,2018,专用设备制造业
300462,2019,专用设备制造业
300463,2015,医药制造业
300463,2016,医药制造业
300463,2017,医药制造业
300463,2018,医药制造业
300463,2019,医药制造业
300464,2015,金属制品业
300464,2016,金属制品业
300464,2017,金属制品业
300464,2018,金属制品业
300464,2019,零售业
300465,2015,软件和信息技术服务业
300465,2016,软件和信息技术服务业
300465,2017,软件和信息技术服务业
300465,2018,软件和信息技术服务业
300465,2019,软件和信息技术服务业
300466,2015,仪器仪表制造业
300466,2016,仪器仪表制造业
300466,2017,仪器仪表制造业
300466,2018,仪器仪表制造业
300466,2019,仪器仪表制造业
300467,2015,互联网和相关服务
300467,2016,互联网和相关服务
300467,2017,互联网和相关服务
300467,2018,互联网和相关服务
300467,2019,互联网和相关服务
300468,2015,软件和信息技术服务业
300468,2016,软件和信息技术服务业
300468,2017,软件和信息技术服务业
300468,2018,软件和信息技术服务业
300468,2019,软件和信息技术服务业
300469,2015,软件和信息技术服务业
300469,2016,软件和信息技术服务业
300469,2017,软件和信息技术服务业
300469,2018,软件和信息技术服务业
300469,2019,软件和信息技术服务业
300470,2015,通用设备制造业
300470,2016,通用设备制造业
300470,2017,通用设备制造业
300470,2018,通用设备制造业
300470,2019,通用设备制造业
300471,2015,专用设备制造业
300471,2016,专用设备制造业
300471,2017,专用设备制造业
300471,2018,专用设备制造业
300471,2019,专用设备制造业
300472,2015,专用设备制造业
300472,2016,专用设备制造业
300472,2017,专用设备制造业
300472,2018,专用设备制造业
300472,2019,专用设备制造业
300473,2015,通用设备制造业
300473,2016,通用设备制造业
300473,2017,通用设备制造业
300473,2018,通用设备制造业
300473,2019,通用设备制造业
300474,2016,计算机、通信和其他电子设备制造业
300474,2017,计算机、通信和其他电子设备制造业
300474,2018,计算机、通信和其他电子设备制造业
300474,2019,计算机、通信和其他电子设备制造业
300475,2015,电气机械和器材制造业
300475,2016,电气机械和器材制造业
300475,2017,电气机械和器材制造业
300475,2018,电气机械和器材制造业
300475,2019,电气机械和器材制造业
300476,2015,计算机、通信和其他电子设备制造业
300476,2016,计算机、通信和其他电子设备制造业
300476,2017,计算机、通信和其他电子设备制造业
300476,2018,计算机、通信和其他电子设备制造业
300476,2019,计算机、通信和其他电子设备制造业
300477,2015,电气机械和器材制造业
300477,2016,电气机械和器材制造业
300477,2017,电气机械和器材制造业
300477,2018,电气机械和器材制造业
300477,2019,电气机械和器材制造业
300478,2015,橡胶和塑料制品业
300478,2016,橡胶和塑料制品业
300478,2017,橡胶和塑料制品业
300478,2018,橡胶和塑料制品业
300478,2019,橡胶和塑料制品业
300479,2015,计算机、通信和其他电子设备制造业
300479,2016,计算机、通信和其他电子设备制造业
300479,2017,计算机、通信和其他电子设备制造业
300479,2018,计算机、通信和其他电子设备制造业
300479,2019,计算机、通信和其他电子设备制造业
300480,2015,仪器仪表制造业
300480,2016,仪器仪表制造业
300480,2017,仪器仪表制造业
300480,2018,仪器仪表制造业
300480,2019,仪器仪表制造业
300481,2015,化学原料和化学制品制造业
300481,2016,化学原料和化学制品制造业
300481,2017,化学原料和化学制品制造业
300481,2018,化学原料和化学制品制造业
300481,2019,化学原料和化学制品制造业
300482,2015,医药制造业
300482,2016,医药制造业
300482,2017,医药制造业
300482,2018,医药制造业
300482,2019,医药制造业
300483,2015,其他制造业
300483,2016,其他制造业
300483,2017,其他制造业
300483,2018,其他制造业
300483,2019,石油和天然气开采业
300484,2015,电气机械和器材制造业
300484,2016,电气机械和器材制造业
300484,2017,电气机械和器材制造业
300484,2018,电气机械和器材制造业
300484,2019,电气机械和器材制造业
300485,2015,医药制造业
300485,2016,医药制造业
300485,2017,医药制造业
300485,2018,医药制造业
300485,2019,医药制造业
300486,2015,专用设备制造业
300486,2016,专用设备制造业
300486,2017,专用设备制造业
300486,2018,专用设备制造业
300486,2019,专用设备制造业
300487,2015,化学原料和化学制品制造业
300487,2016,化学原料和化学制品制造业
300487,2017,化学原料和化学制品制造业
300487,2018,化学原料和化学制品制造业
300487,2019,化学原料和化学制品制造业
300488,2015,金属制品业
300488,2016,金属制品业
300488,2017,金属制品业
300488,2018,金属制品业
300488,2019,金属制品业
300489,2015,有色金属冶炼和压延加工业
300489,2016,有色金属冶炼和压延加工业
300489,2017,有色金属冶炼和压延加工业
300489,2018,有色金属冶炼和压延加工业
300489,2019,有色金属冶炼和压延加工业
300490,2015,电气机械和器材制造业
300490,2016,电气机械和器材制造业
300490,2017,电气机械和器材制造业
300490,2018,电气机械和器材制造业
300490,2019,电气机械和器材制造业
300491,2015,电气机械和器材制造业
300491,2016,电气机械和器材制造业
300491,2017,电气机械和器材制造业
300491,2018,电气机械和器材制造业
300491,2019,电气机械和器材制造业
300492,2015,专业技术服务业
300492,2016,专业技术服务业
300492,2017,专业技术服务业
300492,2018,专业技术服务业
300492,2019,专业技术服务业
300493,2015,软件和信息技术服务业
300493,2016,软件和信息技术服务业
300493,2017,软件和信息技术服务业
300493,2018,软件和信息技术服务业
300493,2019,软件和信息技术服务业
300494,2015,软件和信息技术服务业
300494,2016,互联网和相关服务
300494,2017,互联网和相关服务
300494,2018,互联网和相关服务
300494,2019,互联网和相关服务
300495,2015,土木工程建筑业
300495,2016,土木工程建筑业
300495,2017,生态保护和环境治理业
300495,2018,生态保护和环境治理业
300495,2019,生态保护和环境治理业
300496,2015,软件和信息技术服务业
300496,2016,软件和信息技术服务业
300496,2017,软件和信息技术服务业
300496,2018,软件和信息技术服务业
300496,2019,软件和信息技术服务业
300497,2015,医药制造业
300497,2016,医药制造业
300497,2017,医药制造业
300497,2018,医药制造业
300497,2019,医药制造业
300498,2015,畜牧业
300498,2016,畜牧业
300498,2017,畜牧业
300498,2018,畜牧业
300498,2019,畜牧业
300499,2015,电气机械和器材制造业
300499,2016,电气机械和器材制造业
300499,2017,电气机械和器材制造业
300499,2018,电气机械和器材制造业
300499,2019,电气机械和器材制造业
300500,2015,专业技术服务业
300500,2016,专业技术服务业
300500,2017,专业技术服务业
300500,2018,专业技术服务业
300500,2019,专业技术服务业
300501,2015,医药制造业
300501,2016,医药制造业
300501,2017,医药制造业
300501,2018,医药制造业
300501,2019,医药制造业
300502,2016,计算机、通信和其他电子设备制造业
300502,2017,计算机、通信和其他电子设备制造业
300502,2018,计算机、通信和其他电子设备制造业
300502,2019,计算机、通信和其他电子设备制造业
300503,2016,通用设备制造业
300503,2017,通用设备制造业
300503,2018,通用设备制造业
300503,2019,通用设备制造业
300504,2017,计算机、通信和其他电子设备制造业
300504,2018,计算机、通信和其他电子设备制造业
300504,2019,计算机、通信和其他电子设备制造业
300505,2016,化学原料和化学制品制造业
300505,2017,化学原料和化学制品制造业
300505,2018,化学原料和化学制品制造业
300505,2019,化学原料和化学制品制造业
300506,2015,建筑装饰、装修和其他建筑业
300506,2016,建筑装饰、装修和其他建筑业
300506,2017,建筑装饰、装修和其他建筑业
300506,2018,建筑装饰、装修和其他建筑业
300506,2019,建筑装饰、装修和其他建筑业
300507,2016,汽车制造业
300507,2017,汽车制造业
300507,2018,汽车制造业
300507,2019,汽车制造业
300508,2016,软件和信息技术服务业
300508,2017,软件和信息技术服务业
300508,2018,软件和信息技术服务业
300508,2019,软件和信息技术服务业
300509,2016,专用设备制造业
300509,2017,专用设备制造业
300509,2018,专用设备制造业
300509,2019,专用设备制造业
300510,2016,电气机械和器材制造业
300510,2017,电气机械和器材制造业
300510,2018,电气机械和器材制造业
300510,2019,电气机械和器材制造业
300511,2016,农业
300511,2017,农业
300511,2018,农业
300511,2019,农业
300512,2016,通用设备制造业
300512,2017,通用设备制造业
300512,2018,通用设备制造业
300512,2019,通用设备制造业
300513,2016,软件和信息技术服务业
300513,2017,软件和信息技术服务业
300513,2018,软件和信息技术服务业
300513,2019,软件和信息技术服务业
300514,2017,计算机、通信和其他电子设备制造业
300514,2018,计算机、通信和其他电子设备制造业
300514,2019,计算机、通信和其他电子设备制造业
300515,2016,仪器仪表制造业
300515,2017,仪器仪表制造业
300515,2018,仪器仪表制造业
300515,2019,仪器仪表制造业
300516,2016,计算机、通信和其他电子设备制造业
300516,2017,计算机、通信和其他电子设备制造业
300516,2018,计算机、通信和其他电子设备制造业
300516,2019,计算机、通信和其他电子设备制造业
300517,2016,土木工程建筑业
300517,2017,土木工程建筑业
300517,2018,土木工程建筑业
300517,2019,土木工程建筑业
300518,2016,软件和信息技术服务业
300518,2017,软件和信息技术服务业
300518,2018,软件和信息技术服务业
300518,2019,软件和信息技术服务业
300519,2016,医药制造业
300519,2017,医药制造业
300519,2018,医药制造业
300519,2019,医药制造业
300520,2016,软件和信息技术服务业
300520,2017,软件和信息技术服务业
300520,2018,软件和信息技术服务业
300520,2019,软件和信息技术服务业
300521,2016,专用设备制造业
300521,2017,专用设备制造业
300521,2018,专用设备制造业
300521,2019,专用设备制造业
300522,2016,化学原料和化学制品制造业
300522,2017,化学原料和化学制品制造业
300522,2018,化学原料和化学制品制造业
300522,2019,化学原料和化学制品制造业
300523,2016,软件和信息技术服务业
300523,2017,软件和信息技术服务业
300523,2018,软件和信息技术服务业
300523,2019,软件和信息技术服务业
300525,2016,软件和信息技术服务业
300525,2017,软件和信息技术服务业
300525,2018,软件和信息技术服务业
300525,2019,软件和信息技术服务业
300526,2016,专用设备制造业
300526,2017,专用设备制造业
300526,2018,专用设备制造业
300526,2019,专用设备制造业
300527,2016,专用设备制造业
300527,2017,专用设备制造业
300527,2018,专用设备制造业
300527,2019,专用设备制造业
300528,2016,广播、电视、电影和录音制作业
300528,2017,广播、电视、电影和录音制作业
300528,2018,广播、电视、电影和录音制作业
300528,2019,广播、电视、电影和录音制作业
300529,2016,专用设备制造业
300529,2017,专用设备制造业
300529,2018,专用设备制造业
300529,2019,专用设备制造业
300530,2016,化学原料和化学制品制造业
300530,2017,化学原料和化学制品制造业
300530,2018,化学原料和化学制品制造业
300530,2019,化学原料和化学制品制造业
300531,2016,计算机、通信和其他电子设备制造业
300531,2017,计算机、通信和其他电子设备制造业
300531,2018,计算机、通信和其他电子设备制造业
300531,2019,计算机、通信和其他电子设备制造业
300532,2016,软件和信息技术服务业
300532,2017,软件和信息技术服务业
300532,2018,软件和信息技术服务业
300532,2019,软件和信息技术服务业
300533,2016,软件和信息技术服务业
300533,2017,软件和信息技术服务业
300533,2018,软件和信息技术服务业
300533,2019,软件和信息技术服务业
300534,2016,医药制造业
300534,2017,医药制造业
300534,2018,医药制造业
300534,2019,医药制造业
300535,2016,化学原料和化学制品制造业
300535,2017,化学原料和化学制品制造业
300535,2018,化学原料和化学制品制造业
300535,2019,化学原料和化学制品制造业
300536,2016,土木工程建筑业
300536,2017,土木工程建筑业
300536,2018,土木工程建筑业
300536,2019,土木工程建筑业
300537,2016,化学原料和化学制品制造业
300537,2017,化学原料和化学制品制造业
300537,2018,化学原料和化学制品制造业
300537,2019,化学原料和化学制品制造业
300538,2016,批发业
300538,2017,批发业
300538,2018,批发业
300538,2019,批发业
300539,2016,橡胶和塑料制品业
300539,2017,橡胶和塑料制品业
300539,2018,橡胶和塑料制品业
300539,2019,橡胶和塑料制品业
300540,2016,通用设备制造业
300540,2017,通用设备制造业
300540,2018,通用设备制造业
300540,2019,通用设备制造业
300541,2016,软件和信息技术服务业
300541,2017,软件和信息技术服务业
300541,2018,软件和信息技术服务业
300541,2019,软件和信息技术服务业
300542,2016,软件和信息技术服务业
300542,2017,软件和信息技术服务业
300542,2018,软件和信息技术服务业
300542,2019,软件和信息技术服务业
300543,2016,计算机、通信和其他电子设备制造业
300543,2017,计算机、通信和其他电子设备制造业
300543,2018,计算机、通信和其他电子设备制造业
300543,2019,计算机、通信和其他电子设备制造业
300545,2016,专用设备制造业
300545,2017,专用设备制造业
300545,2018,专用设备制造业
300545,2019,专用设备制造业
300546,2016,计算机、通信和其他电子设备制造业
300546,2017,计算机、通信和其他电子设备制造业
300546,2018,计算机、通信和其他电子设备制造业
300546,2019,计算机、通信和其他电子设备制造业
300547,2016,橡胶和塑料制品业
300547,2017,橡胶和塑料制品业
300547,2018,橡胶和塑料制品业
300547,2019,橡胶和塑料制品业
300548,2016,计算机、通信和其他电子设备制造业
300548,2017,计算机、通信和其他电子设备制造业
300548,2018,计算机、通信和其他电子设备制造业
300548,2019,计算机、通信和其他电子设备制造业
300549,2016,专用设备制造业
300549,2017,专用设备制造业
300549,2018,专用设备制造业
300549,2019,专用设备制造业
300550,2016,软件和信息技术服务业
300550,2017,软件和信息技术服务业
300550,2018,软件和信息技术服务业
300550,2019,软件和信息技术服务业
300551,2016,专用设备制造业
300551,2017,专用设备制造业
300551,2018,专用设备制造业
300551,2019,专用设备制造业
300552,2016,软件和信息技术服务业
300552,2017,软件和信息技术服务业
300552,2018,软件和信息技术服务业
300552,2019,软件和信息技术服务业
300553,2016,仪器仪表制造业
300553,2017,仪器仪表制造业
300553,2018,仪器仪表制造业
300553,2019,仪器仪表制造业
300554,2017,非金属矿物制品业
300554,2018,非金属矿物制品业
300554,2019,非金属矿物制品业
300555,2016,计算机、通信和其他电子设备制造业
300555,2017,计算机、通信和其他电子设备制造业
300555,2018,计算机、通信和其他电子设备制造业
300555,2019,计算机、通信和其他电子设备制造业
300556,2016,软件和信息技术服务业
300556,2017,软件和信息技术服务业
300556,2018,软件和信息技术服务业
300556,2019,软件和信息技术服务业
300557,2016,仪器仪表制造业
300557,2017,仪器仪表制造业
300557,2018,仪器仪表制造业
300557,2019,仪器仪表制造业
300558,2016,医药制造业
300558,2017,医药制造业
300558,2018,医药制造业
300558,2019,医药制造业
300559,2016,软件和信息技术服务业
300559,2017,软件和信息技术服务业
300559,2018,软件和信息技术服务业
300559,2019,软件和信息技术服务业
300560,2016,软件和信息技术服务业
300560,2017,软件和信息技术服务业
300560,2018,软件和信息技术服务业
300560,2019,软件和信息技术服务业
300561,2016,软件和信息技术服务业
300561,2017,软件和信息技术服务业
300561,2018,软件和信息技术服务业
300561,2019,软件和信息技术服务业
300562,2016,专用设备制造业
300562,2017,专用设备制造业
300562,2018,专用设备制造业
300562,2019,专用设备制造业
300563,2016,计算机、通信和其他电子设备制造业
300563,2017,计算机、通信和其他电子设备制造业
300563,2018,计算机、通信和其他电子设备制造业
300563,2019,计算机、通信和其他电子设备制造业
300564,2019,专业技术服务业
300565,2016,计算机、通信和其他电子设备制造业
300565,2017,计算机、通信和其他电子设备制造业
300565,2018,计算机、通信和其他电子设备制造业
300565,2019,计算机、通信和其他电子设备制造业
300566,2016,计算机、通信和其他电子设备制造业
300566,2017,计算机、通信和其他电子设备制造业
300566,2018,计算机、通信和其他电子设备制造业
300566,2019,计算机、通信和其他电子设备制造业
300567,2016,仪器仪表制造业
300567,2017,仪器仪表制造业
300567,2018,仪器仪表制造业
300567,2019,仪器仪表制造业
300568,2016,化学原料和化学制品制造业
300568,2017,化学原料和化学制品制造业
300568,2018,化学原料和化学制品制造业
300568,2019,化学原料和化学制品制造业
300569,2016,电气机械和器材制造业
300569,2017,电气机械和器材制造业
300569,2018,电气机械和器材制造业
300569,2019,电气机械和器材制造业
300570,2016,计算机、通信和其他电子设备制造业
300570,2017,计算机、通信和其他电子设备制造业
300570,2018,计算机、通信和其他电子设备制造业
300570,2019,计算机、通信和其他电子设备制造业
300571,2016,互联网和相关服务
300571,2017,互联网和相关服务
300571,2018,互联网和相关服务
300571,2019,互联网和相关服务
300572,2016,仪器仪表制造业
300572,2017,仪器仪表制造业
300572,2018,仪器仪表制造业
300572,2019,仪器仪表制造业
300573,2016,医药制造业
300573,2017,医药制造业
300573,2018,医药制造业
300573,2019,医药制造业
300575,2016,化学原料和化学制品制造业
300575,2017,化学原料和化学制品制造业
300575,2018,化学原料和化学制品制造业
300575,2019,化学原料和化学制品制造业
300576,2016,化学原料和化学制品制造业
300576,2017,化学原料和化学制品制造业
300576,2018,化学原料和化学制品制造业
300576,2019,化学原料和化学制品制造业
300577,2016,纺织业
300577,2017,纺织业
300577,2018,纺织业
300577,2019,纺织业
300578,2016,软件和信息技术服务业
300578,2017,软件和信息技术服务业
300578,2018,软件和信息技术服务业
300578,2019,软件和信息技术服务业
300579,2016,软件和信息技术服务业
300579,2017,软件和信息技术服务业
300579,2018,软件和信息技术服务业
300579,2019,软件和信息技术服务业
300580,2016,汽车制造业
300580,2017,汽车制造业
300580,2018,汽车制造业
300580,2019,汽车制造业
300581,2016,计算机、通信和其他电子设备制造业
300581,2017,计算机、通信和其他电子设备制造业
300581,2018,计算机、通信和其他电子设备制造业
300581,2019,计算机、通信和其他电子设备制造业
300582,2016,计算机、通信和其他电子设备制造业
300582,2017,计算机、通信和其他电子设备制造业
300582,2018,计算机、通信和其他电子设备制造业
300582,2019,计算机、通信和其他电子设备制造业
300583,2016,医药制造业
300583,2017,医药制造业
300583,2018,医药制造业
300583,2019,医药制造业
300584,2016,医药制造业
300584,2017,医药制造业
300584,2018,医药制造业
300584,2019,医药制造业
300585,2016,汽车制造业
300585,2017,汽车制造业
300585,2018,汽车制造业
300585,2019,汽车制造业
300586,2016,橡胶和塑料制品业
300586,2017,橡胶和塑料制品业
300586,2018,橡胶和塑料制品业
300586,2019,橡胶和塑料制品业
300587,2016,橡胶和塑料制品业
300587,2017,橡胶和塑料制品业
300587,2018,橡胶和塑料制品业
300587,2019,橡胶和塑料制品业
300588,2016,软件和信息技术服务业
300588,2017,软件和信息技术服务业
300588,2018,软件和信息技术服务业
300588,2019,软件和信息技术服务业
300589,2016,铁路、船舶、航空航天和其他运输设备制造业
300589,2017,铁路、船舶、航空航天和其他运输设备制造业
300589,2018,铁路、船舶、航空航天和其他运输设备制造业
300589,2019,铁路、船舶、航空航天和其他运输设备制造业
300590,2016,计算机、通信和其他电子设备制造业
300590,2017,计算机、通信和其他电子设备制造业
300590,2018,计算机、通信和其他电子设备制造业
300590,2019,计算机、通信和其他电子设备制造业
300591,2016,皮革、毛皮、羽毛及其制品和制鞋业
300591,2017,皮革、毛皮、羽毛及其制品和制鞋业
300591,2018,皮革、毛皮、羽毛及其制品和制鞋业
300591,2019,皮革、毛皮、羽毛及其制品和制鞋业
300592,2016,文化艺术业
300592,2017,文化艺术业
300592,2018,文化艺术业
300592,2019,文化艺术业
300593,2016,电气机械和器材制造业
300593,2017,电气机械和器材制造业
300593,2018,电气机械和器材制造业
300593,2019,电气机械和器材制造业
300594,2019,铁路、船舶、航空航天和其他运输设备制造业
300595,2016,专用设备制造业
300595,2017,专用设备制造业
300595,2018,专用设备制造业
300595,2019,专用设备制造业
300596,2016,化学原料和化学制品制造业
300596,2017,化学原料和化学制品制造业
300596,2018,化学原料和化学制品制造业
300596,2019,化学原料和化学制品制造业
300597,2016,软件和信息技术服务业
300597,2017,软件和信息技术服务业
300597,2018,软件和信息技术服务业
300597,2019,软件和信息技术服务业
300598,2016,软件和信息技术服务业
300598,2017,软件和信息技术服务业
300598,2018,软件和信息技术服务业
300598,2019,软件和信息技术服务业
300599,2016,橡胶和塑料制品业
300599,2017,橡胶和塑料制品业
300599,2018,橡胶和塑料制品业
300599,2019,橡胶和塑料制品业
300600,2016,铁路、船舶、航空航天和其他运输设备制造业
300600,2017,铁路、船舶、航空航天和其他运输设备制造业
300600,2018,铁路、船舶、航空航天和其他运输设备制造业
300600,2019,铁路、船舶、航空航天和其他运输设备制造业
300601,2016,医药制造业
300601,2017,医药制造业
300601,2018,医药制造业
300601,2019,医药制造业
300602,2016,计算机、通信和其他电子设备制造业
300602,2017,计算机、通信和其他电子设备制造业
300602,2018,计算机、通信和其他电子设备制造业
300602,2019,计算机、通信和其他电子设备制造业
300603,2016,软件和信息技术服务业
300603,2017,软件和信息技术服务业
300603,2018,软件和信息技术服务业
300603,2019,软件和信息技术服务业
300604,2017,专用设备制造业
300604,2018,专用设备制造业
300604,2019,专用设备制造业
300605,2016,软件和信息技术服务业
300605,2017,软件和信息技术服务业
300605,2018,软件和信息技术服务业
300605,2019,软件和信息技术服务业
300606,2016,非金属矿物制品业
300606,2017,非金属矿物制品业
300606,2018,非金属矿物制品业
300606,2019,非金属矿物制品业
300607,2016,通用设备制造业
300607,2017,通用设备制造业
300607,2018,通用设备制造业
300607,2019,通用设备制造业
300608,2016,软件和信息技术服务业
300608,2017,软件和信息技术服务业
300608,2018,软件和信息技术服务业
300608,2019,软件和信息技术服务业
300609,2016,软件和信息技术服务业
300609,2017,软件和信息技术服务业
300609,2018,软件和信息技术服务业
300609,2019,软件和信息技术服务业
300610,2016,化学原料和化学制品制造业
300610,2017,化学原料和化学制品制造业
300610,2018,化学原料和化学制品制造业
300610,2019,化学原料和化学制品制造业
300611,2016,通用设备制造业
300611,2017,通用设备制造业
300611,2018,通用设备制造业
300611,2019,通用设备制造业
300612,2016,商务服务业
300612,2017,商务服务业
300612,2018,商务服务业
300612,2019,商务服务业
300613,2017,软件和信息技术服务业
300613,2018,软件和信息技术服务业
300613,2019,软件和信息技术服务业
300615,2016,计算机、通信和其他电子设备制造业
300615,2017,计算机、通信和其他电子设备制造业
300615,2018,计算机、通信和其他电子设备制造业
300615,2019,计算机、通信和其他电子设备制造业
300616,2017,家具制造业
300616,2018,家具制造业
300616,2019,家具制造业
300617,2017,电气机械和器材制造业
300617,2018,电气机械和器材制造业
300617,2019,电气机械和器材制造业
300618,2017,有色金属冶炼和压延加工业
300618,2018,有色金属冶炼和压延加工业
300618,2019,有色金属冶炼和压延加工业
300619,2017,专用设备制造业
300619,2018,专用设备制造业
300619,2019,专用设备制造业
300620,2017,计算机、通信和其他电子设备制造业
300620,2018,计算机、通信和其他电子设备制造业
300620,2019,计算机、通信和其他电子设备制造业
300621,2017,建筑装饰、装修和其他建筑业
300621,2018,建筑装饰、装修和其他建筑业
300621,2019,建筑装饰、装修和其他建筑业
300622,2017,零售业
300622,2018,零售业
300622,2019,零售业
300623,2017,计算机、通信和其他电子设备制造业
300623,2018,计算机、通信和其他电子设备制造业
300623,2019,计算机、通信和其他电子设备制造业
300624,2017,软件和信息技术服务业
300624,2018,软件和信息技术服务业
300624,2019,软件和信息技术服务业
300625,2017,电气机械和器材制造业
300625,2018,电气机械和器材制造业
300625,2019,电气机械和器材制造业
300626,2017,电气机械和器材制造业
300626,2018,电气机械和器材制造业
300626,2019,电气机械和器材制造业
300627,2017,计算机、通信和其他电子设备制造业
300627,2018,计算机、通信和其他电子设备制造业
300627,2019,计算机、通信和其他电子设备制造业
300628,2017,计算机、通信和其他电子设备制造业
300628,2018,计算机、通信和其他电子设备制造业
300628,2019,计算机、通信和其他电子设备制造业
300629,2017,金属制品业
300629,2018,金属制品业
300629,2019,金属制品业
300630,2017,医药制造业
300630,2018,医药制造业
300630,2019,医药制造业
300631,2016,专用设备制造业
300631,2017,专用设备制造业
300631,2018,专用设备制造业
300631,2019,专用设备制造业
300632,2017,计算机、通信和其他电子设备制造业
300632,2018,计算机、通信和其他电子设备制造业
300632,2019,计算机、通信和其他电子设备制造业
300633,2016,专用设备制造业
300633,2017,专用设备制造业
300633,2018,专用设备制造业
300633,2019,专用设备制造业
300634,2018,软件和信息技术服务业
300634,2019,软件和信息技术服务业
300635,2017,专业技术服务业
300635,2018,专业技术服务业
300635,2019,专业技术服务业
300636,2017,医药制造业
300636,2018,医药制造业
300636,2019,医药制造业
300637,2017,化学原料和化学制品制造业
300637,2018,化学原料和化学制品制造业
300637,2019,化学原料和化学制品制造业
300638,2017,计算机、通信和其他电子设备制造业
300638,2018,计算机、通信和其他电子设备制造业
300638,2019,计算机、通信和其他电子设备制造业
300639,2017,医药制造业
300639,2018,医药制造业
300639,2019,医药制造业
300640,2017,文化艺术业
300640,2018,文化艺术业
300640,2019,文化艺术业
300641,2017,化学原料和化学制品制造业
300641,2018,化学原料和化学制品制造业
300641,2019,化学原料和化学制品制造业
300642,2017,医药制造业
300642,2018,医药制造业
300642,2019,医药制造业
300643,2017,汽车制造业
300643,2018,汽车制造业
300643,2019,汽车制造业
300644,2018,橡胶和塑料制品业
300644,2019,橡胶和塑料制品业
300645,2017,软件和信息技术服务业
300645,2018,软件和信息技术服务业
300645,2019,软件和信息技术服务业
300647,2017,计算机、通信和其他电子设备制造业
300647,2018,计算机、通信和其他电子设备制造业
300647,2019,计算机、通信和其他电子设备制造业
300648,2017,仪器仪表制造业
300648,2018,仪器仪表制造业
300648,2019,仪器仪表制造业
300649,2017,专业技术服务业
300649,2018,专业技术服务业
300649,2019,专业技术服务业
300650,2017,电气机械和器材制造业
300650,2018,电气机械和器材制造业
300650,2019,电气机械和器材制造业
300651,2017,文教、工美、体育和娱乐用品制造业
300651,2018,文教、工美、体育和娱乐用品制造业
300651,2019,文教、工美、体育和娱乐用品制造业
300652,2017,汽车制造业
300652,2018,汽车制造业
300652,2019,汽车制造业
300653,2017,专用设备制造业
300653,2018,专用设备制造业
300653,2019,专用设备制造业
300654,2017,新闻和出版业
300654,2018,新闻和出版业
300654,2019,新闻和出版业
300655,2017,化学原料和化学制品制造业
300655,2018,化学原料和化学制品制造业
300655,2019,化学原料和化学制品制造业
300656,2017,计算机、通信和其他电子设备制造业
300656,2018,计算机、通信和其他电子设备制造业
300656,2019,计算机、通信和其他电子设备制造业
300657,2017,计算机、通信和其他电子设备制造业
300657,2018,计算机、通信和其他电子设备制造业
300657,2019,计算机、通信和其他电子设备制造业
300658,2017,纺织业
300658,2018,纺织业
300658,2019,纺织业
300659,2017,软件和信息技术服务业
300659,2018,软件和信息技术服务业
300659,2019,软件和信息技术服务业
300660,2017,电气机械和器材制造业
300660,2018,电气机械和器材制造业
300660,2019,电气机械和器材制造业
300661,2017,计算机、通信和其他电子设备制造业
300661,2018,计算机、通信和其他电子设备制造业
300661,2019,计算机、通信和其他电子设备制造业
300662,2017,商务服务业
300662,2018,商务服务业
300662,2019,商务服务业
300663,2017,软件和信息技术服务业
300663,2018,软件和信息技术服务业
300663,2019,软件和信息技术服务业
300664,2017,生态保护和环境治理业
300664,2018,生态保护和环境治理业
300664,2019,生态保护和环境治理业
300665,2017,化学原料和化学制品制造业
300665,2018,化学原料和化学制品制造业
300665,2019,化学原料和化学制品制造业
300666,2017,计算机、通信和其他电子设备制造业
300666,2018,计算机、通信和其他电子设备制造业
300666,2019,计算机、通信和其他电子设备制造业
300667,2017,仪器仪表制造业
300667,2018,仪器仪表制造业
300667,2019,仪器仪表制造业
300668,2017,专业技术服务业
300668,2018,专业技术服务业
300668,2019,专业技术服务业
300669,2017,通用设备制造业
300669,2018,通用设备制造业
300669,2019,通用设备制造业
300670,2017,电气机械和器材制造业
300670,2018,电气机械和器材制造业
300670,2019,电气机械和器材制造业
300671,2017,软件和信息技术服务业
300671,2018,软件和信息技术服务业
300671,2019,软件和信息技术服务业
300672,2017,计算机、通信和其他电子设备制造业
300672,2018,计算机、通信和其他电子设备制造业
300672,2019,计算机、通信和其他电子设备制造业
300673,2017,农副食品加工业
300673,2018,农副食品加工业
300673,2019,农副食品加工业
300674,2018,软件和信息技术服务业
300674,2019,软件和信息技术服务业
300675,2017,专业技术服务业
300675,2018,专业技术服务业
300675,2019,专业技术服务业
300676,2017,专业技术服务业
300676,2018,专业技术服务业
300676,2019,专业技术服务业
300677,2017,橡胶和塑料制品业
300677,2018,橡胶和塑料制品业
300677,2019,橡胶和塑料制品业
300678,2017,软件和信息技术服务业
300678,2018,软件和信息技术服务业
300678,2019,软件和信息技术服务业
300679,2017,计算机、通信和其他电子设备制造业
300679,2018,计算机、通信和其他电子设备制造业
300679,2019,计算机、通信和其他电子设备制造业
300680,2017,汽车制造业
300680,2018,汽车制造业
300680,2019,汽车制造业
300681,2017,电气机械和器材制造业
300681,2018,电气机械和器材制造业
300681,2019,电气机械和器材制造业
300682,2017,软件和信息技术服务业
300682,2018,软件和信息技术服务业
300682,2019,软件和信息技术服务业
300683,2017,医药制造业
300683,2018,医药制造业
300683,2019,医药制造业
300684,2017,化学原料和化学制品制造业
300684,2018,化学原料和化学制品制造业
300684,2019,化学原料和化学制品制造业
300685,2017,医药制造业
300685,2018,医药制造业
300685,2019,医药制造业
300686,2017,计算机、通信和其他电子设备制造业
300686,2018,计算机、通信和其他电子设备制造业
300686,2019,计算机、通信和其他电子设备制造业
300687,2017,软件和信息技术服务业
300687,2018,软件和信息技术服务业
300687,2019,软件和信息技术服务业
300688,2017,商务服务业
300688,2018,商务服务业
300688,2019,商务服务业
300689,2017,计算机、通信和其他电子设备制造业
300689,2018,计算机、通信和其他电子设备制造业
300689,2019,计算机、通信和其他电子设备制造业
300690,2017,非金属矿物制品业
300690,2018,非金属矿物制品业
300690,2019,非金属矿物制品业
300691,2017,计算机、通信和其他电子设备制造业
300691,2018,计算机、通信和其他电子设备制造业
300691,2019,计算机、通信和其他电子设备制造业
300692,2017,生态保护和环境治理业
300692,2018,生态保护和环境治理业
300692,2019,生态保护和环境治理业
300693,2017,电气机械和器材制造业
300693,2018,电气机械和器材制造业
300693,2019,电气机械和器材制造业
300694,2018,通用设备制造业
300694,2019,通用设备制造业
300695,2017,汽车制造业
300695,2018,汽车制造业
300695,2019,汽车制造业
300696,2017,铁路、船舶、航空航天和其他运输设备制造业
300696,2018,铁路、船舶、航空航天和其他运输设备制造业
300696,2019,铁路、船舶、航空航天和其他运输设备制造业
300697,2017,有色金属冶炼和压延加工业
300697,2018,有色金属冶炼和压延加工业
300697,2019,有色金属冶炼和压延加工业
300698,2017,计算机、通信和其他电子设备制造业
300698,2018,计算机、通信和其他电子设备制造业
300698,2019,计算机、通信和其他电子设备制造业
300699,2017,化学纤维制造业
300699,2018,化学纤维制造业
300699,2019,化学纤维制造业
300700,2017,非金属矿物制品业
300700,2018,非金属矿物制品业
300700,2019,非金属矿物制品业
300701,2017,计算机、通信和其他电子设备制造业
300701,2018,计算机、通信和其他电子设备制造业
300701,2019,计算机、通信和其他电子设备制造业
300702,2017,医药制造业
300702,2018,医药制造业
300702,2019,医药制造业
300703,2017,文教、工美、体育和娱乐用品制造业
300703,2018,文教、工美、体育和娱乐用品制造业
300703,2019,文教、工美、体育和娱乐用品制造业
300705,2017,医药制造业
300705,2018,医药制造业
300705,2019,医药制造业
300706,2017,其他制造业
300706,2018,其他制造业
300706,2019,其他制造业
300707,2017,专用设备制造业
300707,2018,专用设备制造业
300707,2019,专用设备制造业
300708,2017,计算机、通信和其他电子设备制造业
300708,2018,计算机、通信和其他电子设备制造业
300708,2019,计算机、通信和其他电子设备制造业
300709,2017,计算机、通信和其他电子设备制造业
300709,2018,计算机、通信和其他电子设备制造业
300709,2019,计算机、通信和其他电子设备制造业
300710,2017,计算机、通信和其他电子设备制造业
300710,2018,计算机、通信和其他电子设备制造业
300710,2019,计算机、通信和其他电子设备制造业
300711,2017,计算机、通信和其他电子设备制造业
300711,2018,计算机、通信和其他电子设备制造业
300711,2019,计算机、通信和其他电子设备制造业
300712,2017,专业技术服务业
300712,2018,专业技术服务业
300712,2019,专业技术服务业
300713,2017,电气机械和器材制造业
300713,2018,电气机械和器材制造业
300713,2019,电气机械和器材制造业
300715,2017,非金属矿物制品业
300715,2018,非金属矿物制品业
300715,2019,非金属矿物制品业
300716,2017,橡胶和塑料制品业
300716,2018,橡胶和塑料制品业
300716,2019,橡胶和塑料制品业
300717,2017,橡胶和塑料制品业
300717,2018,橡胶和塑料制品业
300717,2019,橡胶和塑料制品业
300718,2017,通用设备制造业
300718,2018,通用设备制造业
300718,2019,通用设备制造业
300719,2017,铁路、船舶、航空航天和其他运输设备制造业
300719,2018,铁路、船舶、航空航天和其他运输设备制造业
300719,2019,铁路、船舶、航空航天和其他运输设备制造业
300720,2017,仪器仪表制造业
300720,2018,仪器仪表制造业
300720,2019,仪器仪表制造业
300721,2017,化学原料和化学制品制造业
300721,2018,化学原料和化学制品制造业
300721,2019,化学原料和化学制品制造业
300722,2017,其他制造业
300722,2018,其他制造业
300722,2019,其他制造业
300723,2017,医药制造业
300723,2018,医药制造业
300723,2019,医药制造业
300724,2018,专用设备制造业
300724,2019,电气机械和器材制造业
300725,2017,化学原料和化学制品制造业
300725,2018,化学原料和化学制品制造业
300725,2019,化学原料和化学制品制造业
300726,2017,计算机、通信和其他电子设备制造业
300726,2018,计算机、通信和其他电子设备制造业
300726,2019,计算机、通信和其他电子设备制造业
300727,2017,化学原料和化学制品制造业
300727,2018,化学原料和化学制品制造业
300727,2019,化学原料和化学制品制造业
300729,2017,家具制造业
300729,2018,家具制造业
300729,2019,家具制造业
300730,2017,软件和信息技术服务业
300730,2018,软件和信息技术服务业
300730,2019,软件和信息技术服务业
300731,2017,橡胶和塑料制品业
300731,2018,橡胶和塑料制品业
300731,2019,橡胶和塑料制品业
300732,2017,专业技术服务业
300732,2018,专业技术服务业
300732,2019,专业技术服务业
300733,2017,汽车制造业
300733,2018,汽车制造业
300733,2019,汽车制造业
300735,2017,计算机、通信和其他电子设备制造业
300735,2018,计算机、通信和其他电子设备制造业
300735,2019,计算机、通信和其他电子设备制造业
300736,2017,机动车、电子产品和日用产品修理业
300736,2018,机动车、电子产品和日用产品修理业
300736,2019,机动车、电子产品和日用产品修理业
300737,2017,非金属矿物制品业
300737,2018,非金属矿物制品业
300737,2019,非金属矿物制品业
300738,2017,软件和信息技术服务业
300738,2018,软件和信息技术服务业
300738,2019,软件和信息技术服务业
300739,2017,计算机、通信和其他电子设备制造业
300739,2018,计算机、通信和其他电子设备制造业
300739,2019,计算机、通信和其他电子设备制造业
300740,2018,化学原料和化学制品制造业
300740,2019,化学原料和化学制品制造业
300741,2018,化学原料和化学制品制造业
300741,2019,化学原料和化学制品制造业
300742,2018,汽车制造业
300742,2019,汽车制造业
300743,2018,计算机、通信和其他电子设备制造业
300743,2019,计算机、通信和其他电子设备制造业
300745,2018,汽车制造业
300745,2019,汽车制造业
300746,2018,专业技术服务业
300746,2019,专业技术服务业
300747,2018,计算机、通信和其他电子设备制造业
300747,2019,计算机、通信和其他电子设备制造业
300748,2018,计算机、通信和其他电子设备制造业
300748,2019,计算机、通信和其他电子设备制造业
300749,2018,家具制造业
300749,2019,家具制造业
300750,2018,电气机械和器材制造业
300750,2019,电气机械和器材制造业
300751,2018,专用设备制造业
300751,2019,专用设备制造业
300752,2018,计算机、通信和其他电子设备制造业
300752,2019,计算机、通信和其他电子设备制造业
300753,2018,专用设备制造业
300753,2019,专用设备制造业
300755,2018,零售业
300755,2019,批发业
300756,2018,文教、工美、体育和娱乐用品制造业
300756,2019,文教、工美、体育和娱乐用品制造业
300757,2018,专用设备制造业
300757,2019,专用设备制造业
300758,2018,化学原料和化学制品制造业
300758,2019,化学原料和化学制品制造业
300759,2018,研究和试验发展
300759,2019,研究和试验发展
300760,2018,专用设备制造业
300760,2019,专用设备制造业
300761,2018,畜牧业
300761,2019,畜牧业
300762,2019,计算机、通信和其他电子设备制造业
300763,2019,电气机械和器材制造业
300765,2019,食品制造业
300766,2019,互联网和相关服务
300767,2019,橡胶和塑料制品业
300768,2019,软件和信息技术服务业
300769,2019,化学原料和化学制品制造业
300770,2019,电信、广播电视和卫星传输服务
300771,2019,专用设备制造业
300772,2019,通用设备制造业
300773,2019,互联网和相关服务
300775,2019,铁路、船舶、航空航天和其他运输设备制造业
300776,2019,专用设备制造业
300777,2019,化学纤维制造业
300778,2019,专业技术服务业
300779,2019,废弃资源综合利用业
300780,2019,通用设备制造业
300781,2019,商务服务业
300782,2019,计算机、通信和其他电子设备制造业
300783,2019,零售业
300785,2019,互联网和相关服务
300786,2019,专用设备制造业
300787,2019,计算机、通信和其他电子设备制造业
300788,2019,新闻和出版业
300789,2019,软件和信息技术服务业
300790,2019,计算机、通信和其他电子设备制造业
300791,2019,食品制造业
300792,2019,互联网和相关服务
300793,2019,计算机、通信和其他电子设备制造业
300795,2019,商务服务业
300796,2019,化学原料和化学制品制造业
300797,2019,专业技术服务业
300798,2019,化学原料和化学制品制造业
300799,2019,软件和信息技术服务业
300800,2019,仪器仪表制造业
300801,2019,化学原料和化学制品制造业
300802,2019,计算机、通信和其他电子设备制造业
300805,2019,商务服务业
300806,2019,橡胶和塑料制品业
300807,2019,计算机、通信和其他电子设备制造业
300808,2019,电气机械和器材制造业
300809,2019,通用设备制造业
300810,2019,软件和信息技术服务业
300811,2019,计算机、通信和其他电子设备制造业
300812,2019,专用设备制造业
300813,2019,专用设备制造业
300815,2019,公共设施管理业
300816,2019,生态保护和环境治理业
300817,2019,通用设备制造业
300818,2019,专用设备制造业
300819,2019,纺织业
300820,2019,电气机械和器材制造业
600004,2015,航空运输业
600004,2016,航空运输业
600004,2017,航空运输业
600004,2018,航空运输业
600004,2019,航空运输业
600005,2015,黑色金属冶炼和压延加工业
600006,2015,汽车制造业
600006,2016,汽车制造业
600006,2017,汽车制造业
600006,2018,汽车制造业
600006,2019,汽车制造业
600007,2015,房地产业
600007,2016,房地产业
600007,2017,房地产业
600007,2018,房地产业
600007,2019,房地产业
600008,2015,水的生产和供应业
600008,2016,水的生产和供应业
600008,2017,水的生产和供应业
600008,2018,水的生产和供应业
600008,2019,水的生产和供应业
600009,2015,航空运输业
600009,2016,航空运输业
600009,2017,航空运输业
600009,2018,航空运输业
600009,2019,航空运输业
600010,2015,黑色金属冶炼和压延加工业
600010,2016,黑色金属冶炼和压延加工业
600010,2017,黑色金属冶炼和压延加工业
600010,2018,黑色金属冶炼和压延加工业
600010,2019,黑色金属冶炼和压延加工业
600011,2015,电力、热力生产和供应业
600011,2016,电力、热力生产和供应业
600011,2017,电力、热力生产和供应业
600011,2018,电力、热力生产和供应业
600011,2019,电力、热力生产和供应业
600012,2015,道路运输业
600012,2016,道路运输业
600012,2017,道路运输业
600012,2018,道路运输业
600012,2019,道路运输业
600017,2015,水上运输业
600017,2016,水上运输业
600017,2017,水上运输业
600017,2018,水上运输业
600017,2019,水上运输业
600018,2015,多式联运和运输代理业
600018,2016,多式联运和运输代理业
600018,2017,多式联运和运输代理业
600018,2018,多式联运和运输代理业
600018,2019,多式联运和运输代理业
600019,2015,黑色金属冶炼和压延加工业
600019,2016,黑色金属冶炼和压延加工业
600019,2017,黑色金属冶炼和压延加工业
600019,2018,黑色金属冶炼和压延加工业
600019,2019,黑色金属冶炼和压延加工业
600020,2015,道路运输业
600020,2016,道路运输业
600020,2017,道路运输业
600020,2018,道路运输业
600020,2019,道路运输业
600021,2015,电力、热力生产和供应业
600021,2016,电力、热力生产和供应业
600021,2017,电力、热力生产和供应业
600021,2018,电力、热力生产和供应业
600021,2019,电力、热力生产和供应业
600022,2015,黑色金属冶炼和压延加工业
600022,2016,黑色金属冶炼和压延加工业
600022,2017,黑色金属冶炼和压延加工业
600022,2018,黑色金属冶炼和压延加工业
600022,2019,黑色金属冶炼和压延加工业
600023,2015,电力、热力生产和供应业
600023,2016,电力、热力生产和供应业
600023,2017,电力、热力生产和供应业
600023,2018,电力、热力生产和供应业
600023,2019,电力、热力生产和供应业
600025,2017,电力、热力生产和供应业
600025,2018,电力、热力生产和供应业
600025,2019,电力、热力生产和供应业
600026,2015,水上运输业
600026,2016,水上运输业
600026,2017,水上运输业
600026,2018,水上运输业
600026,2019,水上运输业
600027,2015,电力、热力生产和供应业
600027,2016,电力、热力生产和供应业
600027,2017,电力、热力生产和供应业
600027,2018,电力、热力生产和供应业
600027,2019,电力、热力生产和供应业
600028,2015,石油和天然气开采业
600028,2016,石油和天然气开采业
600028,2017,石油和天然气开采业
600028,2018,石油和天然气开采业
600028,2019,石油和天然气开采业
600029,2015,航空运输业
600029,2016,航空运输业
600029,2017,航空运输业
600029,2018,航空运输业
600029,2019,航空运输业
600031,2015,专用设备制造业
600031,2016,专用设备制造业
600031,2017,专用设备制造业
600031,2018,专用设备制造业
600031,2019,专用设备制造业
600033,2015,道路运输业
600033,2016,道路运输业
600033,2017,道路运输业
600033,2018,道路运输业
600033,2019,道路运输业
600035,2015,道路运输业
600035,2016,道路运输业
600035,2017,道路运输业
600035,2018,道路运输业
600035,2019,道路运输业
600037,2015,电信、广播电视和卫星传输服务
600037,2016,电信、广播电视和卫星传输服务
600037,2017,电信、广播电视和卫星传输服务
600037,2018,电信、广播电视和卫星传输服务
600037,2019,电信、广播电视和卫星传输服务
600038,2015,铁路、船舶、航空航天和其他运输设备制造业
600038,2016,铁路、船舶、航空航天和其他运输设备制造业
600038,2017,铁路、船舶、航空航天和其他运输设备制造业
600038,2018,铁路、船舶、航空航天和其他运输设备制造业
600038,2019,铁路、船舶、航空航天和其他运输设备制造业
600039,2015,土木工程建筑业
600039,2016,土木工程建筑业
600039,2017,土木工程建筑业
600039,2018,土木工程建筑业
600039,2019,土木工程建筑业
600048,2015,房地产业
600048,2016,房地产业
600048,2017,房地产业
600048,2018,房地产业
600048,2019,房地产业
600050,2015,电信、广播电视和卫星传输服务
600050,2016,电信、广播电视和卫星传输服务
600050,2017,电信、广播电视和卫星传输服务
600050,2018,电信、广播电视和卫星传输服务
600050,2019,电信、广播电视和卫星传输服务
600051,2015,批发业
600051,2016,批发业
600051,2017,批发业
600051,2018,批发业
600051,2019,批发业
600052,2015,房地产业
600052,2016,房地产业
600052,2017,房地产业
600052,2018,房地产业
600052,2019,房地产业
600054,2015,公共设施管理业
600054,2016,公共设施管理业
600054,2017,公共设施管理业
600054,2018,公共设施管理业
600054,2019,公共设施管理业
600055,2015,专用设备制造业
600055,2016,专用设备制造业
600055,2017,专用设备制造业
600055,2018,专用设备制造业
600055,2019,专用设备制造业
600056,2015,医药制造业
600056,2016,医药制造业
600056,2017,医药制造业
600056,2018,医药制造业
600056,2019,医药制造业
600057,2015,商务服务业
600057,2016,商务服务业
600057,2017,商务服务业
600057,2018,商务服务业
600057,2019,商务服务业
600058,2015,批发业
600058,2016,批发业
600058,2017,批发业
600058,2018,批发业
600058,2019,批发业
600059,2015,酒、饮料和精制茶制造业
600059,2016,酒、饮料和精制茶制造业
600059,2017,酒、饮料和精制茶制造业
600059,2018,酒、饮料和精制茶制造业
600059,2019,酒、饮料和精制茶制造业
600060,2015,计算机、通信和其他电子设备制造业
600060,2016,计算机、通信和其他电子设备制造业
600060,2017,计算机、通信和其他电子设备制造业
600060,2018,计算机、通信和其他电子设备制造业
600060,2019,计算机、通信和其他电子设备制造业
600062,2015,医药制造业
600062,2016,医药制造业
600062,2017,医药制造业
600062,2018,医药制造业
600062,2019,医药制造业
600063,2015,化学纤维制造业
600063,2016,化学纤维制造业
600063,2017,化学纤维制造业
600063,2018,化学纤维制造业
600063,2019,化学纤维制造业
600064,2015,房地产业
600064,2016,房地产业
600064,2017,房地产业
600064,2018,房地产业
600064,2019,房地产业
600066,2015,汽车制造业
600066,2016,汽车制造业
600066,2017,汽车制造业
600066,2018,汽车制造业
600066,2019,汽车制造业
600067,2015,房地产业
600067,2016,房地产业
600067,2017,房地产业
600067,2018,房地产业
600067,2019,房地产业
600068,2015,土木工程建筑业
600068,2016,土木工程建筑业
600068,2017,土木工程建筑业
600068,2018,土木工程建筑业
600068,2019,土木工程建筑业
600069,2015,造纸和纸制品业
600069,2016,造纸和纸制品业
600069,2017,造纸和纸制品业
600069,2018,造纸和纸制品业
600069,2019,造纸和纸制品业
600070,2015,纺织业
600070,2016,纺织业
600070,2017,纺织业
600070,2018,纺织业
600070,2019,互联网和相关服务
600071,2015,仪器仪表制造业
600071,2016,仪器仪表制造业
600071,2017,仪器仪表制造业
600071,2018,仪器仪表制造业
600071,2019,仪器仪表制造业
600072,2015,铁路、船舶、航空航天和其他运输设备制造业
600072,2016,铁路、船舶、航空航天和其他运输设备制造业
600072,2017,土木工程建筑业
600072,2018,土木工程建筑业
600072,2019,土木工程建筑业
600073,2015,食品制造业
600073,2016,食品制造业
600073,2017,食品制造业
600073,2018,食品制造业
600073,2019,食品制造业
600074,2015,计算机、通信和其他电子设备制造业
600074,2016,计算机、通信和其他电子设备制造业
600074,2017,计算机、通信和其他电子设备制造业
600074,2018,计算机、通信和其他电子设备制造业
600074,2019,计算机、通信和其他电子设备制造业
600075,2015,化学原料和化学制品制造业
600075,2016,化学原料和化学制品制造业
600075,2017,化学原料和化学制品制造业
600075,2018,化学原料和化学制品制造业
600075,2019,化学原料和化学制品制造业
600076,2015,计算机、通信和其他电子设备制造业
600076,2016,木材加工和木、竹、藤、棕、草制品业
600076,2017,木材加工和木、竹、藤、棕、草制品业
600076,2018,木材加工和木、竹、藤、棕、草制品业
600076,2019,木材加工和木、竹、藤、棕、草制品业
600077,2015,房地产业
600077,2016,房地产业
600077,2017,房地产业
600077,2018,房地产业
600077,2019,房地产业
600078,2015,化学原料和化学制品制造业
600078,2016,化学原料和化学制品制造业
600078,2017,化学原料和化学制品制造业
600078,2018,化学原料和化学制品制造业
600078,2019,化学原料和化学制品制造业
600079,2015,医药制造业
600079,2016,医药制造业
600079,2017,医药制造业
600079,2018,医药制造业
600079,2019,医药制造业
600080,2015,医药制造业
600080,2016,医药制造业
600080,2017,医药制造业
600080,2018,医药制造业
600080,2019,医药制造业
600081,2015,汽车制造业
600081,2016,汽车制造业
600081,2017,汽车制造业
600081,2018,汽车制造业
600081,2019,汽车制造业
600082,2015,综合
600082,2016,综合
600082,2017,综合
600082,2018,综合
600082,2019,房地产业
600083,2015,计算机、通信和其他电子设备制造业
600083,2016,计算机、通信和其他电子设备制造业
600083,2017,计算机、通信和其他电子设备制造业
600083,2018,土木工程建筑业
600083,2019,批发业
600084,2015,酒、饮料和精制茶制造业
600084,2016,酒、饮料和精制茶制造业
600084,2017,酒、饮料和精制茶制造业
600084,2018,酒、饮料和精制茶制造业
600084,2019,酒、饮料和精制茶制造业
600085,2015,医药制造业
600085,2016,医药制造业
600085,2017,医药制造业
600085,2018,医药制造业
600085,2019,医药制造业
600086,2015,其他制造业
600086,2016,其他制造业
600086,2017,其他制造业
600086,2018,其他制造业
600086,2019,其他制造业
600088,2015,广播、电视、电影和录音制作业
600088,2016,广播、电视、电影和录音制作业
600088,2017,广播、电视、电影和录音制作业
600088,2018,广播、电视、电影和录音制作业
600088,2019,广播、电视、电影和录音制作业
600089,2015,电气机械和器材制造业
600089,2016,电气机械和器材制造业
600089,2017,电气机械和器材制造业
600089,2018,电气机械和器材制造业
600089,2019,电气机械和器材制造业
600090,2015,酒、饮料和精制茶制造业
600090,2016,批发业
600090,2017,批发业
600090,2018,批发业
600090,2019,批发业
600091,2015,化学原料和化学制品制造业
600091,2016,化学原料和化学制品制造业
600091,2017,化学原料和化学制品制造业
600091,2018,化学原料和化学制品制造业
600091,2019,化学原料和化学制品制造业
600093,2015,汽车制造业
600093,2016,商务服务业
600093,2017,商务服务业
600093,2018,商务服务业
600093,2019,商务服务业
600094,2015,房地产业
600094,2016,房地产业
600094,2017,房地产业
600094,2018,房地产业
600094,2019,房地产业
600096,2015,化学原料和化学制品制造业
600096,2016,化学原料和化学制品制造业
600096,2017,化学原料和化学制品制造业
600096,2018,化学原料和化学制品制造业
600096,2019,化学原料和化学制品制造业
600097,2015,渔业
600097,2016,渔业
600097,2017,渔业
600097,2018,渔业
600097,2019,渔业
600098,2015,电力、热力生产和供应业
600098,2016,电力、热力生产和供应业
600098,2017,电力、热力生产和供应业
600098,2018,电力、热力生产和供应业
600098,2019,电力、热力生产和供应业
600099,2015,铁路、船舶、航空航天和其他运输设备制造业
600099,2016,铁路、船舶、航空航天和其他运输设备制造业
600099,2017,铁路、船舶、航空航天和其他运输设备制造业
600099,2018,铁路、船舶、航空航天和其他运输设备制造业
600099,2019,铁路、船舶、航空航天和其他运输设备制造业
600100,2015,计算机、通信和其他电子设备制造业
600100,2016,计算机、通信和其他电子设备制造业
600100,2017,计算机、通信和其他电子设备制造业
600100,2018,计算机、通信和其他电子设备制造业
600100,2019,计算机、通信和其他电子设备制造业
600101,2015,电力、热力生产和供应业
600101,2016,电力、热力生产和供应业
600101,2017,电力、热力生产和供应业
600101,2018,电力、热力生产和供应业
600101,2019,电力、热力生产和供应业
600103,2015,造纸和纸制品业
600103,2016,造纸和纸制品业
600103,2017,造纸和纸制品业
600103,2018,造纸和纸制品业
600103,2019,造纸和纸制品业
600104,2015,汽车制造业
600104,2016,汽车制造业
600104,2017,汽车制造业
600104,2018,汽车制造业
600104,2019,汽车制造业
600105,2015,电气机械和器材制造业
600105,2016,电气机械和器材制造业
600105,2017,电气机械和器材制造业
600105,2018,电气机械和器材制造业
600105,2019,电气机械和器材制造业
600106,2015,道路运输业
600106,2016,道路运输业
600106,2017,道路运输业
600106,2018,道路运输业
600106,2019,道路运输业
600107,2015,纺织服装、服饰业
600107,2016,纺织服装、服饰业
600107,2017,纺织服装、服饰业
600107,2018,纺织服装、服饰业
600107,2019,纺织服装、服饰业
600108,2015,农业
600108,2016,农业
600108,2017,农业
600108,2018,农业
600108,2019,农业
600110,2015,有色金属冶炼和压延加工业
600110,2016,有色金属冶炼和压延加工业
600110,2017,有色金属冶炼和压延加工业
600110,2018,有色金属冶炼和压延加工业
600110,2019,有色金属冶炼和压延加工业
600111,2015,有色金属冶炼和压延加工业
600111,2016,有色金属冶炼和压延加工业
600111,2017,有色金属冶炼和压延加工业
600111,2018,有色金属冶炼和压延加工业
600111,2019,有色金属冶炼和压延加工业
600112,2015,电气机械和器材制造业
600112,2016,电气机械和器材制造业
600112,2017,电气机械和器材制造业
600112,2018,电气机械和器材制造业
600112,2019,电气机械和器材制造业
600113,2015,批发业
600113,2016,商务服务业
600113,2017,商务服务业
600113,2018,商务服务业
600113,2019,商务服务业
600114,2015,金属制品业
600114,2016,金属制品业
600114,2017,金属制品业
600114,2018,金属制品业
600114,2019,金属制品业
600115,2015,航空运输业
600115,2016,航空运输业
600115,2017,航空运输业
600115,2018,航空运输业
600115,2019,航空运输业
600116,2015,电力、热力生产和供应业
600116,2016,电力、热力生产和供应业
600116,2017,电力、热力生产和供应业
600116,2018,电力、热力生产和供应业
600116,2019,电力、热力生产和供应业
600117,2015,黑色金属冶炼和压延加工业
600117,2016,黑色金属冶炼和压延加工业
600117,2017,黑色金属冶炼和压延加工业
600117,2018,黑色金属冶炼和压延加工业
600117,2019,黑色金属冶炼和压延加工业
600118,2015,计算机、通信和其他电子设备制造业
600118,2016,计算机、通信和其他电子设备制造业
600118,2017,计算机、通信和其他电子设备制造业
600118,2018,计算机、通信和其他电子设备制造业
600118,2019,计算机、通信和其他电子设备制造业
600119,2015,道路运输业
600119,2016,道路运输业
600119,2017,道路运输业
600119,2018,道路运输业
600119,2019,道路运输业
600121,2015,煤炭开采和洗选业
600121,2016,煤炭开采和洗选业
600121,2017,煤炭开采和洗选业
600121,2018,煤炭开采和洗选业
600121,2019,煤炭开采和洗选业
600122,2015,零售业
600122,2016,零售业
600122,2017,零售业
600122,2018,零售业
600122,2019,零售业
600123,2015,煤炭开采和洗选业
600123,2016,煤炭开采和洗选业
600123,2017,煤炭开采和洗选业
600123,2018,煤炭开采和洗选业
600123,2019,煤炭开采和洗选业
600125,2015,铁路运输业
600125,2016,铁路运输业
600125,2017,铁路运输业
600125,2018,铁路运输业
600125,2019,铁路运输业
600126,2015,黑色金属冶炼和压延加工业
600126,2016,黑色金属冶炼和压延加工业
600126,2017,黑色金属冶炼和压延加工业
600126,2018,黑色金属冶炼和压延加工业
600126,2019,黑色金属冶炼和压延加工业
600127,2015,农副食品加工业
600127,2016,农副食品加工业
600127,2017,农副食品加工业
600127,2018,农副食品加工业
600127,2019,农副食品加工业
600128,2015,批发业
600128,2016,批发业
600128,2017,批发业
600128,2018,批发业
600128,2019,批发业
600129,2015,医药制造业
600129,2016,医药制造业
600129,2017,医药制造业
600129,2018,医药制造业
600129,2019,医药制造业
600130,2015,计算机、通信和其他电子设备制造业
600130,2016,计算机、通信和其他电子设备制造业
600130,2017,计算机、通信和其他电子设备制造业
600130,2018,计算机、通信和其他电子设备制造业
600130,2019,计算机、通信和其他电子设备制造业
600131,2015,电力、热力生产和供应业
600131,2016,电力、热力生产和供应业
600131,2017,电力、热力生产和供应业
600131,2018,电力、热力生产和供应业
600131,2019,电力、热力生产和供应业
600132,2015,酒、饮料和精制茶制造业
600132,2016,酒、饮料和精制茶制造业
600132,2017,酒、饮料和精制茶制造业
600132,2018,酒、饮料和精制茶制造业
600132,2019,酒、饮料和精制茶制造业
600133,2015,土木工程建筑业
600133,2016,土木工程建筑业
600133,2017,土木工程建筑业
600133,2018,土木工程建筑业
600133,2019,土木工程建筑业
600135,2015,化学原料和化学制品制造业
600135,2016,化学原料和化学制品制造业
600135,2017,化学原料和化学制品制造业
600135,2018,化学原料和化学制品制造业
600135,2019,化学原料和化学制品制造业
600136,2015,广播、电视、电影和录音制作业
600136,2016,广播、电视、电影和录音制作业
600136,2017,广播、电视、电影和录音制作业
600136,2018,广播、电视、电影和录音制作业
600136,2019,广播、电视、电影和录音制作业
600137,2015,纺织服装、服饰业
600137,2016,纺织服装、服饰业
600137,2017,纺织服装、服饰业
600137,2018,纺织服装、服饰业
600137,2019,纺织服装、服饰业
600138,2015,商务服务业
600138,2016,商务服务业
600138,2017,商务服务业
600138,2018,商务服务业
600138,2019,商务服务业
600141,2015,化学原料和化学制品制造业
600141,2016,化学原料和化学制品制造业
600141,2017,化学原料和化学制品制造业
600141,2018,化学原料和化学制品制造业
600141,2019,化学原料和化学制品制造业
600143,2015,橡胶和塑料制品业
600143,2016,橡胶和塑料制品业
600143,2017,橡胶和塑料制品业
600143,2018,橡胶和塑料制品业
600143,2019,橡胶和塑料制品业
600145,2015,非金属矿物制品业
600145,2016,非金属矿物制品业
600145,2017,非金属矿物制品业
600145,2018,非金属矿物制品业
600145,2019,非金属矿物制品业
600146,2015,化学原料和化学制品制造业
600146,2016,化学原料和化学制品制造业
600146,2017,纺织服装、服饰业
600146,2018,纺织服装、服饰业
600146,2019,纺织服装、服饰业
600148,2015,汽车制造业
600148,2016,汽车制造业
600148,2017,汽车制造业
600148,2018,汽车制造业
600148,2019,汽车制造业
600149,2015,综合
600149,2016,综合
600149,2017,综合
600149,2018,综合
600149,2019,综合
600150,2015,铁路、船舶、航空航天和其他运输设备制造业
600150,2016,铁路、船舶、航空航天和其他运输设备制造业
600150,2017,铁路、船舶、航空航天和其他运输设备制造业
600150,2018,铁路、船舶、航空航天和其他运输设备制造业
600150,2019,铁路、船舶、航空航天和其他运输设备制造业
600151,2015,计算机、通信和其他电子设备制造业
600151,2016,计算机、通信和其他电子设备制造业
600151,2017,计算机、通信和其他电子设备制造业
600151,2018,计算机、通信和其他电子设备制造业
600151,2019,计算机、通信和其他电子设备制造业
600152,2015,纺织业
600152,2016,纺织业
600152,2017,电气机械和器材制造业
600152,2018,电气机械和器材制造业
600152,2019,电气机械和器材制造业
600153,2015,批发业
600153,2016,批发业
600153,2017,批发业
600153,2018,批发业
600153,2019,批发业
600156,2015,纺织业
600156,2016,纺织业
600156,2017,纺织业
600156,2018,纺织业
600156,2019,纺织业
600157,2015,煤炭开采和洗选业
600157,2016,煤炭开采和洗选业
600157,2017,煤炭开采和洗选业
600157,2018,煤炭开采和洗选业
600157,2019,煤炭开采和洗选业
600158,2015,房地产业
600158,2016,房地产业
600158,2017,房地产业
600158,2018,房地产业
600158,2019,房地产业
600159,2015,房地产业
600159,2016,房地产业
600159,2017,房地产业
600159,2018,房地产业
600159,2019,房地产业
600160,2015,化学原料和化学制品制造业
600160,2016,化学原料和化学制品制造业
600160,2017,化学原料和化学制品制造业
600160,2018,化学原料和化学制品制造业
600160,2019,化学原料和化学制品制造业
600161,2015,医药制造业
600161,2016,医药制造业
600161,2017,医药制造业
600161,2018,医药制造业
600161,2019,医药制造业
600162,2015,房地产业
600162,2016,房地产业
600162,2017,房地产业
600162,2018,房地产业
600162,2019,房地产业
600163,2015,造纸和纸制品业
600163,2016,电力、热力生产和供应业
600163,2017,电力、热力生产和供应业
600163,2018,电力、热力生产和供应业
600163,2019,电力、热力生产和供应业
600165,2015,金属制品业
600165,2016,金属制品业
600165,2017,金属制品业
600165,2018,金属制品业
600165,2019,化学原料和化学制品制造业
600166,2015,汽车制造业
600166,2016,汽车制造业
600166,2017,汽车制造业
600166,2018,汽车制造业
600166,2019,汽车制造业
600167,2015,电力、热力生产和供应业
600167,2016,电力、热力生产和供应业
600167,2017,电力、热力生产和供应业
600167,2018,电力、热力生产和供应业
600167,2019,电力、热力生产和供应业
600168,2015,水的生产和供应业
600168,2016,水的生产和供应业
600168,2017,水的生产和供应业
600168,2018,水的生产和供应业
600168,2019,水的生产和供应业
600169,2015,专用设备制造业
600169,2016,专用设备制造业
600169,2017,专用设备制造业
600169,2018,专用设备制造业
600169,2019,专用设备制造业
600170,2015,土木工程建筑业
600170,2016,土木工程建筑业
600170,2017,土木工程建筑业
600170,2018,土木工程建筑业
600170,2019,土木工程建筑业
600171,2015,计算机、通信和其他电子设备制造业
600171,2016,计算机、通信和其他电子设备制造业
600171,2017,计算机、通信和其他电子设备制造业
600171,2018,计算机、通信和其他电子设备制造业
600171,2019,计算机、通信和其他电子设备制造业
600172,2015,非金属矿物制品业
600172,2016,非金属矿物制品业
600172,2017,非金属矿物制品业
600172,2018,非金属矿物制品业
600172,2019,非金属矿物制品业
600173,2015,房地产业
600173,2016,房地产业
600173,2017,房地产业
600173,2018,房地产业
600173,2019,房地产业
600175,2015,综合
600175,2016,综合
600175,2017,综合
600175,2018,综合
600175,2019,综合
600176,2015,非金属矿物制品业
600176,2016,非金属矿物制品业
600176,2017,非金属矿物制品业
600176,2018,非金属矿物制品业
600176,2019,非金属矿物制品业
600177,2015,房地产业
600177,2016,房地产业
600177,2017,房地产业
600177,2018,房地产业
600177,2019,纺织服装、服饰业
600178,2015,汽车制造业
600178,2016,汽车制造业
600178,2017,汽车制造业
600178,2018,汽车制造业
600178,2019,汽车制造业
600179,2015,石油、煤炭及其他燃料加工业
600179,2016,石油、煤炭及其他燃料加工业
600179,2017,多式联运和运输代理业
600179,2018,多式联运和运输代理业
600179,2019,多式联运和运输代理业
600180,2015,批发业
600180,2016,批发业
600180,2017,批发业
600180,2018,批发业
600180,2019,批发业
600182,2015,橡胶和塑料制品业
600182,2016,橡胶和塑料制品业
600182,2017,橡胶和塑料制品业
600182,2018,橡胶和塑料制品业
600182,2019,橡胶和塑料制品业
600183,2015,计算机、通信和其他电子设备制造业
600183,2016,计算机、通信和其他电子设备制造业
600183,2017,计算机、通信和其他电子设备制造业
600183,2018,计算机、通信和其他电子设备制造业
600183,2019,计算机、通信和其他电子设备制造业
600184,2015,专用设备制造业
600184,2016,专用设备制造业
600184,2017,专用设备制造业
600184,2018,专用设备制造业
600184,2019,专用设备制造业
600185,2015,房地产业
600185,2016,房地产业
600185,2017,房地产业
600185,2018,房地产业
600185,2019,房地产业
600186,2015,食品制造业
600186,2016,食品制造业
600186,2017,食品制造业
600186,2018,食品制造业
600186,2019,食品制造业
600187,2015,水的生产和供应业
600187,2016,水的生产和供应业
600187,2017,水的生产和供应业
600187,2018,水的生产和供应业
600187,2019,水的生产和供应业
600188,2015,煤炭开采和洗选业
600188,2016,煤炭开采和洗选业
600188,2017,煤炭开采和洗选业
600188,2018,煤炭开采和洗选业
600188,2019,煤炭开采和洗选业
600189,2015,木材加工和木、竹、藤、棕、草制品业
600189,2016,木材加工和木、竹、藤、棕、草制品业
600189,2017,木材加工和木、竹、藤、棕、草制品业
600189,2018,酒、饮料和精制茶制造业
600189,2019,酒、饮料和精制茶制造业
600190,2015,水上运输业
600190,2016,水上运输业
600190,2017,水上运输业
600190,2018,水上运输业
600190,2019,水上运输业
600191,2015,农副食品加工业
600191,2016,农副食品加工业
600191,2017,农副食品加工业
600191,2018,农副食品加工业
600191,2019,农副食品加工业
600192,2015,电气机械和器材制造业
600192,2016,电气机械和器材制造业
600192,2017,电气机械和器材制造业
600192,2018,电气机械和器材制造业
600192,2019,电气机械和器材制造业
600193,2015,黑色金属矿采选业
600193,2016,建筑装饰、装修和其他建筑业
600193,2017,建筑装饰、装修和其他建筑业
600193,2018,建筑装饰、装修和其他建筑业
600193,2019,建筑装饰、装修和其他建筑业
600195,2015,医药制造业
600195,2016,医药制造业
600195,2017,医药制造业
600195,2018,医药制造业
600195,2019,医药制造业
600196,2015,医药制造业
600196,2016,医药制造业
600196,2017,医药制造业
600196,2018,医药制造业
600196,2019,医药制造业
600197,2015,酒、饮料和精制茶制造业
600197,2016,酒、饮料和精制茶制造业
600197,2017,酒、饮料和精制茶制造业
600197,2018,酒、饮料和精制茶制造业
600197,2019,酒、饮料和精制茶制造业
600198,2015,计算机、通信和其他电子设备制造业
600198,2016,计算机、通信和其他电子设备制造业
600198,2017,计算机、通信和其他电子设备制造业
600198,2018,计算机、通信和其他电子设备制造业
600198,2019,计算机、通信和其他电子设备制造业
600199,2015,酒、饮料和精制茶制造业
600199,2016,酒、饮料和精制茶制造业
600199,2017,酒、饮料和精制茶制造业
600199,2018,酒、饮料和精制茶制造业
600199,2019,酒、饮料和精制茶制造业
600200,2015,综合
600200,2016,综合
600200,2017,综合
600200,2018,综合
600200,2019,综合
600201,2015,医药制造业
600201,2016,医药制造业
600201,2017,医药制造业
600201,2018,医药制造业
600201,2019,医药制造业
600202,2015,电气机械和器材制造业
600202,2016,电气机械和器材制造业
600202,2017,电气机械和器材制造业
600202,2018,电气机械和器材制造业
600202,2019,电气机械和器材制造业
600203,2015,批发业
600203,2016,批发业
600203,2017,批发业
600203,2018,批发业
600203,2019,批发业
600206,2015,有色金属冶炼和压延加工业
600206,2016,有色金属冶炼和压延加工业
600206,2017,有色金属冶炼和压延加工业
600206,2018,有色金属冶炼和压延加工业
600206,2019,有色金属冶炼和压延加工业
600207,2015,燃气生产和供应业
600207,2016,燃气生产和供应业
600207,2017,燃气生产和供应业
600207,2018,燃气生产和供应业
600207,2019,燃气生产和供应业
600208,2015,房地产业
600208,2016,房地产业
600208,2017,房地产业
600208,2018,房地产业
600208,2019,房地产业
600209,2015,建筑装饰、装修和其他建筑业
600209,2016,建筑装饰、装修和其他建筑业
600209,2017,建筑装饰、装修和其他建筑业
600209,2018,建筑装饰、装修和其他建筑业
600209,2019,建筑装饰、装修和其他建筑业
600210,2015,橡胶和塑料制品业
600210,2016,橡胶和塑料制品业
600210,2017,橡胶和塑料制品业
600210,2018,橡胶和塑料制品业
600210,2019,橡胶和塑料制品业
600211,2015,医药制造业
600211,2016,医药制造业
600211,2017,医药制造业
600211,2018,医药制造业
600211,2019,医药制造业
600212,2015,综合
600212,2016,综合
600212,2017,综合
600212,2018,综合
600212,2019,综合
600213,2015,汽车制造业
600213,2016,汽车制造业
600213,2017,汽车制造业
600213,2018,汽车制造业
600213,2019,汽车制造业
600215,2015,房地产业
600215,2016,房地产业
600215,2017,房地产业
600215,2018,房地产业
600215,2019,房地产业
600216,2015,医药制造业
600216,2016,医药制造业
600216,2017,医药制造业
600216,2018,医药制造业
600216,2019,医药制造业
600217,2015,非金属矿物制品业
600217,2016,废弃资源综合利用业
600217,2017,废弃资源综合利用业
600217,2018,废弃资源综合利用业
600217,2019,废弃资源综合利用业
600218,2015,通用设备制造业
600218,2016,通用设备制造业
600218,2017,通用设备制造业
600218,2018,通用设备制造业
600218,2019,通用设备制造业
600219,2015,有色金属冶炼和压延加工业
600219,2016,有色金属冶炼和压延加工业
600219,2017,有色金属冶炼和压延加工业
600219,2018,有色金属冶炼和压延加工业
600219,2019,有色金属冶炼和压延加工业
600220,2015,纺织业
600220,2016,纺织业
600220,2017,纺织业
600220,2018,纺织业
600220,2019,纺织业
600221,2015,航空运输业
600221,2016,航空运输业
600221,2017,航空运输业
600221,2018,航空运输业
600221,2019,航空运输业
600222,2015,医药制造业
600222,2016,医药制造业
600222,2017,医药制造业
600222,2018,医药制造业
600222,2019,医药制造业
600223,2015,房地产业
600223,2016,房地产业
600223,2017,房地产业
600223,2018,房地产业
600223,2019,房地产业
600225,2015,房地产业
600225,2016,房地产业
600225,2017,房地产业
600225,2018,房地产业
600225,2019,房地产业
600226,2015,化学原料和化学制品制造业
600226,2016,化学原料和化学制品制造业
600226,2017,化学原料和化学制品制造业
600226,2018,化学原料和化学制品制造业
600226,2019,化学原料和化学制品制造业
600227,2015,化学原料和化学制品制造业
600227,2016,化学原料和化学制品制造业
600227,2017,医药制造业
600227,2018,医药制造业
600227,2019,医药制造业
600228,2015,化学原料和化学制品制造业
600228,2016,化学原料和化学制品制造业
600228,2017,化学原料和化学制品制造业
600228,2018,化学原料和化学制品制造业
600228,2019,化学原料和化学制品制造业
600229,2015,新闻和出版业
600229,2016,新闻和出版业
600229,2017,新闻和出版业
600229,2018,新闻和出版业
600229,2019,新闻和出版业
600230,2015,化学原料和化学制品制造业
600230,2016,化学原料和化学制品制造业
600230,2017,化学原料和化学制品制造业
600230,2018,化学原料和化学制品制造业
600230,2019,化学原料和化学制品制造业
600231,2015,黑色金属冶炼和压延加工业
600231,2016,黑色金属冶炼和压延加工业
600231,2017,黑色金属冶炼和压延加工业
600231,2018,黑色金属冶炼和压延加工业
600231,2019,黑色金属冶炼和压延加工业
600232,2015,纺织业
600232,2016,纺织业
600232,2017,纺织业
600232,2018,纺织业
600232,2019,纺织业
600233,2015,纺织服装、服饰业
600233,2016,纺织服装、服饰业
600233,2017,邮政业
600233,2018,邮政业
600233,2019,邮政业
600234,2015,计算机、通信和其他电子设备制造业
600234,2016,计算机、通信和其他电子设备制造业
600234,2017,计算机、通信和其他电子设备制造业
600234,2018,计算机、通信和其他电子设备制造业
600234,2019,计算机、通信和其他电子设备制造业
600235,2015,造纸和纸制品业
600235,2016,造纸和纸制品业
600235,2017,造纸和纸制品业
600235,2018,造纸和纸制品业
600235,2019,造纸和纸制品业
600236,2015,电力、热力生产和供应业
600236,2016,电力、热力生产和供应业
600236,2017,电力、热力生产和供应业
600236,2018,电力、热力生产和供应业
600236,2019,电力、热力生产和供应业
600237,2015,计算机、通信和其他电子设备制造业
600237,2016,计算机、通信和其他电子设备制造业
600237,2017,计算机、通信和其他电子设备制造业
600237,2018,计算机、通信和其他电子设备制造业
600237,2019,计算机、通信和其他电子设备制造业
600238,2015,房地产业
600238,2016,酒、饮料和精制茶制造业
600238,2017,酒、饮料和精制茶制造业
600238,2018,酒、饮料和精制茶制造业
600238,2019,酒、饮料和精制茶制造业
600239,2015,房地产业
600239,2016,房地产业
600239,2017,房地产业
600239,2018,房地产业
600239,2019,房地产业
600240,2015,房地产业
600240,2016,房地产业
600240,2017,房地产业
600240,2018,房地产业
600241,2015,批发业
600241,2016,批发业
600241,2017,批发业
600241,2018,批发业
600241,2019,批发业
600242,2015,水上运输业
600242,2016,水上运输业
600242,2017,互联网和相关服务
600242,2018,互联网和相关服务
600242,2019,互联网和相关服务
600243,2015,通用设备制造业
600243,2016,通用设备制造业
600243,2017,通用设备制造业
600243,2018,通用设备制造业
600243,2019,通用设备制造业
600246,2015,房地产业
600246,2016,房地产业
600246,2017,房地产业
600246,2018,房地产业
600246,2019,房地产业
600247,2015,批发业
600247,2016,批发业
600247,2017,批发业
600247,2018,批发业
600247,2019,批发业
600248,2015,土木工程建筑业
600248,2016,土木工程建筑业
600248,2017,土木工程建筑业
600248,2018,土木工程建筑业
600248,2019,土木工程建筑业
600249,2015,化学原料和化学制品制造业
600249,2016,化学原料和化学制品制造业
600249,2017,化学原料和化学制品制造业
600249,2018,化学原料和化学制品制造业
600249,2019,化学原料和化学制品制造业
600250,2015,批发业
600250,2016,批发业
600250,2017,批发业
600250,2018,批发业
600250,2019,批发业
600251,2015,农副食品加工业
600251,2016,农副食品加工业
600251,2017,农副食品加工业
600251,2018,农副食品加工业
600251,2019,农副食品加工业
600252,2015,医药制造业
600252,2016,医药制造业
600252,2017,医药制造业
600252,2018,医药制造业
600252,2019,医药制造业
600255,2015,有色金属冶炼和压延加工业
600255,2016,有色金属冶炼和压延加工业
600255,2017,有色金属冶炼和压延加工业
600255,2018,有色金属冶炼和压延加工业
600255,2019,有色金属冶炼和压延加工业
600256,2015,石油和天然气开采业
600256,2016,石油和天然气开采业
600256,2017,石油和天然气开采业
600256,2018,石油和天然气开采业
600256,2019,石油和天然气开采业
600257,2015,渔业
600257,2016,渔业
600257,2017,渔业
600257,2018,渔业
600257,2019,渔业
600258,2015,住宿业
600258,2016,住宿业
600258,2017,住宿业
600258,2018,住宿业
600258,2019,住宿业
600259,2015,有色金属矿采选业
600259,2016,有色金属矿采选业
600259,2017,有色金属矿采选业
600259,2018,有色金属矿采选业
600259,2019,有色金属矿采选业
600260,2015,综合
600260,2016,计算机、通信和其他电子设备制造业
600260,2017,计算机、通信和其他电子设备制造业
600260,2018,计算机、通信和其他电子设备制造业
600260,2019,计算机、通信和其他电子设备制造业
600261,2015,电气机械和器材制造业
600261,2016,电气机械和器材制造业
600261,2017,电气机械和器材制造业
600261,2018,电气机械和器材制造业
600261,2019,电气机械和器材制造业
600262,2015,专用设备制造业
600262,2016,专用设备制造业
600262,2017,专用设备制造业
600262,2018,专用设备制造业
600262,2019,专用设备制造业
600265,2015,林业
600265,2016,林业
600265,2017,林业
600265,2018,林业
600265,2019,林业
600266,2015,房地产业
600266,2016,房地产业
600266,2017,房地产业
600266,2018,房地产业
600266,2019,房地产业
600267,2015,医药制造业
600267,2016,医药制造业
600267,2017,医药制造业
600267,2018,医药制造业
600267,2019,医药制造业
600268,2015,电气机械和器材制造业
600268,2016,电气机械和器材制造业
600268,2017,电气机械和器材制造业
600268,2018,电气机械和器材制造业
600268,2019,电气机械和器材制造业
600269,2015,道路运输业
600269,2016,道路运输业
600269,2017,道路运输业
600269,2018,道路运输业
600269,2019,道路运输业
600270,2015,航空运输业
600270,2016,航空运输业
600270,2017,多式联运和运输代理业
600271,2015,计算机、通信和其他电子设备制造业
600271,2016,计算机、通信和其他电子设备制造业
600271,2017,计算机、通信和其他电子设备制造业
600271,2018,计算机、通信和其他电子设备制造业
600271,2019,计算机、通信和其他电子设备制造业
600272,2015,零售业
600272,2016,零售业
600272,2017,零售业
600272,2018,零售业
600272,2019,零售业
600273,2015,化学原料和化学制品制造业
600273,2016,化学原料和化学制品制造业
600273,2017,化学原料和化学制品制造业
600273,2018,化学原料和化学制品制造业
600273,2019,化学原料和化学制品制造业
600275,2015,房地产业
600275,2016,农副食品加工业
600275,2017,农副食品加工业
600275,2018,农副食品加工业
600275,2019,农副食品加工业
600276,2015,医药制造业
600276,2016,医药制造业
600276,2017,医药制造业
600276,2018,医药制造业
600276,2019,医药制造业
600277,2015,化学原料和化学制品制造业
600277,2016,化学原料和化学制品制造业
600277,2017,化学原料和化学制品制造业
600277,2018,化学原料和化学制品制造业
600277,2019,化学原料和化学制品制造业
600278,2015,批发业
600278,2016,批发业
600278,2017,批发业
600278,2018,批发业
600278,2019,批发业
600279,2015,水上运输业
600279,2016,水上运输业
600279,2017,水上运输业
600279,2018,水上运输业
600279,2019,水上运输业
600280,2015,零售业
600280,2016,零售业
600280,2017,零售业
600280,2018,零售业
600280,2019,零售业
600281,2015,石油、煤炭及其他燃料加工业
600281,2016,石油、煤炭及其他燃料加工业
600281,2017,石油、煤炭及其他燃料加工业
600281,2018,石油、煤炭及其他燃料加工业
600281,2019,石油、煤炭及其他燃料加工业
600282,2015,黑色金属冶炼和压延加工业
600282,2016,黑色金属冶炼和压延加工业
600282,2017,黑色金属冶炼和压延加工业
600282,2018,黑色金属冶炼和压延加工业
600282,2019,黑色金属冶炼和压延加工业
600283,2015,水的生产和供应业
600283,2016,水的生产和供应业
600283,2017,水的生产和供应业
600283,2018,水的生产和供应业
600283,2019,水的生产和供应业
600284,2015,土木工程建筑业
600284,2016,土木工程建筑业
600284,2017,土木工程建筑业
600284,2018,土木工程建筑业
600284,2019,土木工程建筑业
600285,2015,医药制造业
600285,2016,医药制造业
600285,2017,医药制造业
600285,2018,医药制造业
600285,2019,医药制造业
600287,2015,批发业
600287,2016,批发业
600287,2017,批发业
600287,2018,批发业
600287,2019,批发业
600288,2015,计算机、通信和其他电子设备制造业
600288,2016,计算机、通信和其他电子设备制造业
600288,2017,计算机、通信和其他电子设备制造业
600288,2018,计算机、通信和其他电子设备制造业
600288,2019,计算机、通信和其他电子设备制造业
600289,2015,软件和信息技术服务业
600289,2016,软件和信息技术服务业
600289,2017,软件和信息技术服务业
600289,2018,软件和信息技术服务业
600289,2019,软件和信息技术服务业
600290,2015,电气机械和器材制造业
600290,2016,电气机械和器材制造业
600290,2017,电气机械和器材制造业
600290,2018,电气机械和器材制造业
600290,2019,电气机械和器材制造业
600292,2015,生态保护和环境治理业
600292,2016,生态保护和环境治理业
600292,2017,生态保护和环境治理业
600292,2018,生态保护和环境治理业
600292,2019,生态保护和环境治理业
600293,2015,非金属矿物制品业
600293,2016,非金属矿物制品业
600293,2017,非金属矿物制品业
600293,2018,零售业
600293,2019,零售业
600295,2015,黑色金属冶炼和压延加工业
600295,2016,黑色金属冶炼和压延加工业
600295,2017,黑色金属冶炼和压延加工业
600295,2018,黑色金属冶炼和压延加工业
600295,2019,黑色金属冶炼和压延加工业
600297,2015,零售业
600297,2016,零售业
600297,2017,零售业
600297,2018,零售业
600297,2019,零售业
600298,2015,食品制造业
600298,2016,食品制造业
600298,2017,食品制造业
600298,2018,食品制造业
600298,2019,食品制造业
600299,2015,化学原料和化学制品制造业
600299,2016,医药制造业
600299,2017,医药制造业
600299,2018,医药制造业
600299,2019,医药制造业
600300,2015,酒、饮料和精制茶制造业
600300,2016,酒、饮料和精制茶制造业
600300,2017,酒、饮料和精制茶制造业
600300,2018,酒、饮料和精制茶制造业
600300,2019,酒、饮料和精制茶制造业
600301,2015,化学原料和化学制品制造业
600301,2016,化学原料和化学制品制造业
600301,2017,化学原料和化学制品制造业
600301,2018,化学原料和化学制品制造业
600301,2019,化学原料和化学制品制造业
600302,2015,专用设备制造业
600302,2016,专用设备制造业
600302,2017,专用设备制造业
600302,2018,专用设备制造业
600302,2019,专用设备制造业
600303,2015,汽车制造业
600303,2016,汽车制造业
600303,2017,汽车制造业
600303,2018,汽车制造业
600303,2019,汽车制造业
600305,2015,食品制造业
600305,2016,食品制造业
600305,2017,食品制造业
600305,2018,食品制造业
600305,2019,食品制造业
600306,2015,零售业
600306,2016,零售业
600306,2017,零售业
600306,2018,零售业
600306,2019,零售业
600307,2015,黑色金属冶炼和压延加工业
600307,2016,黑色金属冶炼和压延加工业
600307,2017,黑色金属冶炼和压延加工业
600307,2018,黑色金属冶炼和压延加工业
600307,2019,黑色金属冶炼和压延加工业
600308,2015,造纸和纸制品业
600308,2016,造纸和纸制品业
600308,2017,造纸和纸制品业
600308,2018,造纸和纸制品业
600308,2019,造纸和纸制品业
600309,2015,化学原料和化学制品制造业
600309,2016,化学原料和化学制品制造业
600309,2017,化学原料和化学制品制造业
600309,2018,化学原料和化学制品制造业
600309,2019,化学原料和化学制品制造业
600310,2015,电力、热力生产和供应业
600310,2016,电力、热力生产和供应业
600310,2017,电力、热力生产和供应业
600310,2018,电力、热力生产和供应业
600310,2019,电力、热力生产和供应业
600311,2015,有色金属矿采选业
600311,2016,有色金属矿采选业
600311,2017,有色金属矿采选业
600311,2018,有色金属矿采选业
600311,2019,有色金属矿采选业
600312,2015,电气机械和器材制造业
600312,2016,电气机械和器材制造业
600312,2017,电气机械和器材制造业
600312,2018,电气机械和器材制造业
600312,2019,电气机械和器材制造业
600313,2015,农业
600313,2016,农业
600313,2017,农业
600313,2018,农业
600313,2019,农业
600315,2015,化学原料和化学制品制造业
600315,2016,化学原料和化学制品制造业
600315,2017,化学原料和化学制品制造业
600315,2018,化学原料和化学制品制造业
600315,2019,化学原料和化学制品制造业
600316,2015,铁路、船舶、航空航天和其他运输设备制造业
600316,2016,铁路、船舶、航空航天和其他运输设备制造业
600316,2017,铁路、船舶、航空航天和其他运输设备制造业
600316,2018,铁路、船舶、航空航天和其他运输设备制造业
600316,2019,铁路、船舶、航空航天和其他运输设备制造业
600317,2015,水上运输业
600317,2016,水上运输业
600317,2017,水上运输业
600317,2018,水上运输业
600317,2019,水上运输业
600319,2015,化学原料和化学制品制造业
600319,2016,化学原料和化学制品制造业
600319,2017,化学原料和化学制品制造业
600319,2018,化学原料和化学制品制造业
600319,2019,化学原料和化学制品制造业
600320,2015,专用设备制造业
600320,2016,专用设备制造业
600320,2017,专用设备制造业
600320,2018,专用设备制造业
600320,2019,专用设备制造业
600321,2015,木材加工和木、竹、藤、棕、草制品业
600321,2016,木材加工和木、竹、藤、棕、草制品业
600321,2017,木材加工和木、竹、藤、棕、草制品业
600321,2018,木材加工和木、竹、藤、棕、草制品业
600321,2019,木材加工和木、竹、藤、棕、草制品业
600322,2015,房地产业
600322,2016,房地产业
600322,2017,房地产业
600322,2018,房地产业
600322,2019,房地产业
600323,2015,水的生产和供应业
600323,2016,水的生产和供应业
600323,2017,水的生产和供应业
600323,2018,水的生产和供应业
600323,2019,生态保护和环境治理业
600325,2015,房地产业
600325,2016,房地产业
600325,2017,房地产业
600325,2018,房地产业
600325,2019,房地产业
600326,2015,土木工程建筑业
600326,2016,土木工程建筑业
600326,2017,土木工程建筑业
600326,2018,土木工程建筑业
600326,2019,非金属矿物制品业
600327,2015,零售业
600327,2016,零售业
600327,2017,零售业
600327,2018,零售业
600327,2019,零售业
600328,2015,化学原料和化学制品制造业
600328,2016,化学原料和化学制品制造业
600328,2017,化学原料和化学制品制造业
600328,2018,化学原料和化学制品制造业
600328,2019,化学原料和化学制品制造业
600329,2015,医药制造业
600329,2016,医药制造业
600329,2017,医药制造业
600329,2018,医药制造业
600329,2019,医药制造业
600330,2015,计算机、通信和其他电子设备制造业
600330,2016,计算机、通信和其他电子设备制造业
600330,2017,计算机、通信和其他电子设备制造业
600330,2018,计算机、通信和其他电子设备制造业
600330,2019,计算机、通信和其他电子设备制造业
600331,2015,有色金属冶炼和压延加工业
600331,2016,有色金属冶炼和压延加工业
600331,2017,有色金属冶炼和压延加工业
600331,2018,有色金属冶炼和压延加工业
600331,2019,有色金属冶炼和压延加工业
600332,2015,医药制造业
600332,2016,医药制造业
600332,2017,医药制造业
600332,2018,医药制造业
600332,2019,医药制造业
600333,2015,石油、煤炭及其他燃料加工业
600333,2016,燃气生产和供应业
600333,2017,燃气生产和供应业
600333,2018,燃气生产和供应业
600333,2019,燃气生产和供应业
600335,2015,批发业
600335,2016,批发业
600335,2017,批发业
600335,2018,批发业
600335,2019,批发业
600336,2015,电气机械和器材制造业
600336,2016,电气机械和器材制造业
600336,2017,电气机械和器材制造业
600336,2018,电气机械和器材制造业
600336,2019,电气机械和器材制造业
600337,2015,零售业
600337,2016,零售业
600337,2017,零售业
600337,2018,零售业
600337,2019,零售业
600338,2015,有色金属冶炼和压延加工业
600338,2016,有色金属矿采选业
600338,2017,有色金属矿采选业
600338,2018,有色金属矿采选业
600338,2019,有色金属矿采选业
600339,2015,化学原料和化学制品制造业
600339,2016,化学原料和化学制品制造业
600339,2017,开采专业及辅助性活动
600339,2018,开采专业及辅助性活动
600339,2019,开采专业及辅助性活动
600340,2015,房地产业
600340,2016,房地产业
600340,2017,房地产业
600340,2018,房地产业
600340,2019,房地产业
600343,2015,专用设备制造业
600343,2016,专用设备制造业
600343,2017,专用设备制造业
600343,2018,专用设备制造业
600343,2019,专用设备制造业
600345,2015,计算机、通信和其他电子设备制造业
600345,2016,计算机、通信和其他电子设备制造业
600345,2017,计算机、通信和其他电子设备制造业
600345,2018,计算机、通信和其他电子设备制造业
600345,2019,计算机、通信和其他电子设备制造业
600346,2015,专用设备制造业
600346,2016,化学纤维制造业
600346,2017,化学纤维制造业
600346,2018,化学纤维制造业
600346,2019,化学纤维制造业
600348,2015,煤炭开采和洗选业
600348,2016,煤炭开采和洗选业
600348,2017,煤炭开采和洗选业
600348,2018,煤炭开采和洗选业
600348,2019,煤炭开采和洗选业
600350,2015,道路运输业
600350,2016,道路运输业
600350,2017,道路运输业
600350,2018,道路运输业
600350,2019,道路运输业
600351,2015,医药制造业
600351,2016,医药制造业
600351,2017,医药制造业
600351,2018,医药制造业
600351,2019,医药制造业
600352,2015,化学原料和化学制品制造业
600352,2016,化学原料和化学制品制造业
600352,2017,化学原料和化学制品制造业
600352,2018,化学原料和化学制品制造业
600352,2019,化学原料和化学制品制造业
600353,2015,计算机、通信和其他电子设备制造业
600353,2016,计算机、通信和其他电子设备制造业
600353,2017,计算机、通信和其他电子设备制造业
600353,2018,计算机、通信和其他电子设备制造业
600353,2019,计算机、通信和其他电子设备制造业
600354,2015,农业
600354,2016,农业
600354,2017,农业
600354,2018,农业
600354,2019,农业
600355,2015,计算机、通信和其他电子设备制造业
600355,2016,计算机、通信和其他电子设备制造业
600355,2017,计算机、通信和其他电子设备制造业
600355,2018,计算机、通信和其他电子设备制造业
600355,2019,计算机、通信和其他电子设备制造业
600356,2015,造纸和纸制品业
600356,2016,造纸和纸制品业
600356,2017,造纸和纸制品业
600356,2018,造纸和纸制品业
600356,2019,造纸和纸制品业
600358,2015,商务服务业
600358,2016,商务服务业
600358,2017,互联网和相关服务
600358,2018,互联网和相关服务
600358,2019,互联网和相关服务
600359,2015,农业
600359,2016,农业
600359,2017,农业
600359,2018,农业
600359,2019,农业
600360,2015,计算机、通信和其他电子设备制造业
600360,2016,计算机、通信和其他电子设备制造业
600360,2017,计算机、通信和其他电子设备制造业
600360,2018,计算机、通信和其他电子设备制造业
600360,2019,计算机、通信和其他电子设备制造业
600361,2015,零售业
600361,2016,零售业
600361,2017,零售业
600361,2018,零售业
600361,2019,零售业
600362,2015,有色金属冶炼和压延加工业
600362,2016,有色金属冶炼和压延加工业
600362,2017,有色金属冶炼和压延加工业
600362,2018,有色金属冶炼和压延加工业
600362,2019,有色金属冶炼和压延加工业
600363,2015,计算机、通信和其他电子设备制造业
600363,2016,计算机、通信和其他电子设备制造业
600363,2017,计算机、通信和其他电子设备制造业
600363,2018,计算机、通信和其他电子设备制造业
600363,2019,计算机、通信和其他电子设备制造业
600365,2015,酒、饮料和精制茶制造业
600365,2016,酒、饮料和精制茶制造业
600365,2017,酒、饮料和精制茶制造业
600365,2018,酒、饮料和精制茶制造业
600365,2019,酒、饮料和精制茶制造业
600366,2015,计算机、通信和其他电子设备制造业
600366,2016,计算机、通信和其他电子设备制造业
600366,2017,计算机、通信和其他电子设备制造业
600366,2018,计算机、通信和其他电子设备制造业
600366,2019,计算机、通信和其他电子设备制造业
600367,2015,化学原料和化学制品制造业
600367,2016,化学原料和化学制品制造业
600367,2017,化学原料和化学制品制造业
600367,2018,化学原料和化学制品制造业
600367,2019,化学原料和化学制品制造业
600368,2015,道路运输业
600368,2016,道路运输业
600368,2017,道路运输业
600368,2018,道路运输业
600368,2019,道路运输业
600370,2015,纺织业
600370,2016,纺织业
600370,2017,纺织业
600370,2018,纺织业
600370,2019,纺织业
600371,2015,农业
600371,2016,农业
600371,2017,农业
600371,2018,农业
600371,2019,农业
600372,2015,铁路、船舶、航空航天和其他运输设备制造业
600372,2016,铁路、船舶、航空航天和其他运输设备制造业
600372,2017,铁路、船舶、航空航天和其他运输设备制造业
600372,2018,铁路、船舶、航空航天和其他运输设备制造业
600372,2019,铁路、船舶、航空航天和其他运输设备制造业
600373,2015,新闻和出版业
600373,2016,新闻和出版业
600373,2017,新闻和出版业
600373,2018,新闻和出版业
600373,2019,新闻和出版业
600375,2015,汽车制造业
600375,2016,汽车制造业
600375,2017,汽车制造业
600375,2018,汽车制造业
600375,2019,汽车制造业
600376,2015,房地产业
600376,2016,房地产业
600376,2017,房地产业
600376,2018,房地产业
600376,2019,房地产业
600377,2015,道路运输业
600377,2016,道路运输业
600377,2017,道路运输业
600377,2018,道路运输业
600377,2019,道路运输业
600378,2015,化学原料和化学制品制造业
600378,2016,化学原料和化学制品制造业
600378,2017,化学原料和化学制品制造业
600378,2018,化学原料和化学制品制造业
600378,2019,化学原料和化学制品制造业
600379,2015,电气机械和器材制造业
600379,2016,电气机械和器材制造业
600379,2017,电气机械和器材制造业
600379,2018,电气机械和器材制造业
600379,2019,电气机械和器材制造业
600380,2015,医药制造业
600380,2016,医药制造业
600380,2017,医药制造业
600380,2018,医药制造业
600380,2019,医药制造业
600381,2015,食品制造业
600381,2016,食品制造业
600381,2017,食品制造业
600381,2018,食品制造业
600381,2019,食品制造业
600382,2015,批发业
600382,2016,批发业
600382,2017,批发业
600382,2018,批发业
600382,2019,批发业
600383,2015,房地产业
600383,2016,房地产业
600383,2017,房地产业
600383,2018,房地产业
600383,2019,房地产业
600385,2015,医药制造业
600385,2016,医药制造业
600385,2017,医药制造业
600385,2018,医药制造业
600385,2019,医药制造业
600386,2015,零售业
600386,2016,零售业
600386,2017,零售业
600386,2018,零售业
600386,2019,零售业
600387,2015,批发业
600387,2016,批发业
600387,2017,批发业
600387,2018,批发业
600387,2019,批发业
600388,2015,专用设备制造业
600388,2016,专用设备制造业
600388,2017,专用设备制造业
600388,2018,专用设备制造业
600388,2019,专用设备制造业
600389,2015,化学原料和化学制品制造业
600389,2016,化学原料和化学制品制造业
600389,2017,化学原料和化学制品制造业
600389,2018,化学原料和化学制品制造业
600389,2019,化学原料和化学制品制造业
600391,2015,铁路、船舶、航空航天和其他运输设备制造业
600391,2016,铁路、船舶、航空航天和其他运输设备制造业
600391,2017,铁路、船舶、航空航天和其他运输设备制造业
600391,2018,铁路、船舶、航空航天和其他运输设备制造业
600391,2019,铁路、船舶、航空航天和其他运输设备制造业
600392,2015,有色金属冶炼和压延加工业
600392,2016,有色金属冶炼和压延加工业
600392,2017,有色金属冶炼和压延加工业
600392,2018,有色金属冶炼和压延加工业
600392,2019,有色金属冶炼和压延加工业
600393,2015,房地产业
600393,2016,房地产业
600393,2017,房地产业
600393,2018,房地产业
600393,2019,房地产业
600395,2015,煤炭开采和洗选业
600395,2016,煤炭开采和洗选业
600395,2017,煤炭开采和洗选业
600395,2018,煤炭开采和洗选业
600395,2019,煤炭开采和洗选业
600396,2015,电力、热力生产和供应业
600396,2016,电力、热力生产和供应业
600396,2017,电力、热力生产和供应业
600396,2018,电力、热力生产和供应业
600396,2019,电力、热力生产和供应业
600397,2015,煤炭开采和洗选业
600397,2016,煤炭开采和洗选业
600397,2017,煤炭开采和洗选业
600397,2018,煤炭开采和洗选业
600397,2019,煤炭开采和洗选业
600398,2015,纺织服装、服饰业
600398,2016,纺织服装、服饰业
600398,2017,纺织服装、服饰业
600398,2018,纺织服装、服饰业
600398,2019,纺织服装、服饰业
600399,2015,黑色金属冶炼和压延加工业
600399,2016,黑色金属冶炼和压延加工业
600399,2017,黑色金属冶炼和压延加工业
600399,2018,黑色金属冶炼和压延加工业
600399,2019,黑色金属冶炼和压延加工业
600400,2015,纺织服装、服饰业
600400,2016,纺织服装、服饰业
600400,2017,纺织服装、服饰业
600400,2018,纺织服装、服饰业
600400,2019,纺织服装、服饰业
600401,2015,计算机、通信和其他电子设备制造业
600401,2016,计算机、通信和其他电子设备制造业
600401,2017,计算机、通信和其他电子设备制造业
600401,2018,计算机、通信和其他电子设备制造业
600403,2015,煤炭开采和洗选业
600403,2016,煤炭开采和洗选业
600403,2017,煤炭开采和洗选业
600403,2018,煤炭开采和洗选业
600403,2019,煤炭开采和洗选业
600405,2015,计算机、通信和其他电子设备制造业
600405,2016,计算机、通信和其他电子设备制造业
600405,2017,计算机、通信和其他电子设备制造业
600405,2018,计算机、通信和其他电子设备制造业
600405,2019,计算机、通信和其他电子设备制造业
600406,2015,软件和信息技术服务业
600406,2016,软件和信息技术服务业
600406,2017,软件和信息技术服务业
600406,2018,软件和信息技术服务业
600406,2019,软件和信息技术服务业
600408,2015,黑色金属冶炼和压延加工业
600408,2016,黑色金属冶炼和压延加工业
600408,2017,黑色金属冶炼和压延加工业
600408,2018,黑色金属冶炼和压延加工业
600408,2019,黑色金属冶炼和压延加工业
600409,2015,化学原料和化学制品制造业
600409,2016,化学原料和化学制品制造业
600409,2017,化学原料和化学制品制造业
600409,2018,化学原料和化学制品制造业
600409,2019,化学原料和化学制品制造业
600410,2015,软件和信息技术服务业
600410,2016,软件和信息技术服务业
600410,2017,软件和信息技术服务业
600410,2018,软件和信息技术服务业
600410,2019,软件和信息技术服务业
600415,2015,商务服务业
600415,2016,商务服务业
600415,2017,商务服务业
600415,2018,商务服务业
600415,2019,商务服务业
600416,2015,通用设备制造业
600416,2016,通用设备制造业
600416,2017,通用设备制造业
600416,2018,通用设备制造业
600416,2019,通用设备制造业
600418,2015,汽车制造业
600418,2016,汽车制造业
600418,2017,汽车制造业
600418,2018,汽车制造业
600418,2019,汽车制造业
600419,2015,食品制造业
600419,2016,食品制造业
600419,2017,食品制造业
600419,2018,食品制造业
600419,2019,食品制造业
600420,2015,医药制造业
600420,2016,医药制造业
600420,2017,医药制造业
600420,2018,医药制造业
600420,2019,医药制造业
600421,2015,医药制造业
600421,2016,通用设备制造业
600421,2017,通用设备制造业
600421,2018,通用设备制造业
600421,2019,通用设备制造业
600422,2015,医药制造业
600422,2016,医药制造业
600422,2017,医药制造业
600422,2018,医药制造业
600422,2019,医药制造业
600423,2015,化学原料和化学制品制造业
600423,2016,化学原料和化学制品制造业
600423,2017,化学原料和化学制品制造业
600423,2018,化学原料和化学制品制造业
600423,2019,化学原料和化学制品制造业
600425,2015,非金属矿物制品业
600425,2016,非金属矿物制品业
600425,2017,非金属矿物制品业
600425,2018,非金属矿物制品业
600425,2019,非金属矿物制品业
600426,2015,化学原料和化学制品制造业
600426,2016,化学原料和化学制品制造业
600426,2017,化学原料和化学制品制造业
600426,2018,化学原料和化学制品制造业
600426,2019,化学原料和化学制品制造业
600428,2015,水上运输业
600428,2016,水上运输业
600428,2017,水上运输业
600428,2018,水上运输业
600428,2019,水上运输业
600429,2015,食品制造业
600429,2016,食品制造业
600429,2017,食品制造业
600429,2018,食品制造业
600429,2019,食品制造业
600432,2015,有色金属冶炼和压延加工业
600432,2016,有色金属冶炼和压延加工业
600432,2017,有色金属冶炼和压延加工业
600433,2015,造纸和纸制品业
600433,2016,造纸和纸制品业
600433,2017,造纸和纸制品业
600433,2018,造纸和纸制品业
600433,2019,造纸和纸制品业
600435,2015,计算机、通信和其他电子设备制造业
600435,2016,计算机、通信和其他电子设备制造业
600435,2017,计算机、通信和其他电子设备制造业
600435,2018,计算机、通信和其他电子设备制造业
600435,2019,计算机、通信和其他电子设备制造业
600436,2015,医药制造业
600436,2016,医药制造业
600436,2017,医药制造业
600436,2018,医药制造业
600436,2019,医药制造业
600438,2015,农副食品加工业
600438,2016,农副食品加工业
600438,2017,农副食品加工业
600438,2018,农副食品加工业
600438,2019,农副食品加工业
600439,2015,皮革、毛皮、羽毛及其制品和制鞋业
600439,2016,皮革、毛皮、羽毛及其制品和制鞋业
600439,2017,皮革、毛皮、羽毛及其制品和制鞋业
600439,2018,皮革、毛皮、羽毛及其制品和制鞋业
600439,2019,皮革、毛皮、羽毛及其制品和制鞋业
600444,2015,橡胶和塑料制品业
600444,2016,通用设备制造业
600444,2017,通用设备制造业
600444,2018,通用设备制造业
600444,2019,通用设备制造业
600446,2015,软件和信息技术服务业
600446,2016,软件和信息技术服务业
600446,2017,软件和信息技术服务业
600446,2018,软件和信息技术服务业
600446,2019,软件和信息技术服务业
600448,2015,纺织业
600448,2016,纺织业
600448,2017,纺织业
600448,2018,纺织业
600448,2019,纺织业
600449,2015,非金属矿物制品业
600449,2016,非金属矿物制品业
600449,2017,非金属矿物制品业
600449,2018,非金属矿物制品业
600449,2019,非金属矿物制品业
600452,2015,电力、热力生产和供应业
600452,2016,电力、热力生产和供应业
600452,2017,电力、热力生产和供应业
600452,2018,电力、热力生产和供应业
600452,2019,电力、热力生产和供应业
600455,2015,综合
600455,2016,综合
600455,2017,综合
600455,2018,综合
600455,2019,综合
600456,2015,有色金属冶炼和压延加工业
600456,2016,有色金属冶炼和压延加工业
600456,2017,有色金属冶炼和压延加工业
600456,2018,有色金属冶炼和压延加工业
600456,2019,有色金属冶炼和压延加工业
600458,2015,橡胶和塑料制品业
600458,2016,橡胶和塑料制品业
600458,2017,橡胶和塑料制品业
600458,2018,橡胶和塑料制品业
600458,2019,橡胶和塑料制品业
600459,2015,有色金属冶炼和压延加工业
600459,2016,有色金属冶炼和压延加工业
600459,2017,有色金属冶炼和压延加工业
600459,2018,有色金属冶炼和压延加工业
600459,2019,有色金属冶炼和压延加工业
600460,2015,计算机、通信和其他电子设备制造业
600460,2016,计算机、通信和其他电子设备制造业
600460,2017,计算机、通信和其他电子设备制造业
600460,2018,计算机、通信和其他电子设备制造业
600460,2019,计算机、通信和其他电子设备制造业
600461,2015,水的生产和供应业
600461,2016,水的生产和供应业
600461,2017,水的生产和供应业
600461,2018,水的生产和供应业
600461,2019,水的生产和供应业
600462,2015,造纸和纸制品业
600462,2016,计算机、通信和其他电子设备制造业
600462,2017,商务服务业
600462,2018,商务服务业
600462,2019,商务服务业
600463,2015,土木工程建筑业
600463,2016,土木工程建筑业
600463,2017,土木工程建筑业
600463,2018,土木工程建筑业
600463,2019,土木工程建筑业
600466,2015,房地产业
600466,2016,房地产业
600466,2017,房地产业
600466,2018,房地产业
600466,2019,房地产业
600467,2015,渔业
600467,2016,渔业
600467,2017,渔业
600467,2018,渔业
600467,2019,渔业
600468,2015,电气机械和器材制造业
600468,2016,电气机械和器材制造业
600468,2017,电气机械和器材制造业
600468,2018,电气机械和器材制造业
600468,2019,电气机械和器材制造业
600469,2015,橡胶和塑料制品业
600469,2016,橡胶和塑料制品业
600469,2017,橡胶和塑料制品业
600469,2018,橡胶和塑料制品业
600469,2019,橡胶和塑料制品业
600470,2015,化学原料和化学制品制造业
600470,2016,化学原料和化学制品制造业
600470,2017,化学原料和化学制品制造业
600470,2018,化学原料和化学制品制造业
600470,2019,化学原料和化学制品制造业
600475,2015,通用设备制造业
600475,2016,通用设备制造业
600475,2017,通用设备制造业
600475,2018,通用设备制造业
600475,2019,通用设备制造业
600476,2015,软件和信息技术服务业
600476,2016,软件和信息技术服务业
600476,2017,软件和信息技术服务业
600476,2018,软件和信息技术服务业
600476,2019,软件和信息技术服务业
600477,2015,建筑装饰、装修和其他建筑业
600477,2016,建筑装饰、装修和其他建筑业
600477,2017,建筑装饰、装修和其他建筑业
600477,2018,建筑装饰、装修和其他建筑业
600477,2019,建筑装饰、装修和其他建筑业
600478,2015,电气机械和器材制造业
600478,2016,电气机械和器材制造业
600478,2017,电气机械和器材制造业
600478,2018,电气机械和器材制造业
600478,2019,电气机械和器材制造业
600479,2015,医药制造业
600479,2016,医药制造业
600479,2017,医药制造业
600479,2018,医药制造业
600479,2019,医药制造业
600480,2015,汽车制造业
600480,2016,汽车制造业
600480,2017,汽车制造业
600480,2018,汽车制造业
600480,2019,汽车制造业
600481,2015,化学原料和化学制品制造业
600481,2016,电气机械和器材制造业
600481,2017,电气机械和器材制造业
600481,2018,电气机械和器材制造业
600481,2019,电气机械和器材制造业
600482,2015,电气机械和器材制造业
600482,2016,铁路、船舶、航空航天和其他运输设备制造业
600482,2017,铁路、船舶、航空航天和其他运输设备制造业
600482,2018,铁路、船舶、航空航天和其他运输设备制造业
600482,2019,铁路、船舶、航空航天和其他运输设备制造业
600483,2015,电力、热力生产和供应业
600483,2016,电力、热力生产和供应业
600483,2017,电力、热力生产和供应业
600483,2018,电力、热力生产和供应业
600483,2019,电力、热力生产和供应业
600485,2015,计算机、通信和其他电子设备制造业
600485,2016,计算机、通信和其他电子设备制造业
600485,2017,计算机、通信和其他电子设备制造业
600485,2018,计算机、通信和其他电子设备制造业
600485,2019,计算机、通信和其他电子设备制造业
600486,2015,化学原料和化学制品制造业
600486,2016,化学原料和化学制品制造业
600486,2017,化学原料和化学制品制造业
600486,2018,化学原料和化学制品制造业
600486,2019,化学原料和化学制品制造业
600487,2015,电气机械和器材制造业
600487,2016,电气机械和器材制造业
600487,2017,电气机械和器材制造业
600487,2018,电气机械和器材制造业
600487,2019,电气机械和器材制造业
600488,2015,医药制造业
600488,2016,医药制造业
600488,2017,医药制造业
600488,2018,医药制造业
600488,2019,医药制造业
600489,2015,有色金属矿采选业
600489,2016,有色金属矿采选业
600489,2017,有色金属矿采选业
600489,2018,有色金属矿采选业
600489,2019,有色金属矿采选业
600490,2015,有色金属冶炼和压延加工业
600490,2016,有色金属冶炼和压延加工业
600490,2017,有色金属冶炼和压延加工业
600490,2018,有色金属冶炼和压延加工业
600490,2019,有色金属冶炼和压延加工业
600491,2015,土木工程建筑业
600491,2016,土木工程建筑业
600491,2017,土木工程建筑业
600491,2018,土木工程建筑业
600491,2019,土木工程建筑业
600493,2015,纺织业
600493,2016,纺织业
600493,2017,纺织业
600493,2018,纺织业
600493,2019,纺织业
600495,2015,铁路、船舶、航空航天和其他运输设备制造业
600495,2016,铁路、船舶、航空航天和其他运输设备制造业
600495,2017,铁路、船舶、航空航天和其他运输设备制造业
600495,2018,铁路、船舶、航空航天和其他运输设备制造业
600495,2019,铁路、船舶、航空航天和其他运输设备制造业
600496,2015,建筑装饰、装修和其他建筑业
600496,2016,建筑装饰、装修和其他建筑业
600496,2017,建筑装饰、装修和其他建筑业
600496,2018,建筑装饰、装修和其他建筑业
600496,2019,建筑装饰、装修和其他建筑业
600497,2015,有色金属矿采选业
600497,2016,有色金属矿采选业
600497,2017,有色金属矿采选业
600497,2018,有色金属矿采选业
600497,2019,有色金属矿采选业
600498,2015,计算机、通信和其他电子设备制造业
600498,2016,计算机、通信和其他电子设备制造业
600498,2017,计算机、通信和其他电子设备制造业
600498,2018,计算机、通信和其他电子设备制造业
600498,2019,计算机、通信和其他电子设备制造业
600499,2015,专用设备制造业
600499,2016,专用设备制造业
600499,2017,专用设备制造业
600499,2018,专用设备制造业
600499,2019,专用设备制造业
600500,2015,化学原料和化学制品制造业
600500,2016,化学原料和化学制品制造业
600500,2017,化学原料和化学制品制造业
600500,2018,化学原料和化学制品制造业
600500,2019,化学原料和化学制品制造业
600501,2015,汽车制造业
600501,2016,汽车制造业
600501,2017,汽车制造业
600501,2018,汽车制造业
600501,2019,汽车制造业
600502,2015,土木工程建筑业
600502,2016,土木工程建筑业
600502,2017,土木工程建筑业
600502,2018,土木工程建筑业
600502,2019,土木工程建筑业
600503,2015,房地产业
600503,2016,房地产业
600503,2017,房地产业
600503,2018,房地产业
600503,2019,房地产业
600505,2015,电力、热力生产和供应业
600505,2016,电力、热力生产和供应业
600505,2017,电力、热力生产和供应业
600505,2018,电力、热力生产和供应业
600505,2019,电力、热力生产和供应业
600506,2015,农业
600506,2016,农业
600506,2017,农业
600506,2018,农业
600506,2019,农业
600507,2015,黑色金属冶炼和压延加工业
600507,2016,黑色金属冶炼和压延加工业
600507,2017,黑色金属冶炼和压延加工业
600507,2018,黑色金属冶炼和压延加工业
600507,2019,黑色金属冶炼和压延加工业
600508,2015,煤炭开采和洗选业
600508,2016,煤炭开采和洗选业
600508,2017,煤炭开采和洗选业
600508,2018,煤炭开采和洗选业
600508,2019,煤炭开采和洗选业
600509,2015,电力、热力生产和供应业
600509,2016,电力、热力生产和供应业
600509,2017,电力、热力生产和供应业
600509,2018,电力、热力生产和供应业
600509,2019,电力、热力生产和供应业
600510,2015,房地产业
600510,2016,房地产业
600510,2017,房地产业
600510,2018,房地产业
600510,2019,房地产业
600511,2015,批发业
600511,2016,批发业
600511,2017,批发业
600511,2018,批发业
600511,2019,批发业
600512,2015,土木工程建筑业
600512,2016,土木工程建筑业
600512,2017,土木工程建筑业
600512,2018,土木工程建筑业
600512,2019,土木工程建筑业
600513,2015,医药制造业
600513,2016,医药制造业
600513,2017,医药制造业
600513,2018,医药制造业
600513,2019,医药制造业
600515,2015,零售业
600515,2016,零售业
600515,2017,房地产业
600515,2018,房地产业
600515,2019,房地产业
600516,2015,非金属矿物制品业
600516,2016,非金属矿物制品业
600516,2017,非金属矿物制品业
600516,2018,非金属矿物制品业
600516,2019,非金属矿物制品业
600518,2015,医药制造业
600518,2016,医药制造业
600518,2017,医药制造业
600518,2018,医药制造业
600518,2019,医药制造业
600519,2015,酒、饮料和精制茶制造业
600519,2016,酒、饮料和精制茶制造业
600519,2017,酒、饮料和精制茶制造业
600519,2018,酒、饮料和精制茶制造业
600519,2019,酒、饮料和精制茶制造业
600520,2015,电气机械和器材制造业
600520,2016,电气机械和器材制造业
600520,2017,电气机械和器材制造业
600520,2018,电气机械和器材制造业
600520,2019,电气机械和器材制造业
600521,2015,医药制造业
600521,2016,医药制造业
600521,2017,医药制造业
600521,2018,医药制造业
600521,2019,医药制造业
600522,2015,电气机械和器材制造业
600522,2016,电气机械和器材制造业
600522,2017,电气机械和器材制造业
600522,2018,电气机械和器材制造业
600522,2019,电气机械和器材制造业
600523,2015,汽车制造业
600523,2016,汽车制造业
600523,2017,汽车制造业
600523,2018,汽车制造业
600523,2019,汽车制造业
600525,2015,计算机、通信和其他电子设备制造业
600525,2016,计算机、通信和其他电子设备制造业
600525,2017,计算机、通信和其他电子设备制造业
600525,2018,计算机、通信和其他电子设备制造业
600525,2019,计算机、通信和其他电子设备制造业
600526,2015,专用设备制造业
600526,2016,专用设备制造业
600526,2017,专用设备制造业
600526,2018,专用设备制造业
600526,2019,专用设备制造业
600527,2015,化学纤维制造业
600527,2016,化学纤维制造业
600527,2017,化学纤维制造业
600527,2018,化学纤维制造业
600527,2019,化学纤维制造业
600528,2015,土木工程建筑业
600528,2016,土木工程建筑业
600528,2017,专用设备制造业
600528,2018,专用设备制造业
600528,2019,专用设备制造业
600529,2015,非金属矿物制品业
600529,2016,非金属矿物制品业
600529,2017,非金属矿物制品业
600529,2018,非金属矿物制品业
600529,2019,非金属矿物制品业
600530,2015,医药制造业
600530,2016,医药制造业
600530,2017,医药制造业
600530,2018,医药制造业
600530,2019,医药制造业
600531,2015,有色金属冶炼和压延加工业
600531,2016,有色金属冶炼和压延加工业
600531,2017,有色金属冶炼和压延加工业
600531,2018,有色金属冶炼和压延加工业
600531,2019,有色金属冶炼和压延加工业
600532,2015,黑色金属矿采选业
600532,2016,黑色金属矿采选业
600532,2017,黑色金属矿采选业
600532,2018,黑色金属矿采选业
600532,2019,黑色金属矿采选业
600533,2015,房地产业
600533,2016,房地产业
600533,2017,房地产业
600533,2018,房地产业
600533,2019,房地产业
600535,2015,医药制造业
600535,2016,医药制造业
600535,2017,医药制造业
600535,2018,医药制造业
600535,2019,医药制造业
600536,2015,软件和信息技术服务业
600536,2016,软件和信息技术服务业
600536,2017,软件和信息技术服务业
600536,2018,软件和信息技术服务业
600536,2019,软件和信息技术服务业
600537,2015,电气机械和器材制造业
600537,2016,电气机械和器材制造业
600537,2017,电气机械和器材制造业
600537,2018,电气机械和器材制造业
600537,2019,电气机械和器材制造业
600538,2015,化学原料和化学制品制造业
600538,2016,化学原料和化学制品制造业
600538,2017,化学原料和化学制品制造业
600538,2018,批发业
600538,2019,批发业
600539,2015,非金属矿物制品业
600539,2016,非金属矿物制品业
600539,2017,非金属矿物制品业
600539,2018,非金属矿物制品业
600539,2019,非金属矿物制品业
600540,2015,农业
600540,2016,农业
600540,2017,农业
600540,2018,农业
600540,2019,农业
600543,2015,酒、饮料和精制茶制造业
600543,2016,酒、饮料和精制茶制造业
600543,2017,酒、饮料和精制茶制造业
600543,2018,酒、饮料和精制茶制造业
600543,2019,酒、饮料和精制茶制造业
600545,2015,土木工程建筑业
600545,2016,土木工程建筑业
600545,2017,专用设备制造业
600545,2018,专用设备制造业
600545,2019,专用设备制造业
600546,2015,批发业
600546,2016,批发业
600546,2017,批发业
600546,2018,批发业
600546,2019,批发业
600547,2015,有色金属矿采选业
600547,2016,有色金属矿采选业
600547,2017,有色金属矿采选业
600547,2018,有色金属矿采选业
600547,2019,有色金属矿采选业
600548,2015,道路运输业
600548,2016,道路运输业
600548,2017,道路运输业
600548,2018,道路运输业
600548,2019,道路运输业
600549,2015,有色金属冶炼和压延加工业
600549,2016,有色金属冶炼和压延加工业
600549,2017,有色金属冶炼和压延加工业
600549,2018,有色金属冶炼和压延加工业
600549,2019,有色金属冶炼和压延加工业
600550,2015,电气机械和器材制造业
600550,2016,电气机械和器材制造业
600550,2017,电气机械和器材制造业
600550,2018,电气机械和器材制造业
600550,2019,电气机械和器材制造业
600551,2015,新闻和出版业
600551,2016,新闻和出版业
600551,2017,新闻和出版业
600551,2018,新闻和出版业
600551,2019,新闻和出版业
600552,2015,非金属矿物制品业
600552,2016,计算机、通信和其他电子设备制造业
600552,2017,计算机、通信和其他电子设备制造业
600552,2018,计算机、通信和其他电子设备制造业
600552,2019,计算机、通信和其他电子设备制造业
600555,2015,房地产业
600555,2016,房地产业
600555,2017,房地产业
600555,2018,房地产业
600555,2019,房地产业
600556,2015,医药制造业
600556,2016,软件和信息技术服务业
600556,2017,软件和信息技术服务业
600556,2018,软件和信息技术服务业
600556,2019,软件和信息技术服务业
600557,2015,医药制造业
600557,2016,医药制造业
600557,2017,医药制造业
600557,2018,医药制造业
600557,2019,医药制造业
600558,2015,金属制品业
600558,2016,金属制品业
600558,2017,金属制品业
600558,2018,金属制品业
600558,2019,金属制品业
600559,2015,酒、饮料和精制茶制造业
600559,2016,酒、饮料和精制茶制造业
600559,2017,酒、饮料和精制茶制造业
600559,2018,酒、饮料和精制茶制造业
600559,2019,酒、饮料和精制茶制造业
600560,2015,专用设备制造业
600560,2016,专用设备制造业
600560,2017,专用设备制造业
600560,2018,专用设备制造业
600560,2019,专用设备制造业
600561,2015,道路运输业
600561,2016,道路运输业
600561,2017,道路运输业
600561,2018,道路运输业
600561,2019,道路运输业
600562,2015,计算机、通信和其他电子设备制造业
600562,2016,计算机、通信和其他电子设备制造业
600562,2017,计算机、通信和其他电子设备制造业
600562,2018,计算机、通信和其他电子设备制造业
600562,2019,计算机、通信和其他电子设备制造业
600563,2015,计算机、通信和其他电子设备制造业
600563,2016,计算机、通信和其他电子设备制造业
600563,2017,计算机、通信和其他电子设备制造业
600563,2018,计算机、通信和其他电子设备制造业
600563,2019,计算机、通信和其他电子设备制造业
600565,2015,房地产业
600565,2016,房地产业
600565,2017,房地产业
600565,2018,房地产业
600565,2019,房地产业
600566,2015,医药制造业
600566,2016,医药制造业
600566,2017,医药制造业
600566,2018,医药制造业
600566,2019,医药制造业
600567,2015,造纸和纸制品业
600567,2016,造纸和纸制品业
600567,2017,造纸和纸制品业
600567,2018,造纸和纸制品业
600567,2019,造纸和纸制品业
600568,2015,医药制造业
600568,2016,医药制造业
600568,2017,医药制造业
600568,2018,医药制造业
600568,2019,医药制造业
600569,2015,黑色金属冶炼和压延加工业
600569,2016,黑色金属冶炼和压延加工业
600569,2017,黑色金属冶炼和压延加工业
600569,2018,黑色金属冶炼和压延加工业
600569,2019,黑色金属冶炼和压延加工业
600570,2015,软件和信息技术服务业
600570,2016,软件和信息技术服务业
600570,2017,软件和信息技术服务业
600570,2018,软件和信息技术服务业
600570,2019,软件和信息技术服务业
600571,2015,软件和信息技术服务业
600571,2016,软件和信息技术服务业
600571,2017,软件和信息技术服务业
600571,2018,软件和信息技术服务业
600571,2019,软件和信息技术服务业
600572,2015,医药制造业
600572,2016,医药制造业
600572,2017,医药制造业
600572,2018,医药制造业
600572,2019,医药制造业
600573,2015,酒、饮料和精制茶制造业
600573,2016,酒、饮料和精制茶制造业
600573,2017,酒、饮料和精制茶制造业
600573,2018,酒、饮料和精制茶制造业
600573,2019,酒、饮料和精制茶制造业
600575,2015,水上运输业
600575,2016,水上运输业
600575,2017,水上运输业
600575,2018,水上运输业
600575,2019,水上运输业
600576,2015,批发业
600576,2016,文化艺术业
600576,2017,文化艺术业
600576,2018,文化艺术业
600576,2019,文化艺术业
600577,2015,电气机械和器材制造业
600577,2016,电气机械和器材制造业
600577,2017,电气机械和器材制造业
600577,2018,电气机械和器材制造业
600577,2019,电气机械和器材制造业
600578,2015,电力、热力生产和供应业
600578,2016,电力、热力生产和供应业
600578,2017,电力、热力生产和供应业
600578,2018,电力、热力生产和供应业
600578,2019,电力、热力生产和供应业
600579,2015,专用设备制造业
600579,2016,专用设备制造业
600579,2017,专用设备制造业
600579,2018,专用设备制造业
600579,2019,专用设备制造业
600580,2015,电气机械和器材制造业
600580,2016,电气机械和器材制造业
600580,2017,电气机械和器材制造业
600580,2018,电气机械和器材制造业
600580,2019,电气机械和器材制造业
600581,2015,黑色金属冶炼和压延加工业
600581,2016,黑色金属冶炼和压延加工业
600581,2017,黑色金属冶炼和压延加工业
600581,2018,黑色金属冶炼和压延加工业
600581,2019,黑色金属冶炼和压延加工业
600582,2015,专用设备制造业
600582,2016,专用设备制造业
600582,2017,专用设备制造业
600582,2018,专用设备制造业
600582,2019,专用设备制造业
600583,2015,开采专业及辅助性活动
600583,2016,开采专业及辅助性活动
600583,2017,开采专业及辅助性活动
600583,2018,开采专业及辅助性活动
600583,2019,开采专业及辅助性活动
600584,2015,计算机、通信和其他电子设备制造业
600584,2016,计算机、通信和其他电子设备制造业
600584,2017,计算机、通信和其他电子设备制造业
600584,2018,计算机、通信和其他电子设备制造业
600584,2019,计算机、通信和其他电子设备制造业
600585,2015,非金属矿物制品业
600585,2016,非金属矿物制品业
600585,2017,非金属矿物制品业
600585,2018,非金属矿物制品业
600585,2019,非金属矿物制品业
600586,2015,非金属矿物制品业
600586,2016,非金属矿物制品业
600586,2017,非金属矿物制品业
600586,2018,非金属矿物制品业
600586,2019,非金属矿物制品业
600587,2015,专用设备制造业
600587,2016,专用设备制造业
600587,2017,专用设备制造业
600587,2018,专用设备制造业
600587,2019,专用设备制造业
600588,2015,软件和信息技术服务业
600588,2016,软件和信息技术服务业
600588,2017,软件和信息技术服务业
600588,2018,软件和信息技术服务业
600588,2019,软件和信息技术服务业
600589,2015,化学原料和化学制品制造业
600589,2016,化学原料和化学制品制造业
600589,2017,化学原料和化学制品制造业
600589,2018,化学原料和化学制品制造业
600589,2019,化学原料和化学制品制造业
600590,2015,电气机械和器材制造业
600590,2016,电气机械和器材制造业
600590,2017,电气机械和器材制造业
600590,2018,电气机械和器材制造业
600590,2019,电气机械和器材制造业
600592,2015,通用设备制造业
600592,2016,通用设备制造业
600592,2017,通用设备制造业
600592,2018,通用设备制造业
600592,2019,通用设备制造业
600593,2015,公共设施管理业
600593,2016,公共设施管理业
600593,2017,公共设施管理业
600593,2018,公共设施管理业
600593,2019,公共设施管理业
600594,2015,医药制造业
600594,2016,医药制造业
600594,2017,医药制造业
600594,2018,医药制造业
600594,2019,医药制造业
600595,2015,有色金属冶炼和压延加工业
600595,2016,有色金属冶炼和压延加工业
600595,2017,有色金属冶炼和压延加工业
600595,2018,有色金属冶炼和压延加工业
600595,2019,有色金属冶炼和压延加工业
600596,2015,化学原料和化学制品制造业
600596,2016,化学原料和化学制品制造业
600596,2017,化学原料和化学制品制造业
600596,2018,化学原料和化学制品制造业
600596,2019,化学原料和化学制品制造业
600597,2015,食品制造业
600597,2016,食品制造业
600597,2017,食品制造业
600597,2018,食品制造业
600597,2019,食品制造业
600598,2015,农业
600598,2016,农业
600598,2017,农业
600598,2018,农业
600598,2019,农业
600600,2015,酒、饮料和精制茶制造业
600600,2016,酒、饮料和精制茶制造业
600600,2017,酒、饮料和精制茶制造业
600600,2018,酒、饮料和精制茶制造业
600600,2019,酒、饮料和精制茶制造业
600601,2015,计算机、通信和其他电子设备制造业
600601,2016,计算机、通信和其他电子设备制造业
600601,2017,计算机、通信和其他电子设备制造业
600601,2018,计算机、通信和其他电子设备制造业
600601,2019,计算机、通信和其他电子设备制造业
600602,2015,计算机、通信和其他电子设备制造业
600602,2016,软件和信息技术服务业
600602,2017,软件和信息技术服务业
600602,2018,软件和信息技术服务业
600602,2019,软件和信息技术服务业
600603,2015,综合
600603,2016,综合
600603,2017,综合
600603,2018,综合
600603,2019,综合
600604,2015,房地产业
600604,2016,房地产业
600604,2017,房地产业
600604,2018,房地产业
600604,2019,房地产业
600605,2015,批发业
600605,2016,批发业
600605,2017,批发业
600605,2018,批发业
600605,2019,批发业
600606,2015,房地产业
600606,2016,房地产业
600606,2017,房地产业
600606,2018,房地产业
600606,2019,房地产业
600608,2015,黑色金属冶炼和压延加工业
600608,2016,黑色金属冶炼和压延加工业
600608,2017,黑色金属冶炼和压延加工业
600608,2018,黑色金属冶炼和压延加工业
600608,2019,黑色金属冶炼和压延加工业
600609,2015,汽车制造业
600609,2016,汽车制造业
600609,2017,汽车制造业
600609,2018,汽车制造业
600609,2019,汽车制造业
600610,2015,土木工程建筑业
600610,2016,土木工程建筑业
600610,2017,土木工程建筑业
600610,2018,土木工程建筑业
600610,2019,土木工程建筑业
600611,2015,道路运输业
600611,2016,道路运输业
600611,2017,道路运输业
600611,2018,道路运输业
600611,2019,道路运输业
600612,2015,其他制造业
600612,2016,其他制造业
600612,2017,其他制造业
600612,2018,其他制造业
600612,2019,其他制造业
600613,2015,医药制造业
600613,2016,医药制造业
600613,2017,医药制造业
600613,2018,医药制造业
600613,2019,医药制造业
600614,2015,有色金属冶炼和压延加工业
600614,2016,有色金属冶炼和压延加工业
600614,2017,废弃资源综合利用业
600614,2018,废弃资源综合利用业
600614,2019,废弃资源综合利用业
600615,2015,金属制品业
600615,2016,金属制品业
600615,2017,金属制品业
600615,2018,金属制品业
600615,2019,金属制品业
600616,2015,酒、饮料和精制茶制造业
600616,2016,酒、饮料和精制茶制造业
600616,2017,酒、饮料和精制茶制造业
600616,2018,酒、饮料和精制茶制造业
600616,2019,酒、饮料和精制茶制造业
600617,2015,燃气生产和供应业
600617,2016,燃气生产和供应业
600617,2017,燃气生产和供应业
600617,2018,燃气生产和供应业
600617,2019,燃气生产和供应业
600618,2015,化学原料和化学制品制造业
600618,2016,化学原料和化学制品制造业
600618,2017,化学原料和化学制品制造业
600618,2018,化学原料和化学制品制造业
600618,2019,化学原料和化学制品制造业
600619,2015,通用设备制造业
600619,2016,通用设备制造业
600619,2017,通用设备制造业
600619,2018,通用设备制造业
600619,2019,通用设备制造业
600620,2015,综合
600620,2016,综合
600620,2017,综合
600620,2018,综合
600620,2019,综合
600622,2015,房地产业
600622,2016,房地产业
600622,2017,房地产业
600622,2018,房地产业
600622,2019,房地产业
600623,2015,化学原料和化学制品制造业
600623,2016,化学原料和化学制品制造业
600623,2017,化学原料和化学制品制造业
600623,2018,化学原料和化学制品制造业
600623,2019,化学原料和化学制品制造业
600624,2015,综合
600624,2016,综合
600624,2017,综合
600624,2018,综合
600624,2019,综合
600626,2015,批发业
600626,2016,批发业
600626,2017,批发业
600626,2018,批发业
600626,2019,批发业
600628,2015,零售业
600628,2016,零售业
600628,2017,零售业
600628,2018,零售业
600628,2019,零售业
600629,2015,专业技术服务业
600629,2016,专业技术服务业
600629,2017,专业技术服务业
600629,2018,专业技术服务业
600629,2019,专业技术服务业
600630,2015,纺织业
600630,2016,纺织业
600630,2017,纺织业
600630,2018,纺织业
600630,2019,纺织业
600633,2015,新闻和出版业
600633,2016,新闻和出版业
600633,2017,新闻和出版业
600633,2018,互联网和相关服务
600633,2019,互联网和相关服务
600634,2015,非金属矿物制品业
600634,2016,非金属矿物制品业
600634,2017,互联网和相关服务
600634,2018,互联网和相关服务
600634,2019,互联网和相关服务
600635,2015,燃气生产和供应业
600635,2016,燃气生产和供应业
600635,2017,燃气生产和供应业
600635,2018,燃气生产和供应业
600635,2019,燃气生产和供应业
600636,2015,化学原料和化学制品制造业
600636,2016,化学原料和化学制品制造业
600636,2017,化学原料和化学制品制造业
600636,2018,化学原料和化学制品制造业
600636,2019,化学原料和化学制品制造业
600637,2015,电信、广播电视和卫星传输服务
600637,2016,电信、广播电视和卫星传输服务
600637,2017,电信、广播电视和卫星传输服务
600637,2018,电信、广播电视和卫星传输服务
600637,2019,电信、广播电视和卫星传输服务
600638,2015,房地产业
600638,2016,房地产业
600638,2017,房地产业
600638,2018,房地产业
600638,2019,房地产业
600639,2015,房地产业
600639,2016,房地产业
600639,2017,房地产业
600639,2018,房地产业
600639,2019,房地产业
600640,2015,商务服务业
600640,2016,商务服务业
600640,2017,商务服务业
600640,2018,互联网和相关服务
600640,2019,互联网和相关服务
600641,2015,房地产业
600641,2016,房地产业
600641,2017,房地产业
600641,2018,房地产业
600641,2019,房地产业
600642,2015,燃气生产和供应业
600642,2016,燃气生产和供应业
600642,2017,燃气生产和供应业
600642,2018,燃气生产和供应业
600642,2019,燃气生产和供应业
600644,2015,电力、热力生产和供应业
600644,2016,电力、热力生产和供应业
600644,2017,电力、热力生产和供应业
600644,2018,电力、热力生产和供应业
600644,2019,电力、热力生产和供应业
600645,2015,研究和试验发展
600645,2016,研究和试验发展
600645,2017,研究和试验发展
600645,2018,研究和试验发展
600645,2019,研究和试验发展
600647,2015,批发业
600647,2016,批发业
600647,2017,批发业
600647,2018,批发业
600647,2019,批发业
600648,2015,批发业
600648,2016,批发业
600648,2017,批发业
600648,2018,批发业
600648,2019,批发业
600649,2015,房地产业
600649,2016,房地产业
600649,2017,房地产业
600649,2018,房地产业
600649,2019,房地产业
600650,2015,道路运输业
600650,2016,道路运输业
600650,2017,道路运输业
600650,2018,道路运输业
600650,2019,道路运输业
600651,2015,电气机械和器材制造业
600651,2016,电气机械和器材制造业
600651,2017,电气机械和器材制造业
600651,2018,电气机械和器材制造业
600651,2019,电气机械和器材制造业
600652,2015,煤炭开采和洗选业
600652,2016,互联网和相关服务
600652,2017,互联网和相关服务
600652,2018,互联网和相关服务
600652,2019,互联网和相关服务
600653,2015,零售业
600653,2016,零售业
600653,2017,零售业
600653,2018,零售业
600653,2019,零售业
600654,2015,软件和信息技术服务业
600654,2016,软件和信息技术服务业
600654,2017,软件和信息技术服务业
600654,2018,软件和信息技术服务业
600654,2019,软件和信息技术服务业
600655,2015,零售业
600655,2016,零售业
600655,2017,零售业
600655,2018,零售业
600655,2019,零售业
600656,2015,零售业
600657,2015,房地产业
600657,2016,房地产业
600657,2017,房地产业
600657,2018,房地产业
600657,2019,房地产业
600658,2015,房地产业
600658,2016,房地产业
600658,2017,房地产业
600658,2018,房地产业
600658,2019,房地产业
600660,2015,非金属矿物制品业
600660,2016,非金属矿物制品业
600660,2017,非金属矿物制品业
600660,2018,非金属矿物制品业
600660,2019,非金属矿物制品业
600661,2015,教育
600661,2016,教育
600661,2017,教育
600661,2018,教育
600661,2019,教育
600662,2015,道路运输业
600662,2016,道路运输业
600662,2017,道路运输业
600662,2018,道路运输业
600662,2019,道路运输业
600663,2015,房地产业
600663,2016,房地产业
600663,2017,房地产业
600663,2018,房地产业
600663,2019,房地产业
600664,2015,医药制造业
600664,2016,医药制造业
600664,2017,医药制造业
600664,2018,医药制造业
600664,2019,医药制造业
600665,2015,房地产业
600665,2016,房地产业
600665,2017,房地产业
600665,2018,房地产业
600665,2019,房地产业
600666,2015,医药制造业
600666,2016,计算机、通信和其他电子设备制造业
600666,2017,计算机、通信和其他电子设备制造业
600666,2018,计算机、通信和其他电子设备制造业
600666,2019,计算机、通信和其他电子设备制造业
600667,2015,计算机、通信和其他电子设备制造业
600667,2016,计算机、通信和其他电子设备制造业
600667,2017,计算机、通信和其他电子设备制造业
600667,2018,计算机、通信和其他电子设备制造业
600667,2019,计算机、通信和其他电子设备制造业
600668,2015,非金属矿物制品业
600668,2016,非金属矿物制品业
600668,2017,非金属矿物制品业
600668,2018,非金属矿物制品业
600668,2019,非金属矿物制品业
600671,2015,医药制造业
600671,2016,医药制造业
600671,2017,医药制造业
600671,2018,医药制造业
600671,2019,医药制造业
600673,2015,金属制品业
600673,2016,金属制品业
600673,2017,金属制品业
600673,2018,金属制品业
600673,2019,综合
600674,2015,电力、热力生产和供应业
600674,2016,电力、热力生产和供应业
600674,2017,电力、热力生产和供应业
600674,2018,电力、热力生产和供应业
600674,2019,电力、热力生产和供应业
600675,2015,房地产业
600675,2016,房地产业
600675,2017,房地产业
600675,2018,房地产业
600675,2019,房地产业
600676,2015,道路运输业
600676,2016,道路运输业
600676,2017,道路运输业
600676,2018,道路运输业
600676,2019,道路运输业
600677,2015,批发业
600677,2016,批发业
600677,2017,批发业
600677,2018,批发业
600677,2019,批发业
600678,2015,非金属矿物制品业
600678,2016,非金属矿物制品业
600678,2017,非金属矿物制品业
600678,2018,非金属矿物制品业
600678,2019,非金属矿物制品业
600679,2015,铁路、船舶、航空航天和其他运输设备制造业
600679,2016,铁路、船舶、航空航天和其他运输设备制造业
600679,2017,铁路、船舶、航空航天和其他运输设备制造业
600679,2018,铁路、船舶、航空航天和其他运输设备制造业
600679,2019,铁路、船舶、航空航天和其他运输设备制造业
600680,2015,计算机、通信和其他电子设备制造业
600680,2016,计算机、通信和其他电子设备制造业
600680,2017,计算机、通信和其他电子设备制造业
600680,2018,计算机、通信和其他电子设备制造业
600681,2015,建筑装饰、装修和其他建筑业
600681,2016,燃气生产和供应业
600681,2017,燃气生产和供应业
600681,2018,燃气生产和供应业
600681,2019,燃气生产和供应业
600682,2015,零售业
600682,2016,零售业
600682,2017,零售业
600682,2018,零售业
600682,2019,零售业
600683,2015,房地产业
600683,2016,房地产业
600683,2017,房地产业
600683,2018,房地产业
600683,2019,房地产业
600684,2015,房地产业
600684,2016,房地产业
600684,2017,房地产业
600684,2018,房地产业
600684,2019,房地产业
600685,2015,铁路、船舶、航空航天和其他运输设备制造业
600685,2016,铁路、船舶、航空航天和其他运输设备制造业
600685,2017,铁路、船舶、航空航天和其他运输设备制造业
600685,2018,铁路、船舶、航空航天和其他运输设备制造业
600685,2019,铁路、船舶、航空航天和其他运输设备制造业
600686,2015,汽车制造业
600686,2016,汽车制造业
600686,2017,汽车制造业
600686,2018,汽车制造业
600686,2019,汽车制造业
600687,2015,其他制造业
600687,2016,其他制造业
600687,2017,其他制造业
600687,2018,其他制造业
600687,2019,其他制造业
600688,2015,石油、煤炭及其他燃料加工业
600688,2016,石油、煤炭及其他燃料加工业
600688,2017,石油、煤炭及其他燃料加工业
600688,2018,石油、煤炭及其他燃料加工业
600688,2019,石油、煤炭及其他燃料加工业
600689,2015,纺织业
600689,2016,纺织业
600689,2017,纺织业
600689,2018,纺织业
600689,2019,纺织业
600690,2015,电气机械和器材制造业
600690,2016,电气机械和器材制造业
600690,2017,电气机械和器材制造业
600690,2018,电气机械和器材制造业
600690,2019,电气机械和器材制造业
600691,2015,化学原料和化学制品制造业
600691,2016,化学原料和化学制品制造业
600691,2017,化学原料和化学制品制造业
600691,2018,化学原料和化学制品制造业
600691,2019,化学原料和化学制品制造业
600692,2015,水上运输业
600692,2016,水上运输业
600692,2017,水上运输业
600692,2018,水上运输业
600692,2019,房地产业
600693,2015,零售业
600693,2016,零售业
600693,2017,零售业
600693,2018,零售业
600693,2019,零售业
600694,2015,零售业
600694,2016,零售业
600694,2017,零售业
600694,2018,零售业
600694,2019,零售业
600696,2015,房地产业
600696,2016,房地产业
600696,2017,房地产业
600696,2018,房地产业
600696,2019,房地产业
600697,2015,零售业
600697,2016,零售业
600697,2017,零售业
600697,2018,零售业
600697,2019,零售业
600698,2015,汽车制造业
600698,2016,汽车制造业
600698,2017,汽车制造业
600698,2018,汽车制造业
600698,2019,汽车制造业
600699,2015,汽车制造业
600699,2016,汽车制造业
600699,2017,汽车制造业
600699,2018,汽车制造业
600699,2019,汽车制造业
600701,2015,综合
600701,2016,综合
600701,2017,软件和信息技术服务业
600701,2018,软件和信息技术服务业
600701,2019,软件和信息技术服务业
600702,2015,酒、饮料和精制茶制造业
600702,2016,酒、饮料和精制茶制造业
600702,2017,酒、饮料和精制茶制造业
600702,2018,酒、饮料和精制茶制造业
600702,2019,酒、饮料和精制茶制造业
600703,2015,计算机、通信和其他电子设备制造业
600703,2016,计算机、通信和其他电子设备制造业
600703,2017,计算机、通信和其他电子设备制造业
600703,2018,计算机、通信和其他电子设备制造业
600703,2019,计算机、通信和其他电子设备制造业
600704,2015,零售业
600704,2016,批发业
600704,2017,批发业
600704,2018,批发业
600704,2019,批发业
600706,2015,公共设施管理业
600706,2016,公共设施管理业
600706,2017,公共设施管理业
600706,2018,公共设施管理业
600706,2019,公共设施管理业
600707,2015,计算机、通信和其他电子设备制造业
600707,2016,计算机、通信和其他电子设备制造业
600707,2017,计算机、通信和其他电子设备制造业
600707,2018,计算机、通信和其他电子设备制造业
600707,2019,计算机、通信和其他电子设备制造业
600708,2015,房地产业
600708,2016,房地产业
600708,2017,房地产业
600708,2018,房地产业
600708,2019,房地产业
600710,2015,专用设备制造业
600710,2016,专用设备制造业
600710,2017,批发业
600710,2018,批发业
600710,2019,批发业
600711,2015,有色金属矿采选业
600711,2016,有色金属矿采选业
600711,2017,有色金属矿采选业
600711,2018,有色金属矿采选业
600711,2019,有色金属矿采选业
600712,2015,零售业
600712,2016,零售业
600712,2017,零售业
600712,2018,零售业
600712,2019,零售业
600713,2015,零售业
600713,2016,零售业
600713,2017,零售业
600713,2018,零售业
600713,2019,零售业
600714,2015,煤炭开采和洗选业
600714,2016,煤炭开采和洗选业
600714,2017,煤炭开采和洗选业
600714,2018,煤炭开采和洗选业
600714,2019,煤炭开采和洗选业
600715,2015,汽车制造业
600715,2016,广播、电视、电影和录音制作业
600715,2017,广播、电视、电影和录音制作业
600715,2018,广播、电视、电影和录音制作业
600715,2019,广播、电视、电影和录音制作业
600716,2015,房地产业
600716,2016,房地产业
600716,2017,房地产业
600716,2018,房地产业
600716,2019,房地产业
600717,2015,水上运输业
600717,2016,水上运输业
600717,2017,水上运输业
600717,2018,水上运输业
600717,2019,水上运输业
600718,2015,软件和信息技术服务业
600718,2016,软件和信息技术服务业
600718,2017,软件和信息技术服务业
600718,2018,软件和信息技术服务业
600718,2019,软件和信息技术服务业
600719,2015,电力、热力生产和供应业
600719,2016,电力、热力生产和供应业
600719,2017,电力、热力生产和供应业
600719,2018,电力、热力生产和供应业
600719,2019,电力、热力生产和供应业
600720,2015,非金属矿物制品业
600720,2016,非金属矿物制品业
600720,2017,非金属矿物制品业
600720,2018,非金属矿物制品业
600720,2019,非金属矿物制品业
600721,2015,石油、煤炭及其他燃料加工业
600721,2016,石油、煤炭及其他燃料加工业
600721,2017,研究和试验发展
600721,2018,研究和试验发展
600721,2019,研究和试验发展
600722,2015,化学原料和化学制品制造业
600722,2016,化学原料和化学制品制造业
600722,2017,化学原料和化学制品制造业
600722,2018,化学原料和化学制品制造业
600722,2019,化学原料和化学制品制造业
600723,2015,零售业
600723,2016,零售业
600723,2017,零售业
600723,2018,零售业
600723,2019,零售业
600724,2015,房地产业
600724,2016,房地产业
600724,2017,房地产业
600724,2018,房地产业
600724,2019,房地产业
600725,2015,石油、煤炭及其他燃料加工业
600725,2016,石油、煤炭及其他燃料加工业
600725,2017,石油、煤炭及其他燃料加工业
600725,2018,石油、煤炭及其他燃料加工业
600725,2019,石油、煤炭及其他燃料加工业
600726,2015,电力、热力生产和供应业
600726,2016,电力、热力生产和供应业
600726,2017,电力、热力生产和供应业
600726,2018,电力、热力生产和供应业
600726,2019,电力、热力生产和供应业
600727,2015,化学原料和化学制品制造业
600727,2016,化学原料和化学制品制造业
600727,2017,化学原料和化学制品制造业
600727,2018,化学原料和化学制品制造业
600727,2019,化学原料和化学制品制造业
600728,2015,软件和信息技术服务业
600728,2016,软件和信息技术服务业
600728,2017,软件和信息技术服务业
600728,2018,软件和信息技术服务业
600728,2019,软件和信息技术服务业
600729,2015,零售业
600729,2016,零售业
600729,2017,零售业
600729,2018,零售业
600729,2019,零售业
600730,2015,房地产业
600730,2016,房地产业
600730,2017,房地产业
600730,2018,房地产业
600730,2019,教育
600731,2015,化学原料和化学制品制造业
600731,2016,化学原料和化学制品制造业
600731,2017,化学原料和化学制品制造业
600731,2018,化学原料和化学制品制造业
600731,2019,化学原料和化学制品制造业
600732,2015,房地产业
600732,2016,房地产业
600732,2017,房地产业
600732,2018,房地产业
600732,2019,房地产业
600733,2015,房地产业
600733,2016,房地产业
600733,2017,房地产业
600733,2018,汽车制造业
600733,2019,汽车制造业
600734,2015,批发业
600734,2016,计算机、通信和其他电子设备制造业
600734,2017,计算机、通信和其他电子设备制造业
600734,2018,计算机、通信和其他电子设备制造业
600734,2019,计算机、通信和其他电子设备制造业
600735,2015,皮革、毛皮、羽毛及其制品和制鞋业
600735,2016,皮革、毛皮、羽毛及其制品和制鞋业
600735,2017,皮革、毛皮、羽毛及其制品和制鞋业
600735,2018,皮革、毛皮、羽毛及其制品和制鞋业
600735,2019,皮革、毛皮、羽毛及其制品和制鞋业
600736,2015,房地产业
600736,2016,房地产业
600736,2017,房地产业
600736,2018,房地产业
600736,2019,房地产业
600737,2015,农副食品加工业
600737,2016,农副食品加工业
600737,2017,农副食品加工业
600737,2018,农副食品加工业
600737,2019,农副食品加工业
600738,2015,零售业
600738,2016,零售业
600738,2017,零售业
600738,2018,零售业
600738,2019,零售业
600739,2015,批发业
600739,2016,批发业
600739,2017,批发业
600739,2018,批发业
600739,2019,批发业
600740,2015,石油、煤炭及其他燃料加工业
600740,2016,石油、煤炭及其他燃料加工业
600740,2017,石油、煤炭及其他燃料加工业
600740,2018,石油、煤炭及其他燃料加工业
600740,2019,石油、煤炭及其他燃料加工业
600741,2015,汽车制造业
600741,2016,汽车制造业
600741,2017,汽车制造业
600741,2018,汽车制造业
600741,2019,汽车制造业
600742,2015,汽车制造业
600742,2016,汽车制造业
600742,2017,汽车制造业
600742,2018,汽车制造业
600742,2019,汽车制造业
600743,2015,房地产业
600743,2016,房地产业
600743,2017,房地产业
600743,2018,房地产业
600743,2019,房地产业
600744,2015,电力、热力生产和供应业
600744,2016,电力、热力生产和供应业
600744,2017,电力、热力生产和供应业
600744,2018,电力、热力生产和供应业
600744,2019,电力、热力生产和供应业
600745,2015,房地产业
600745,2016,计算机、通信和其他电子设备制造业
600745,2017,计算机、通信和其他电子设备制造业
600745,2018,计算机、通信和其他电子设备制造业
600745,2019,计算机、通信和其他电子设备制造业
600746,2015,化学原料和化学制品制造业
600746,2016,化学原料和化学制品制造业
600746,2017,化学原料和化学制品制造业
600746,2018,化学原料和化学制品制造业
600746,2019,化学原料和化学制品制造业
600747,2015,房地产业
600747,2016,批发业
600747,2017,批发业
600747,2018,批发业
600748,2015,房地产业
600748,2016,房地产业
600748,2017,房地产业
600748,2018,房地产业
600748,2019,房地产业
600749,2015,公共设施管理业
600749,2016,公共设施管理业
600749,2017,公共设施管理业
600749,2018,公共设施管理业
600749,2019,公共设施管理业
600750,2015,医药制造业
600750,2016,医药制造业
600750,2017,医药制造业
600750,2018,医药制造业
600750,2019,医药制造业
600751,2015,水上运输业
600751,2016,水上运输业
600751,2017,批发业
600751,2018,批发业
600751,2019,批发业
600753,2015,批发业
600753,2016,批发业
600753,2017,批发业
600753,2018,批发业
600753,2019,批发业
600754,2015,住宿业
600754,2016,住宿业
600754,2017,住宿业
600754,2018,住宿业
600754,2019,住宿业
600755,2015,批发业
600755,2016,批发业
600755,2017,批发业
600755,2018,批发业
600755,2019,批发业
600756,2015,软件和信息技术服务业
600756,2016,软件和信息技术服务业
600756,2017,软件和信息技术服务业
600756,2018,软件和信息技术服务业
600756,2019,软件和信息技术服务业
600757,2015,新闻和出版业
600757,2016,新闻和出版业
600757,2017,新闻和出版业
600757,2018,新闻和出版业
600757,2019,新闻和出版业
600758,2015,电力、热力生产和供应业
600758,2016,煤炭开采和洗选业
600758,2017,煤炭开采和洗选业
600758,2018,煤炭开采和洗选业
600758,2019,煤炭开采和洗选业
600759,2015,石油和天然气开采业
600759,2016,石油和天然气开采业
600759,2017,石油和天然气开采业
600759,2018,石油和天然气开采业
600759,2019,石油和天然气开采业
600760,2015,汽车制造业
600760,2016,汽车制造业
600760,2017,汽车制造业
600760,2018,铁路、船舶、航空航天和其他运输设备制造业
600760,2019,铁路、船舶、航空航天和其他运输设备制造业
600761,2015,专用设备制造业
600761,2016,专用设备制造业
600761,2017,专用设备制造业
600761,2018,专用设备制造业
600761,2019,专用设备制造业
600763,2015,卫生
600763,2016,卫生
600763,2017,卫生
600763,2018,卫生
600763,2019,卫生
600764,2015,软件和信息技术服务业
600764,2016,计算机、通信和其他电子设备制造业
600764,2017,计算机、通信和其他电子设备制造业
600764,2018,计算机、通信和其他电子设备制造业
600764,2019,计算机、通信和其他电子设备制造业
600765,2015,通用设备制造业
600765,2016,通用设备制造业
600765,2017,通用设备制造业
600765,2018,通用设备制造业
600765,2019,通用设备制造业
600766,2015,有色金属矿采选业
600766,2016,有色金属矿采选业
600766,2017,有色金属矿采选业
600766,2018,有色金属矿采选业
600766,2019,有色金属矿采选业
600767,2015,房地产业
600767,2016,软件和信息技术服务业
600767,2017,软件和信息技术服务业
600767,2018,软件和信息技术服务业
600767,2019,软件和信息技术服务业
600768,2015,有色金属冶炼和压延加工业
600768,2016,有色金属冶炼和压延加工业
600768,2017,有色金属冶炼和压延加工业
600768,2018,有色金属冶炼和压延加工业
600768,2019,有色金属冶炼和压延加工业
600769,2015,化学原料和化学制品制造业
600769,2016,土木工程建筑业
600769,2017,土木工程建筑业
600769,2018,土木工程建筑业
600769,2019,土木工程建筑业
600770,2015,综合
600770,2016,综合
600770,2017,综合
600770,2018,综合
600770,2019,综合
600771,2015,医药制造业
600771,2016,医药制造业
600771,2017,医药制造业
600771,2018,医药制造业
600771,2019,医药制造业
600773,2015,房地产业
600773,2016,房地产业
600773,2017,房地产业
600773,2018,房地产业
600773,2019,房地产业
600774,2015,零售业
600774,2016,零售业
600774,2017,零售业
600774,2018,零售业
600774,2019,零售业
600775,2015,计算机、通信和其他电子设备制造业
600775,2016,计算机、通信和其他电子设备制造业
600775,2017,计算机、通信和其他电子设备制造业
600775,2018,计算机、通信和其他电子设备制造业
600775,2019,计算机、通信和其他电子设备制造业
600776,2015,计算机、通信和其他电子设备制造业
600776,2016,计算机、通信和其他电子设备制造业
600776,2017,计算机、通信和其他电子设备制造业
600776,2018,计算机、通信和其他电子设备制造业
600776,2019,计算机、通信和其他电子设备制造业
600777,2015,综合
600777,2016,综合
600777,2017,综合
600777,2018,综合
600777,2019,综合
600778,2015,零售业
600778,2016,零售业
600778,2017,零售业
600778,2018,零售业
600778,2019,零售业
600779,2015,酒、饮料和精制茶制造业
600779,2016,酒、饮料和精制茶制造业
600779,2017,酒、饮料和精制茶制造业
600779,2018,酒、饮料和精制茶制造业
600779,2019,酒、饮料和精制茶制造业
600780,2015,电力、热力生产和供应业
600780,2016,电力、热力生产和供应业
600780,2017,电力、热力生产和供应业
600780,2018,电力、热力生产和供应业
600780,2019,电力、热力生产和供应业
600781,2015,医药制造业
600781,2016,医药制造业
600781,2017,医药制造业
600781,2018,医药制造业
600781,2019,医药制造业
600782,2015,黑色金属冶炼和压延加工业
600782,2016,黑色金属冶炼和压延加工业
600782,2017,黑色金属冶炼和压延加工业
600782,2018,黑色金属冶炼和压延加工业
600782,2019,黑色金属冶炼和压延加工业
600784,2015,综合
600784,2016,综合
600784,2017,综合
600784,2018,综合
600784,2019,综合
600785,2015,零售业
600785,2016,零售业
600785,2017,零售业
600785,2018,零售业
600785,2019,零售业
600787,2015,装卸搬运和仓储业
600787,2016,装卸搬运和仓储业
600787,2017,装卸搬运和仓储业
600787,2018,装卸搬运和仓储业
600787,2019,装卸搬运和仓储业
600789,2015,医药制造业
600789,2016,医药制造业
600789,2017,医药制造业
600789,2018,医药制造业
600789,2019,医药制造业
600790,2015,商务服务业
600790,2016,商务服务业
600790,2017,商务服务业
600790,2018,商务服务业
600790,2019,商务服务业
600791,2015,房地产业
600791,2016,房地产业
600791,2017,房地产业
600791,2018,房地产业
600791,2019,房地产业
600792,2015,石油、煤炭及其他燃料加工业
600792,2016,石油、煤炭及其他燃料加工业
600792,2017,石油、煤炭及其他燃料加工业
600792,2018,石油、煤炭及其他燃料加工业
600792,2019,石油、煤炭及其他燃料加工业
600793,2015,造纸和纸制品业
600793,2016,造纸和纸制品业
600793,2017,造纸和纸制品业
600793,2018,造纸和纸制品业
600793,2019,造纸和纸制品业
600794,2015,装卸搬运和仓储业
600794,2016,装卸搬运和仓储业
600794,2017,装卸搬运和仓储业
600794,2018,装卸搬运和仓储业
600794,2019,装卸搬运和仓储业
600795,2015,电力、热力生产和供应业
600795,2016,电力、热力生产和供应业
600795,2017,电力、热力生产和供应业
600795,2018,电力、热力生产和供应业
600795,2019,电力、热力生产和供应业
600796,2015,化学原料和化学制品制造业
600796,2016,化学原料和化学制品制造业
600796,2017,化学原料和化学制品制造业
600796,2018,化学原料和化学制品制造业
600796,2019,化学原料和化学制品制造业
600797,2015,软件和信息技术服务业
600797,2016,软件和信息技术服务业
600797,2017,软件和信息技术服务业
600797,2018,软件和信息技术服务业
600797,2019,软件和信息技术服务业
600798,2015,水上运输业
600798,2016,水上运输业
600798,2017,水上运输业
600798,2018,水上运输业
600798,2019,水上运输业
600800,2015,计算机、通信和其他电子设备制造业
600800,2016,计算机、通信和其他电子设备制造业
600800,2017,计算机、通信和其他电子设备制造业
600800,2018,计算机、通信和其他电子设备制造业
600800,2019,计算机、通信和其他电子设备制造业
600801,2015,非金属矿物制品业
600801,2016,非金属矿物制品业
600801,2017,非金属矿物制品业
600801,2018,非金属矿物制品业
600801,2019,非金属矿物制品业
600802,2015,非金属矿物制品业
600802,2016,非金属矿物制品业
600802,2017,非金属矿物制品业
600802,2018,非金属矿物制品业
600802,2019,非金属矿物制品业
600803,2015,化学原料和化学制品制造业
600803,2016,化学原料和化学制品制造业
600803,2017,化学原料和化学制品制造业
600803,2018,化学原料和化学制品制造业
600803,2019,化学原料和化学制品制造业
600804,2015,互联网和相关服务
600804,2016,互联网和相关服务
600804,2017,互联网和相关服务
600804,2018,互联网和相关服务
600804,2019,互联网和相关服务
600805,2015,综合
600805,2016,综合
600805,2017,综合
600805,2018,综合
600805,2019,综合
600806,2015,通用设备制造业
600806,2016,通用设备制造业
600806,2017,通用设备制造业
600807,2015,房地产业
600807,2016,房地产业
600807,2017,房地产业
600807,2018,房地产业
600807,2019,房地产业
600808,2015,黑色金属冶炼和压延加工业
600808,2016,黑色金属冶炼和压延加工业
600808,2017,黑色金属冶炼和压延加工业
600808,2018,黑色金属冶炼和压延加工业
600808,2019,黑色金属冶炼和压延加工业
600809,2015,酒、饮料和精制茶制造业
600809,2016,酒、饮料和精制茶制造业
600809,2017,酒、饮料和精制茶制造业
600809,2018,酒、饮料和精制茶制造业
600809,2019,酒、饮料和精制茶制造业
600810,2015,化学纤维制造业
600810,2016,化学纤维制造业
600810,2017,化学纤维制造业
600810,2018,化学纤维制造业
600810,2019,化学纤维制造业
600811,2015,批发业
600811,2016,批发业
600811,2017,批发业
600811,2018,批发业
600811,2019,批发业
600812,2015,医药制造业
600812,2016,医药制造业
600812,2017,医药制造业
600812,2018,医药制造业
600812,2019,医药制造业
600814,2015,零售业
600814,2016,零售业
600814,2017,零售业
600814,2018,零售业
600814,2019,零售业
600815,2015,专用设备制造业
600815,2016,专用设备制造业
600815,2017,专用设备制造业
600815,2018,专用设备制造业
600815,2019,专用设备制造业
600817,2015,综合
600817,2016,综合
600817,2017,房地产业
600817,2018,房地产业
600817,2019,房地产业
600818,2015,铁路、船舶、航空航天和其他运输设备制造业
600818,2016,铁路、船舶、航空航天和其他运输设备制造业
600818,2017,铁路、船舶、航空航天和其他运输设备制造业
600818,2018,铁路、船舶、航空航天和其他运输设备制造业
600818,2019,铁路、船舶、航空航天和其他运输设备制造业
600819,2015,非金属矿物制品业
600819,2016,非金属矿物制品业
600819,2017,非金属矿物制品业
600819,2018,非金属矿物制品业
600819,2019,非金属矿物制品业
600820,2015,土木工程建筑业
600820,2016,土木工程建筑业
600820,2017,土木工程建筑业
600820,2018,土木工程建筑业
600820,2019,土木工程建筑业
600821,2015,零售业
600821,2016,零售业
600821,2017,零售业
600821,2018,零售业
600821,2019,零售业
600822,2015,批发业
600822,2016,批发业
600822,2017,批发业
600822,2018,批发业
600822,2019,批发业
600823,2015,房地产业
600823,2016,房地产业
600823,2017,房地产业
600823,2018,房地产业
600823,2019,房地产业
600824,2015,零售业
600824,2016,零售业
600824,2017,零售业
600824,2018,零售业
600824,2019,零售业
600825,2015,新闻和出版业
600825,2016,新闻和出版业
600825,2017,新闻和出版业
600825,2018,新闻和出版业
600825,2019,新闻和出版业
600826,2015,批发业
600826,2016,批发业
600826,2017,批发业
600826,2018,批发业
600826,2019,批发业
600827,2015,零售业
600827,2016,零售业
600827,2017,零售业
600827,2018,零售业
600827,2019,零售业
600828,2015,零售业
600828,2016,零售业
600828,2017,零售业
600828,2018,零售业
600828,2019,零售业
600829,2015,批发业
600829,2016,批发业
600829,2017,批发业
600829,2018,批发业
600829,2019,批发业
600830,2015,零售业
600830,2016,租赁业
600830,2017,租赁业
600830,2018,租赁业
600830,2019,租赁业
600831,2015,电信、广播电视和卫星传输服务
600831,2016,电信、广播电视和卫星传输服务
600831,2017,电信、广播电视和卫星传输服务
600831,2018,电信、广播电视和卫星传输服务
600831,2019,电信、广播电视和卫星传输服务
600833,2015,零售业
600833,2016,零售业
600833,2017,零售业
600833,2018,零售业
600833,2019,零售业
600834,2015,道路运输业
600834,2016,道路运输业
600834,2017,道路运输业
600834,2018,道路运输业
600834,2019,道路运输业
600835,2015,通用设备制造业
600835,2016,通用设备制造业
600835,2017,通用设备制造业
600835,2018,通用设备制造业
600835,2019,通用设备制造业
600836,2015,印刷和记录媒介复制业
600836,2016,印刷和记录媒介复制业
600836,2017,印刷和记录媒介复制业
600836,2018,印刷和记录媒介复制业
600836,2019,印刷和记录媒介复制业
600838,2015,零售业
600838,2016,零售业
600838,2017,零售业
600838,2018,零售业
600838,2019,零售业
600839,2015,计算机、通信和其他电子设备制造业
600839,2016,计算机、通信和其他电子设备制造业
600839,2017,计算机、通信和其他电子设备制造业
600839,2018,计算机、通信和其他电子设备制造业
600839,2019,计算机、通信和其他电子设备制造业
600841,2015,通用设备制造业
600841,2016,通用设备制造业
600841,2017,通用设备制造业
600841,2018,通用设备制造业
600841,2019,通用设备制造业
600843,2015,专用设备制造业
600843,2016,专用设备制造业
600843,2017,专用设备制造业
600843,2018,专用设备制造业
600843,2019,专用设备制造业
600844,2015,化学原料和化学制品制造业
600844,2016,化学原料和化学制品制造业
600844,2017,化学原料和化学制品制造业
600844,2018,化学原料和化学制品制造业
600844,2019,化学原料和化学制品制造业
600845,2015,软件和信息技术服务业
600845,2016,软件和信息技术服务业
600845,2017,软件和信息技术服务业
600845,2018,软件和信息技术服务业
600845,2019,软件和信息技术服务业
600846,2015,土木工程建筑业
600846,2016,土木工程建筑业
600846,2017,土木工程建筑业
600846,2018,土木工程建筑业
600846,2019,土木工程建筑业
600847,2015,电气机械和器材制造业
600847,2016,电气机械和器材制造业
600847,2017,电气机械和器材制造业
600847,2018,电气机械和器材制造业
600847,2019,电气机械和器材制造业
600848,2015,仪器仪表制造业
600848,2016,房地产业
600848,2017,房地产业
600848,2018,房地产业
600848,2019,房地产业
600850,2015,软件和信息技术服务业
600850,2016,软件和信息技术服务业
600850,2017,软件和信息技术服务业
600850,2018,软件和信息技术服务业
600850,2019,软件和信息技术服务业
600851,2015,纺织业
600851,2016,纺织业
600851,2017,医药制造业
600851,2018,医药制造业
600851,2019,医药制造业
600853,2015,土木工程建筑业
600853,2016,土木工程建筑业
600853,2017,土木工程建筑业
600853,2018,土木工程建筑业
600853,2019,土木工程建筑业
600854,2015,电气机械和器材制造业
600854,2016,电气机械和器材制造业
600854,2017,电气机械和器材制造业
600854,2018,电气机械和器材制造业
600854,2019,电气机械和器材制造业
600855,2015,专用设备制造业
600855,2016,专用设备制造业
600855,2017,专用设备制造业
600855,2018,专用设备制造业
600855,2019,专用设备制造业
600856,2015,燃气生产和供应业
600856,2016,燃气生产和供应业
600856,2017,燃气生产和供应业
600856,2018,燃气生产和供应业
600856,2019,燃气生产和供应业
600857,2015,零售业
600857,2016,零售业
600857,2017,零售业
600857,2018,零售业
600857,2019,零售业
600858,2015,零售业
600858,2016,零售业
600858,2017,零售业
600858,2018,零售业
600858,2019,零售业
600859,2015,零售业
600859,2016,零售业
600859,2017,零售业
600859,2018,零售业
600859,2019,零售业
600860,2015,专用设备制造业
600860,2016,专用设备制造业
600860,2017,专用设备制造业
600860,2018,专用设备制造业
600860,2019,专用设备制造业
600861,2015,零售业
600861,2016,零售业
600861,2017,零售业
600861,2018,零售业
600861,2019,零售业
600862,2015,房地产业
600862,2016,铁路、船舶、航空航天和其他运输设备制造业
600862,2017,铁路、船舶、航空航天和其他运输设备制造业
600862,2018,铁路、船舶、航空航天和其他运输设备制造业
600862,2019,铁路、船舶、航空航天和其他运输设备制造业
600863,2015,电力、热力生产和供应业
600863,2016,电力、热力生产和供应业
600863,2017,电力、热力生产和供应业
600863,2018,电力、热力生产和供应业
600863,2019,电力、热力生产和供应业
600865,2015,零售业
600865,2016,零售业
600865,2017,零售业
600865,2018,零售业
600865,2019,零售业
600866,2015,食品制造业
600866,2016,食品制造业
600866,2017,食品制造业
600866,2018,食品制造业
600866,2019,食品制造业
600867,2015,医药制造业
600867,2016,医药制造业
600867,2017,医药制造业
600867,2018,医药制造业
600867,2019,医药制造业
600868,2015,电力、热力生产和供应业
600868,2016,电力、热力生产和供应业
600868,2017,电力、热力生产和供应业
600868,2018,电力、热力生产和供应业
600868,2019,电力、热力生产和供应业
600869,2015,电气机械和器材制造业
600869,2016,电气机械和器材制造业
600869,2017,电气机械和器材制造业
600869,2018,电气机械和器材制造业
600869,2019,电气机械和器材制造业
600870,2015,计算机、通信和其他电子设备制造业
600870,2016,计算机、通信和其他电子设备制造业
600870,2017,计算机、通信和其他电子设备制造业
600870,2018,计算机、通信和其他电子设备制造业
600870,2019,计算机、通信和其他电子设备制造业
600871,2015,开采专业及辅助性活动
600871,2016,开采专业及辅助性活动
600871,2017,开采专业及辅助性活动
600871,2018,开采专业及辅助性活动
600871,2019,开采专业及辅助性活动
600872,2015,食品制造业
600872,2016,食品制造业
600872,2017,食品制造业
600872,2018,食品制造业
600872,2019,食品制造业
600873,2015,食品制造业
600873,2016,食品制造业
600873,2017,食品制造业
600873,2018,食品制造业
600873,2019,食品制造业
600874,2015,水的生产和供应业
600874,2016,水的生产和供应业
600874,2017,水的生产和供应业
600874,2018,水的生产和供应业
600874,2019,水的生产和供应业
600875,2015,通用设备制造业
600875,2016,通用设备制造业
600875,2017,通用设备制造业
600875,2018,通用设备制造业
600875,2019,通用设备制造业
600876,2015,非金属矿物制品业
600876,2016,非金属矿物制品业
600876,2017,非金属矿物制品业
600876,2018,非金属矿物制品业
600876,2019,非金属矿物制品业
600877,2015,铁路、船舶、航空航天和其他运输设备制造业
600877,2016,铁路、船舶、航空航天和其他运输设备制造业
600877,2017,铁路、船舶、航空航天和其他运输设备制造业
600877,2018,铁路、船舶、航空航天和其他运输设备制造业
600877,2019,电气机械和器材制造业
600879,2015,专用设备制造业
600879,2016,专用设备制造业
600879,2017,专用设备制造业
600879,2018,专用设备制造业
600879,2019,专用设备制造业
600880,2015,新闻和出版业
600880,2016,新闻和出版业
600880,2017,新闻和出版业
600880,2018,新闻和出版业
600880,2019,新闻和出版业
600881,2015,非金属矿物制品业
600881,2016,非金属矿物制品业
600881,2017,非金属矿物制品业
600881,2018,非金属矿物制品业
600881,2019,非金属矿物制品业
600882,2015,黑色金属矿采选业
600882,2016,食品制造业
600882,2017,食品制造业
600882,2018,食品制造业
600882,2019,食品制造业
600883,2015,非金属矿物制品业
600883,2016,非金属矿物制品业
600883,2017,非金属矿物制品业
600883,2018,非金属矿物制品业
600883,2019,非金属矿物制品业
600884,2015,电气机械和器材制造业
600884,2016,电气机械和器材制造业
600884,2017,电气机械和器材制造业
600884,2018,电气机械和器材制造业
600884,2019,电气机械和器材制造业
600885,2015,电气机械和器材制造业
600885,2016,电气机械和器材制造业
600885,2017,电气机械和器材制造业
600885,2018,电气机械和器材制造业
600885,2019,电气机械和器材制造业
600886,2015,电力、热力生产和供应业
600886,2016,电力、热力生产和供应业
600886,2017,电力、热力生产和供应业
600886,2018,电力、热力生产和供应业
600886,2019,电力、热力生产和供应业
600887,2015,食品制造业
600887,2016,食品制造业
600887,2017,食品制造业
600887,2018,食品制造业
600887,2019,食品制造业
600888,2015,计算机、通信和其他电子设备制造业
600888,2016,计算机、通信和其他电子设备制造业
600888,2017,计算机、通信和其他电子设备制造业
600888,2018,计算机、通信和其他电子设备制造业
600888,2019,计算机、通信和其他电子设备制造业
600889,2015,化学纤维制造业
600889,2016,化学纤维制造业
600889,2017,化学纤维制造业
600889,2018,化学纤维制造业
600889,2019,化学纤维制造业
600890,2015,房地产业
600890,2016,房地产业
600890,2017,房地产业
600890,2018,房地产业
600890,2019,房地产业
600891,2015,零售业
600891,2016,其他制造业
600891,2017,其他制造业
600891,2018,其他制造业
600891,2019,其他制造业
600892,2015,批发业
600892,2016,软件和信息技术服务业
600892,2017,软件和信息技术服务业
600892,2018,软件和信息技术服务业
600892,2019,软件和信息技术服务业
600893,2015,铁路、船舶、航空航天和其他运输设备制造业
600893,2016,铁路、船舶、航空航天和其他运输设备制造业
600893,2017,铁路、船舶、航空航天和其他运输设备制造业
600893,2018,铁路、船舶、航空航天和其他运输设备制造业
600893,2019,铁路、船舶、航空航天和其他运输设备制造业
600894,2015,通用设备制造业
600894,2016,通用设备制造业
600894,2017,通用设备制造业
600894,2018,通用设备制造业
600894,2019,通用设备制造业
600895,2015,综合
600895,2016,综合
600895,2017,综合
600895,2018,综合
600895,2019,房地产业
600896,2015,水上运输业
600896,2016,水上运输业
600896,2017,卫生
600896,2018,卫生
600896,2019,卫生
600897,2015,航空运输业
600897,2016,航空运输业
600897,2017,航空运输业
600897,2018,航空运输业
600897,2019,航空运输业
600898,2015,零售业
600898,2016,零售业
600898,2017,计算机、通信和其他电子设备制造业
600898,2018,计算机、通信和其他电子设备制造业
600898,2019,计算机、通信和其他电子设备制造业
600900,2015,电力、热力生产和供应业
600900,2016,电力、热力生产和供应业
600900,2017,电力、热力生产和供应业
600900,2018,电力、热力生产和供应业
600900,2019,电力、热力生产和供应业
600903,2017,燃气生产和供应业
600903,2018,燃气生产和供应业
600903,2019,燃气生产和供应业
600917,2015,燃气生产和供应业
600917,2016,燃气生产和供应业
600917,2017,燃气生产和供应业
600917,2018,燃气生产和供应业
600917,2019,燃气生产和供应业
600929,2018,食品制造业
600929,2019,食品制造业
600933,2017,汽车制造业
600933,2018,汽车制造业
600933,2019,汽车制造业
600936,2016,电信、广播电视和卫星传输服务
600936,2017,电信、广播电视和卫星传输服务
600936,2018,电信、广播电视和卫星传输服务
600936,2019,电信、广播电视和卫星传输服务
600939,2016,土木工程建筑业
600939,2017,房屋建筑业
600939,2018,房屋建筑业
600939,2019,房屋建筑业
600959,2015,电信、广播电视和卫星传输服务
600959,2016,电信、广播电视和卫星传输服务
600959,2017,电信、广播电视和卫星传输服务
600959,2018,电信、广播电视和卫星传输服务
600959,2019,电信、广播电视和卫星传输服务
600960,2015,汽车制造业
600960,2016,汽车制造业
600960,2017,汽车制造业
600960,2018,汽车制造业
600960,2019,汽车制造业
600961,2015,有色金属冶炼和压延加工业
600961,2016,有色金属冶炼和压延加工业
600961,2017,有色金属冶炼和压延加工业
600961,2018,有色金属冶炼和压延加工业
600961,2019,有色金属冶炼和压延加工业
600962,2015,酒、饮料和精制茶制造业
600962,2016,酒、饮料和精制茶制造业
600962,2017,酒、饮料和精制茶制造业
600962,2018,酒、饮料和精制茶制造业
600962,2019,酒、饮料和精制茶制造业
600963,2015,造纸和纸制品业
600963,2016,造纸和纸制品业
600963,2017,造纸和纸制品业
600963,2018,造纸和纸制品业
600963,2019,造纸和纸制品业
600965,2015,畜牧业
600965,2016,畜牧业
600965,2017,畜牧业
600965,2018,畜牧业
600965,2019,畜牧业
600966,2015,造纸和纸制品业
600966,2016,造纸和纸制品业
600966,2017,造纸和纸制品业
600966,2018,造纸和纸制品业
600966,2019,造纸和纸制品业
600967,2015,铁路、船舶、航空航天和其他运输设备制造业
600967,2016,铁路、船舶、航空航天和其他运输设备制造业
600967,2017,铁路、船舶、航空航天和其他运输设备制造业
600967,2018,铁路、船舶、航空航天和其他运输设备制造业
600967,2019,铁路、船舶、航空航天和其他运输设备制造业
600968,2019,开采专业及辅助性活动
600969,2015,电力、热力生产和供应业
600969,2016,电力、热力生产和供应业
600969,2017,电力、热力生产和供应业
600969,2018,电力、热力生产和供应业
600969,2019,电力、热力生产和供应业
600970,2015,专用设备制造业
600970,2016,专用设备制造业
600970,2017,土木工程建筑业
600970,2018,土木工程建筑业
600970,2019,土木工程建筑业
600971,2015,煤炭开采和洗选业
600971,2016,煤炭开采和洗选业
600971,2017,煤炭开采和洗选业
600971,2018,煤炭开采和洗选业
600971,2019,煤炭开采和洗选业
600973,2015,电气机械和器材制造业
600973,2016,电气机械和器材制造业
600973,2017,电气机械和器材制造业
600973,2018,电气机械和器材制造业
600973,2019,电气机械和器材制造业
600975,2015,畜牧业
600975,2016,畜牧业
600975,2017,畜牧业
600975,2018,畜牧业
600975,2019,畜牧业
600976,2015,零售业
600976,2016,零售业
600976,2017,零售业
600976,2018,零售业
600976,2019,零售业
600977,2016,广播、电视、电影和录音制作业
600977,2017,广播、电视、电影和录音制作业
600977,2018,广播、电视、电影和录音制作业
600977,2019,广播、电视、电影和录音制作业
600978,2015,家具制造业
600978,2016,家具制造业
600978,2017,家具制造业
600978,2018,家具制造业
600978,2019,家具制造业
600979,2015,电力、热力生产和供应业
600979,2016,电力、热力生产和供应业
600979,2017,电力、热力生产和供应业
600979,2018,电力、热力生产和供应业
600979,2019,电力、热力生产和供应业
600980,2015,计算机、通信和其他电子设备制造业
600980,2016,计算机、通信和其他电子设备制造业
600980,2017,计算机、通信和其他电子设备制造业
600980,2018,计算机、通信和其他电子设备制造业
600980,2019,计算机、通信和其他电子设备制造业
600981,2015,批发业
600981,2016,批发业
600981,2017,批发业
600981,2018,批发业
600981,2019,批发业
600982,2015,电力、热力生产和供应业
600982,2016,电力、热力生产和供应业
600982,2017,电力、热力生产和供应业
600982,2018,电力、热力生产和供应业
600982,2019,电力、热力生产和供应业
600983,2015,电气机械和器材制造业
600983,2016,电气机械和器材制造业
600983,2017,电气机械和器材制造业
600983,2018,电气机械和器材制造业
600983,2019,电气机械和器材制造业
600984,2015,专用设备制造业
600984,2016,专用设备制造业
600984,2017,专用设备制造业
600984,2018,专用设备制造业
600984,2019,专用设备制造业
600985,2015,化学原料和化学制品制造业
600985,2016,化学原料和化学制品制造业
600985,2017,化学原料和化学制品制造业
600985,2018,煤炭开采和洗选业
600985,2019,煤炭开采和洗选业
600986,2015,土木工程建筑业
600986,2016,互联网和相关服务
600986,2017,互联网和相关服务
600986,2018,互联网和相关服务
600986,2019,互联网和相关服务
600987,2015,纺织业
600987,2016,纺织业
600987,2017,纺织业
600987,2018,纺织业
600987,2019,纺织业
600988,2015,有色金属矿采选业
600988,2016,有色金属矿采选业
600988,2017,有色金属矿采选业
600988,2018,有色金属矿采选业
600988,2019,有色金属矿采选业
600989,2019,化学原料和化学制品制造业
600990,2015,计算机、通信和其他电子设备制造业
600990,2016,计算机、通信和其他电子设备制造业
600990,2017,计算机、通信和其他电子设备制造业
600990,2018,计算机、通信和其他电子设备制造业
600990,2019,计算机、通信和其他电子设备制造业
600992,2015,金属制品业
600992,2016,金属制品业
600992,2017,金属制品业
600992,2018,金属制品业
600992,2019,金属制品业
600993,2015,批发业
600993,2016,批发业
600993,2017,批发业
600993,2018,批发业
600993,2019,批发业
600995,2015,电力、热力生产和供应业
600995,2016,电力、热力生产和供应业
600995,2017,电力、热力生产和供应业
600995,2018,电力、热力生产和供应业
600995,2019,电力、热力生产和供应业
600996,2016,电信、广播电视和卫星传输服务
600996,2017,电信、广播电视和卫星传输服务
600996,2018,电信、广播电视和卫星传输服务
600996,2019,电信、广播电视和卫星传输服务
600997,2015,石油、煤炭及其他燃料加工业
600997,2016,石油、煤炭及其他燃料加工业
600997,2017,石油、煤炭及其他燃料加工业
600997,2018,石油、煤炭及其他燃料加工业
600997,2019,石油、煤炭及其他燃料加工业
600998,2015,批发业
600998,2016,批发业
600998,2017,批发业
600998,2018,批发业
600998,2019,批发业
601000,2015,水上运输业
601000,2016,水上运输业
601000,2017,水上运输业
601000,2018,水上运输业
601000,2019,水上运输业
601001,2015,煤炭开采和洗选业
601001,2016,煤炭开采和洗选业
601001,2017,煤炭开采和洗选业
601001,2018,煤炭开采和洗选业
601001,2019,煤炭开采和洗选业
601002,2015,通用设备制造业
601002,2016,通用设备制造业
601002,2017,通用设备制造业
601002,2018,通用设备制造业
601002,2019,通用设备制造业
601003,2015,黑色金属冶炼和压延加工业
601003,2016,黑色金属冶炼和压延加工业
601003,2017,黑色金属冶炼和压延加工业
601003,2018,黑色金属冶炼和压延加工业
601003,2019,黑色金属冶炼和压延加工业
601005,2015,黑色金属冶炼和压延加工业
601005,2016,黑色金属冶炼和压延加工业
601005,2017,黑色金属冶炼和压延加工业
601005,2018,黑色金属冶炼和压延加工业
601005,2019,黑色金属冶炼和压延加工业
601006,2015,铁路运输业
601006,2016,铁路运输业
601006,2017,铁路运输业
601006,2018,铁路运输业
601006,2019,铁路运输业
601007,2015,住宿业
601007,2016,住宿业
601007,2017,住宿业
601007,2018,住宿业
601007,2019,住宿业
601008,2015,水上运输业
601008,2016,水上运输业
601008,2017,水上运输业
601008,2018,水上运输业
601008,2019,水上运输业
601010,2015,零售业
601010,2016,零售业
601010,2017,零售业
601010,2018,零售业
601010,2019,零售业
601011,2015,石油、煤炭及其他燃料加工业
601011,2016,石油、煤炭及其他燃料加工业
601011,2017,石油、煤炭及其他燃料加工业
601011,2018,石油、煤炭及其他燃料加工业
601011,2019,石油、煤炭及其他燃料加工业
601012,2015,非金属矿物制品业
601012,2016,非金属矿物制品业
601012,2017,非金属矿物制品业
601012,2018,非金属矿物制品业
601012,2019,非金属矿物制品业
601015,2015,石油、煤炭及其他燃料加工业
601015,2016,石油、煤炭及其他燃料加工业
601015,2017,石油、煤炭及其他燃料加工业
601015,2018,石油、煤炭及其他燃料加工业
601015,2019,石油、煤炭及其他燃料加工业
601016,2015,电力、热力生产和供应业
601016,2016,电力、热力生产和供应业
601016,2017,电力、热力生产和供应业
601016,2018,电力、热力生产和供应业
601016,2019,电力、热力生产和供应业
601018,2015,水上运输业
601018,2016,水上运输业
601018,2017,水上运输业
601018,2018,水上运输业
601018,2019,水上运输业
601019,2017,新闻和出版业
601019,2018,新闻和出版业
601019,2019,新闻和出版业
601020,2016,有色金属矿采选业
601020,2017,有色金属矿采选业
601020,2018,有色金属矿采选业
601020,2019,有色金属矿采选业
601021,2015,航空运输业
601021,2016,航空运输业
601021,2017,航空运输业
601021,2018,航空运输业
601021,2019,航空运输业
601028,2015,金属制品业
601028,2016,金属制品业
601028,2017,金属制品业
601028,2018,金属制品业
601028,2019,金属制品业
601038,2015,专用设备制造业
601038,2016,专用设备制造业
601038,2017,专用设备制造业
601038,2018,专用设备制造业
601038,2019,专用设备制造业
601058,2015,橡胶和塑料制品业
601058,2016,橡胶和塑料制品业
601058,2017,橡胶和塑料制品业
601058,2018,橡胶和塑料制品业
601058,2019,橡胶和塑料制品业
601068,2018,土木工程建筑业
601068,2019,土木工程建筑业
601069,2015,有色金属矿采选业
601069,2016,有色金属矿采选业
601069,2017,有色金属矿采选业
601069,2018,有色金属矿采选业
601069,2019,有色金属矿采选业
601086,2017,零售业
601086,2018,零售业
601086,2019,零售业
601088,2015,煤炭开采和洗选业
601088,2016,煤炭开采和洗选业
601088,2017,煤炭开采和洗选业
601088,2018,煤炭开采和洗选业
601088,2019,煤炭开采和洗选业
601098,2015,新闻和出版业
601098,2016,新闻和出版业
601098,2017,新闻和出版业
601098,2018,新闻和出版业
601098,2019,新闻和出版业
601100,2015,专用设备制造业
601100,2016,专用设备制造业
601100,2017,专用设备制造业
601100,2018,专用设备制造业
601100,2019,专用设备制造业
601101,2015,煤炭开采和洗选业
601101,2016,煤炭开采和洗选业
601101,2017,煤炭开采和洗选业
601101,2018,煤炭开采和洗选业
601101,2019,煤炭开采和洗选业
601106,2015,专用设备制造业
601106,2016,专用设备制造业
601106,2017,专用设备制造业
601106,2018,专用设备制造业
601106,2019,专用设备制造业
601107,2015,道路运输业
601107,2016,道路运输业
601107,2017,道路运输业
601107,2018,道路运输业
601107,2019,道路运输业
601111,2015,航空运输业
601111,2016,航空运输业
601111,2017,航空运输业
601111,2018,航空运输业
601111,2019,航空运输业
601113,2015,化学纤维制造业
601113,2016,化学纤维制造业
601113,2017,化学纤维制造业
601113,2018,化学纤维制造业
601113,2019,化学纤维制造业
601116,2015,零售业
601116,2016,零售业
601116,2017,零售业
601116,2018,零售业
601116,2019,零售业
601117,2015,土木工程建筑业
601117,2016,土木工程建筑业
601117,2017,土木工程建筑业
601117,2018,土木工程建筑业
601117,2019,土木工程建筑业
601118,2015,农业
601118,2016,农业
601118,2017,农业
601118,2018,农业
601118,2019,农业
601126,2015,电气机械和器材制造业
601126,2016,电气机械和器材制造业
601126,2017,电气机械和器材制造业
601126,2018,电气机械和器材制造业
601126,2019,电气机械和器材制造业
601127,2016,汽车制造业
601127,2017,汽车制造业
601127,2018,汽车制造业
601127,2019,汽车制造业
601137,2015,有色金属冶炼和压延加工业
601137,2016,有色金属冶炼和压延加工业
601137,2017,有色金属冶炼和压延加工业
601137,2018,有色金属冶炼和压延加工业
601137,2019,有色金属冶炼和压延加工业
601138,2018,计算机、通信和其他电子设备制造业
601138,2019,计算机、通信和其他电子设备制造业
601139,2015,燃气生产和供应业
601139,2016,燃气生产和供应业
601139,2017,燃气生产和供应业
601139,2018,燃气生产和供应业
601139,2019,燃气生产和供应业
601155,2015,房地产业
601155,2016,房地产业
601155,2017,房地产业
601155,2018,房地产业
601155,2019,房地产业
601158,2015,水的生产和供应业
601158,2016,水的生产和供应业
601158,2017,水的生产和供应业
601158,2018,水的生产和供应业
601158,2019,水的生产和供应业
601163,2016,橡胶和塑料制品业
601163,2017,橡胶和塑料制品业
601163,2018,橡胶和塑料制品业
601163,2019,橡胶和塑料制品业
601168,2015,有色金属矿采选业
601168,2016,有色金属矿采选业
601168,2017,有色金属矿采选业
601168,2018,有色金属矿采选业
601168,2019,有色金属矿采选业
601177,2015,通用设备制造业
601177,2016,通用设备制造业
601177,2017,通用设备制造业
601177,2018,通用设备制造业
601177,2019,通用设备制造业
601179,2015,电气机械和器材制造业
601179,2016,电气机械和器材制造业
601179,2017,电气机械和器材制造业
601179,2018,电气机械和器材制造业
601179,2019,电气机械和器材制造业
601186,2015,土木工程建筑业
601186,2016,土木工程建筑业
601186,2017,土木工程建筑业
601186,2018,土木工程建筑业
601186,2019,土木工程建筑业
601188,2015,道路运输业
601188,2016,道路运输业
601188,2017,道路运输业
601188,2018,道路运输业
601188,2019,道路运输业
601199,2015,水的生产和供应业
601199,2016,水的生产和供应业
601199,2017,水的生产和供应业
601199,2018,水的生产和供应业
601199,2019,水的生产和供应业
601200,2017,生态保护和环境治理业
601200,2018,生态保护和环境治理业
601200,2019,生态保护和环境治理业
601208,2015,化学原料和化学制品制造业
601208,2016,化学原料和化学制品制造业
601208,2017,化学原料和化学制品制造业
601208,2018,化学原料和化学制品制造业
601208,2019,化学原料和化学制品制造业
601212,2016,有色金属冶炼和压延加工业
601212,2017,有色金属冶炼和压延加工业
601212,2018,有色金属冶炼和压延加工业
601212,2019,有色金属冶炼和压延加工业
601216,2015,化学原料和化学制品制造业
601216,2016,化学原料和化学制品制造业
601216,2017,化学原料和化学制品制造业
601216,2018,化学原料和化学制品制造业
601216,2019,化学原料和化学制品制造业
601218,2015,专用设备制造业
601218,2016,专用设备制造业
601218,2017,专用设备制造业
601218,2018,专用设备制造业
601218,2019,专用设备制造业
601222,2015,仪器仪表制造业
601222,2016,仪器仪表制造业
601222,2017,仪器仪表制造业
601222,2018,仪器仪表制造业
601222,2019,仪器仪表制造业
601225,2015,煤炭开采和洗选业
601225,2016,煤炭开采和洗选业
601225,2017,煤炭开采和洗选业
601225,2018,煤炭开采和洗选业
601225,2019,煤炭开采和洗选业
601226,2015,专业技术服务业
601226,2016,专业技术服务业
601226,2017,专业技术服务业
601226,2018,专业技术服务业
601226,2019,专业技术服务业
601228,2017,水上运输业
601228,2018,水上运输业
601228,2019,水上运输业
601231,2015,计算机、通信和其他电子设备制造业
601231,2016,计算机、通信和其他电子设备制造业
601231,2017,计算机、通信和其他电子设备制造业
601231,2018,计算机、通信和其他电子设备制造业
601231,2019,计算机、通信和其他电子设备制造业
601233,2015,化学纤维制造业
601233,2016,化学纤维制造业
601233,2017,化学纤维制造业
601233,2018,化学纤维制造业
601233,2019,化学纤维制造业
601238,2015,汽车制造业
601238,2016,汽车制造业
601238,2017,汽车制造业
601238,2018,汽车制造业
601238,2019,汽车制造业
601258,2015,零售业
601258,2016,零售业
601258,2017,零售业
601258,2018,零售业
601258,2019,零售业
601298,2018,水上运输业
601298,2019,水上运输业
601311,2015,电气机械和器材制造业
601311,2016,电气机械和器材制造业
601311,2017,电气机械和器材制造业
601311,2018,电气机械和器材制造业
601311,2019,电气机械和器材制造业
601313,2015,通用设备制造业
601313,2016,通用设备制造业
601313,2017,通用设备制造业
601326,2017,水上运输业
601326,2018,水上运输业
601326,2019,水上运输业
601330,2018,生态保护和环境治理业
601330,2019,生态保护和环境治理业
601333,2015,铁路运输业
601333,2016,铁路运输业
601333,2017,铁路运输业
601333,2018,铁路运输业
601333,2019,铁路运输业
601339,2015,纺织业
601339,2016,纺织业
601339,2017,纺织业
601339,2018,纺织业
601339,2019,纺织业
601360,2017,互联网和相关服务
601360,2018,互联网和相关服务
601360,2019,互联网和相关服务
601366,2017,零售业
601366,2018,零售业
601366,2019,零售业
601368,2015,水的生产和供应业
601368,2016,水的生产和供应业
601368,2017,水的生产和供应业
601368,2018,水的生产和供应业
601368,2019,水的生产和供应业
601369,2015,电气机械和器材制造业
601369,2016,电气机械和器材制造业
601369,2017,电气机械和器材制造业
601369,2018,电气机械和器材制造业
601369,2019,电气机械和器材制造业
601388,2015,有色金属冶炼和压延加工业
601388,2016,有色金属冶炼和压延加工业
601388,2017,有色金属冶炼和压延加工业
601388,2018,有色金属冶炼和压延加工业
601388,2019,有色金属冶炼和压延加工业
601390,2015,土木工程建筑业
601390,2016,土木工程建筑业
601390,2017,土木工程建筑业
601390,2018,土木工程建筑业
601390,2019,土木工程建筑业
601500,2016,橡胶和塑料制品业
601500,2017,橡胶和塑料制品业
601500,2018,橡胶和塑料制品业
601500,2019,橡胶和塑料制品业
601512,2019,综合
601515,2015,印刷和记录媒介复制业
601515,2016,印刷和记录媒介复制业
601515,2017,印刷和记录媒介复制业
601515,2018,印刷和记录媒介复制业
601515,2019,印刷和记录媒介复制业
601518,2015,道路运输业
601518,2016,道路运输业
601518,2017,道路运输业
601518,2018,道路运输业
601518,2019,道路运输业
601558,2015,通用设备制造业
601558,2016,通用设备制造业
601558,2017,通用设备制造业
601558,2018,通用设备制造业
601558,2019,通用设备制造业
601566,2015,纺织服装、服饰业
601566,2016,纺织服装、服饰业
601566,2017,纺织服装、服饰业
601566,2018,纺织服装、服饰业
601566,2019,纺织服装、服饰业
601567,2015,仪器仪表制造业
601567,2016,仪器仪表制造业
601567,2017,仪器仪表制造业
601567,2018,仪器仪表制造业
601567,2019,仪器仪表制造业
601579,2015,酒、饮料和精制茶制造业
601579,2016,酒、饮料和精制茶制造业
601579,2017,酒、饮料和精制茶制造业
601579,2018,酒、饮料和精制茶制造业
601579,2019,酒、饮料和精制茶制造业
601588,2015,房地产业
601588,2016,房地产业
601588,2017,房地产业
601588,2018,房地产业
601588,2019,房地产业
601595,2016,广播、电视、电影和录音制作业
601595,2017,广播、电视、电影和录音制作业
601595,2018,广播、电视、电影和录音制作业
601595,2019,广播、电视、电影和录音制作业
601598,2018,多式联运和运输代理业
601598,2019,多式联运和运输代理业
601599,2015,纺织业
601599,2016,纺织业
601599,2017,纺织业
601599,2018,纺织业
601599,2019,纺织业
601600,2015,有色金属冶炼和压延加工业
601600,2016,有色金属冶炼和压延加工业
601600,2017,有色金属冶炼和压延加工业
601600,2018,有色金属冶炼和压延加工业
601600,2019,有色金属冶炼和压延加工业
601606,2018,其他制造业
601606,2019,其他制造业
601607,2015,零售业
601607,2016,零售业
601607,2017,零售业
601607,2018,零售业
601607,2019,零售业
601608,2015,专用设备制造业
601608,2016,专用设备制造业
601608,2017,专用设备制造业
601608,2018,专用设备制造业
601608,2019,专用设备制造业
601611,2016,土木工程建筑业
601611,2017,土木工程建筑业
601611,2018,土木工程建筑业
601611,2019,土木工程建筑业
601615,2018,通用设备制造业
601615,2019,通用设备制造业
601616,2015,电气机械和器材制造业
601616,2016,电气机械和器材制造业
601616,2017,电气机械和器材制造业
601616,2018,电气机械和器材制造业
601616,2019,电气机械和器材制造业
601618,2015,土木工程建筑业
601618,2016,土木工程建筑业
601618,2017,土木工程建筑业
601618,2018,土木工程建筑业
601618,2019,土木工程建筑业
601619,2017,电力、热力生产和供应业
601619,2018,电力、热力生产和供应业
601619,2019,电力、热力生产和供应业
601633,2015,汽车制造业
601633,2016,汽车制造业
601633,2017,汽车制造业
601633,2018,汽车制造业
601633,2019,汽车制造业
601636,2015,非金属矿物制品业
601636,2016,非金属矿物制品业
601636,2017,非金属矿物制品业
601636,2018,非金属矿物制品业
601636,2019,非金属矿物制品业
601666,2015,煤炭开采和洗选业
601666,2016,煤炭开采和洗选业
601666,2017,煤炭开采和洗选业
601666,2018,煤炭开采和洗选业
601666,2019,煤炭开采和洗选业
601668,2015,土木工程建筑业
601668,2016,土木工程建筑业
601668,2017,土木工程建筑业
601668,2018,土木工程建筑业
601668,2019,土木工程建筑业
601669,2015,土木工程建筑业
601669,2016,土木工程建筑业
601669,2017,土木工程建筑业
601669,2018,土木工程建筑业
601669,2019,土木工程建筑业
601677,2015,有色金属冶炼和压延加工业
601677,2016,有色金属冶炼和压延加工业
601677,2017,有色金属冶炼和压延加工业
601677,2018,有色金属冶炼和压延加工业
601677,2019,有色金属冶炼和压延加工业
601678,2015,化学原料和化学制品制造业
601678,2016,化学原料和化学制品制造业
601678,2017,化学原料和化学制品制造业
601678,2018,化学原料和化学制品制造业
601678,2019,化学原料和化学制品制造业
601689,2015,汽车制造业
601689,2016,汽车制造业
601689,2017,汽车制造业
601689,2018,汽车制造业
601689,2019,汽车制造业
601698,2019,电信、广播电视和卫星传输服务
601699,2015,煤炭开采和洗选业
601699,2016,煤炭开采和洗选业
601699,2017,煤炭开采和洗选业
601699,2018,煤炭开采和洗选业
601699,2019,煤炭开采和洗选业
601700,2015,金属制品业
601700,2016,金属制品业
601700,2017,金属制品业
601700,2018,金属制品业
601700,2019,金属制品业
601717,2015,专用设备制造业
601717,2016,专用设备制造业
601717,2017,专用设备制造业
601717,2018,专用设备制造业
601717,2019,专用设备制造业
601718,2015,纺织服装、服饰业
601718,2016,纺织服装、服饰业
601718,2017,纺织服装、服饰业
601718,2018,纺织服装、服饰业
601718,2019,纺织服装、服饰业
601727,2015,通用设备制造业
601727,2016,通用设备制造业
601727,2017,通用设备制造业
601727,2018,通用设备制造业
601727,2019,通用设备制造业
601766,2015,铁路、船舶、航空航天和其他运输设备制造业
601766,2016,铁路、船舶、航空航天和其他运输设备制造业
601766,2017,铁路、船舶、航空航天和其他运输设备制造业
601766,2018,铁路、船舶、航空航天和其他运输设备制造业
601766,2019,铁路、船舶、航空航天和其他运输设备制造业
601777,2015,汽车制造业
601777,2016,汽车制造业
601777,2017,汽车制造业
601777,2018,汽车制造业
601777,2019,汽车制造业
601789,2015,土木工程建筑业
601789,2016,土木工程建筑业
601789,2017,土木工程建筑业
601789,2018,土木工程建筑业
601789,2019,土木工程建筑业
601798,2015,专用设备制造业
601798,2016,专用设备制造业
601798,2017,专用设备制造业
601798,2018,专用设备制造业
601798,2019,专用设备制造业
601799,2015,汽车制造业
601799,2016,汽车制造业
601799,2017,汽车制造业
601799,2018,汽车制造业
601799,2019,汽车制造业
601800,2015,土木工程建筑业
601800,2016,土木工程建筑业
601800,2017,土木工程建筑业
601800,2018,土木工程建筑业
601800,2019,土木工程建筑业
601801,2015,新闻和出版业
601801,2016,新闻和出版业
601801,2017,新闻和出版业
601801,2018,新闻和出版业
601801,2019,新闻和出版业
601808,2015,开采专业及辅助性活动
601808,2016,开采专业及辅助性活动
601808,2017,开采专业及辅助性活动
601808,2018,开采专业及辅助性活动
601808,2019,开采专业及辅助性活动
601811,2016,新闻和出版业
601811,2017,新闻和出版业
601811,2018,新闻和出版业
601811,2019,新闻和出版业
601816,2019,铁路运输业
601828,2017,商务服务业
601828,2018,商务服务业
601828,2019,商务服务业
601857,2015,石油和天然气开采业
601857,2016,石油和天然气开采业
601857,2017,石油和天然气开采业
601857,2018,石油和天然气开采业
601857,2019,石油和天然气开采业
601858,2016,新闻和出版业
601858,2017,新闻和出版业
601858,2018,新闻和出版业
601858,2019,新闻和出版业
601865,2018,非金属矿物制品业
601865,2019,非金属矿物制品业
601866,2015,水上运输业
601866,2016,水上运输业
601866,2017,水上运输业
601866,2018,水上运输业
601866,2019,水上运输业
601869,2018,计算机、通信和其他电子设备制造业
601869,2019,计算机、通信和其他电子设备制造业
601872,2015,水上运输业
601872,2016,水上运输业
601872,2017,水上运输业
601872,2018,水上运输业
601872,2019,水上运输业
601877,2015,电气机械和器材制造业
601877,2016,电气机械和器材制造业
601877,2017,电气机械和器材制造业
601877,2018,电气机械和器材制造业
601877,2019,电气机械和器材制造业
601880,2015,水上运输业
601880,2016,水上运输业
601880,2017,水上运输业
601880,2018,水上运输业
601880,2019,水上运输业
601882,2016,通用设备制造业
601882,2017,通用设备制造业
601882,2018,通用设备制造业
601882,2019,通用设备制造业
601886,2015,建筑装饰、装修和其他建筑业
601886,2016,建筑装饰、装修和其他建筑业
601886,2017,建筑装饰、装修和其他建筑业
601886,2018,建筑装饰、装修和其他建筑业
601886,2019,建筑装饰、装修和其他建筑业
601888,2015,商务服务业
601888,2016,商务服务业
601888,2017,商务服务业
601888,2018,商务服务业
601888,2019,商务服务业
601890,2015,铁路、船舶、航空航天和其他运输设备制造业
601890,2016,铁路、船舶、航空航天和其他运输设备制造业
601890,2017,铁路、船舶、航空航天和其他运输设备制造业
601890,2018,铁路、船舶、航空航天和其他运输设备制造业
601890,2019,铁路、船舶、航空航天和其他运输设备制造业
601898,2015,煤炭开采和洗选业
601898,2016,煤炭开采和洗选业
601898,2017,煤炭开采和洗选业
601898,2018,煤炭开采和洗选业
601898,2019,煤炭开采和洗选业
601899,2015,有色金属矿采选业
601899,2016,有色金属矿采选业
601899,2017,有色金属矿采选业
601899,2018,有色金属矿采选业
601899,2019,有色金属矿采选业
601900,2015,新闻和出版业
601900,2016,新闻和出版业
601900,2017,新闻和出版业
601900,2018,新闻和出版业
601900,2019,新闻和出版业
601908,2015,专用设备制造业
601908,2016,专用设备制造业
601908,2017,专用设备制造业
601908,2018,专用设备制造业
601908,2019,专用设备制造业
601918,2015,煤炭开采和洗选业
601918,2016,煤炭开采和洗选业
601918,2017,煤炭开采和洗选业
601918,2018,煤炭开采和洗选业
601918,2019,煤炭开采和洗选业
601919,2015,水上运输业
601919,2016,水上运输业
601919,2017,水上运输业
601919,2018,水上运输业
601919,2019,水上运输业
601928,2015,新闻和出版业
601928,2016,新闻和出版业
601928,2017,新闻和出版业
601928,2018,新闻和出版业
601928,2019,新闻和出版业
601929,2015,电信、广播电视和卫星传输服务
601929,2016,电信、广播电视和卫星传输服务
601929,2017,电信、广播电视和卫星传输服务
601929,2018,电信、广播电视和卫星传输服务
601929,2019,电信、广播电视和卫星传输服务
601933,2015,零售业
601933,2016,零售业
601933,2017,零售业
601933,2018,零售业
601933,2019,零售业
601949,2017,新闻和出版业
601949,2018,新闻和出版业
601949,2019,新闻和出版业
601952,2017,农副食品加工业
601952,2018,农副食品加工业
601952,2019,农副食品加工业
601958,2015,有色金属矿采选业
601958,2016,有色金属矿采选业
601958,2017,有色金属矿采选业
601958,2018,有色金属矿采选业
601958,2019,有色金属矿采选业
601965,2015,汽车制造业
601965,2016,汽车制造业
601965,2017,汽车制造业
601965,2018,汽车制造业
601965,2019,汽车制造业
601966,2016,橡胶和塑料制品业
601966,2017,橡胶和塑料制品业
601966,2018,橡胶和塑料制品业
601966,2019,橡胶和塑料制品业
601968,2015,金属制品业
601968,2016,金属制品业
601968,2017,金属制品业
601968,2018,金属制品业
601968,2019,金属制品业
601969,2015,黑色金属矿采选业
601969,2016,黑色金属矿采选业
601969,2017,黑色金属矿采选业
601969,2018,黑色金属矿采选业
601969,2019,黑色金属矿采选业
601975,2018,水上运输业
601975,2019,水上运输业
601985,2015,电力、热力生产和供应业
601985,2016,电力、热力生产和供应业
601985,2017,电力、热力生产和供应业
601985,2018,电力、热力生产和供应业
601985,2019,电力、热力生产和供应业
601989,2015,铁路、船舶、航空航天和其他运输设备制造业
601989,2016,铁路、船舶、航空航天和其他运输设备制造业
601989,2017,铁路、船舶、航空航天和其他运输设备制造业
601989,2018,铁路、船舶、航空航天和其他运输设备制造业
601989,2019,铁路、船舶、航空航天和其他运输设备制造业
601991,2015,电力、热力生产和供应业
601991,2016,电力、热力生产和供应业
601991,2017,电力、热力生产和供应业
601991,2018,电力、热力生产和供应业
601991,2019,电力、热力生产和供应业
601992,2015,非金属矿物制品业
601992,2016,非金属矿物制品业
601992,2017,非金属矿物制品业
601992,2018,非金属矿物制品业
601992,2019,非金属矿物制品业
601996,2015,木材加工和木、竹、藤、棕、草制品业
601996,2016,木材加工和木、竹、藤、棕、草制品业
601996,2017,木材加工和木、竹、藤、棕、草制品业
601996,2018,木材加工和木、竹、藤、棕、草制品业
601996,2019,木材加工和木、竹、藤、棕、草制品业
601999,2015,新闻和出版业
601999,2016,新闻和出版业
601999,2017,新闻和出版业
601999,2018,新闻和出版业
601999,2019,新闻和出版业
603000,2015,互联网和相关服务
603000,2016,互联网和相关服务
603000,2017,互联网和相关服务
603000,2018,互联网和相关服务
603000,2019,互联网和相关服务
603001,2015,皮革、毛皮、羽毛及其制品和制鞋业
603001,2016,皮革、毛皮、羽毛及其制品和制鞋业
603001,2017,皮革、毛皮、羽毛及其制品和制鞋业
603001,2018,皮革、毛皮、羽毛及其制品和制鞋业
603001,2019,皮革、毛皮、羽毛及其制品和制鞋业
603002,2015,化学原料和化学制品制造业
603002,2016,化学原料和化学制品制造业
603002,2017,化学原料和化学制品制造业
603002,2018,化学原料和化学制品制造业
603002,2019,化学原料和化学制品制造业
603003,2015,批发业
603003,2016,批发业
603003,2017,批发业
603003,2018,批发业
603003,2019,批发业
603005,2015,计算机、通信和其他电子设备制造业
603005,2016,计算机、通信和其他电子设备制造业
603005,2017,计算机、通信和其他电子设备制造业
603005,2018,计算机、通信和其他电子设备制造业
603005,2019,计算机、通信和其他电子设备制造业
603006,2015,汽车制造业
603006,2016,汽车制造业
603006,2017,汽车制造业
603006,2018,汽车制造业
603006,2019,汽车制造业
603007,2016,土木工程建筑业
603007,2017,土木工程建筑业
603007,2018,土木工程建筑业
603007,2019,土木工程建筑业
603008,2015,家具制造业
603008,2016,家具制造业
603008,2017,家具制造业
603008,2018,家具制造业
603008,2019,家具制造业
603009,2015,汽车制造业
603009,2016,汽车制造业
603009,2017,汽车制造业
603009,2018,汽车制造业
603009,2019,汽车制造业
603010,2015,化学原料和化学制品制造业
603010,2016,化学原料和化学制品制造业
603010,2017,化学原料和化学制品制造业
603010,2018,化学原料和化学制品制造业
603010,2019,化学原料和化学制品制造业
603011,2015,通用设备制造业
603011,2016,通用设备制造业
603011,2017,通用设备制造业
603011,2018,通用设备制造业
603011,2019,通用设备制造业
603012,2015,专用设备制造业
603012,2016,专用设备制造业
603012,2017,专用设备制造业
603012,2018,专用设备制造业
603012,2019,专用设备制造业
603013,2018,汽车制造业
603013,2019,汽车制造业
603015,2015,电气机械和器材制造业
603015,2016,电气机械和器材制造业
603015,2017,电气机械和器材制造业
603015,2018,电气机械和器材制造业
603015,2019,电气机械和器材制造业
603016,2016,电气机械和器材制造业
603016,2017,电气机械和器材制造业
603016,2018,电气机械和器材制造业
603016,2019,电气机械和器材制造业
603017,2015,专业技术服务业
603017,2016,专业技术服务业
603017,2017,专业技术服务业
603017,2018,专业技术服务业
603017,2019,专业技术服务业
603018,2015,专业技术服务业
603018,2016,专业技术服务业
603018,2017,专业技术服务业
603018,2018,专业技术服务业
603018,2019,专业技术服务业
603019,2015,计算机、通信和其他电子设备制造业
603019,2016,计算机、通信和其他电子设备制造业
603019,2017,计算机、通信和其他电子设备制造业
603019,2018,计算机、通信和其他电子设备制造业
603019,2019,计算机、通信和其他电子设备制造业
603020,2015,食品制造业
603020,2016,食品制造业
603020,2017,食品制造业
603020,2018,食品制造业
603020,2019,食品制造业
603021,2015,非金属矿物制品业
603021,2016,非金属矿物制品业
603021,2017,非金属矿物制品业
603021,2018,非金属矿物制品业
603021,2019,非金属矿物制品业
603022,2015,造纸和纸制品业
603022,2016,造纸和纸制品业
603022,2017,造纸和纸制品业
603022,2018,造纸和纸制品业
603022,2019,造纸和纸制品业
603023,2015,计算机、通信和其他电子设备制造业
603023,2016,计算机、通信和其他电子设备制造业
603023,2017,计算机、通信和其他电子设备制造业
603023,2018,计算机、通信和其他电子设备制造业
603023,2019,计算机、通信和其他电子设备制造业
603025,2015,计算机、通信和其他电子设备制造业
603025,2016,计算机、通信和其他电子设备制造业
603025,2017,计算机、通信和其他电子设备制造业
603025,2018,计算机、通信和其他电子设备制造业
603025,2019,计算机、通信和其他电子设备制造业
603026,2015,化学原料和化学制品制造业
603026,2016,化学原料和化学制品制造业
603026,2017,化学原料和化学制品制造业
603026,2018,化学原料和化学制品制造业
603026,2019,化学原料和化学制品制造业
603027,2016,食品制造业
603027,2017,食品制造业
603027,2018,食品制造业
603027,2019,食品制造业
603028,2016,金属制品业
603028,2017,金属制品业
603028,2018,金属制品业
603028,2019,金属制品业
603029,2016,专用设备制造业
603029,2017,专用设备制造业
603029,2018,专用设备制造业
603029,2019,专用设备制造业
603030,2015,建筑装饰、装修和其他建筑业
603030,2016,建筑装饰、装修和其他建筑业
603030,2017,建筑装饰、装修和其他建筑业
603030,2018,建筑装饰、装修和其他建筑业
603030,2019,建筑装饰、装修和其他建筑业
603031,2016,零售业
603031,2017,零售业
603031,2018,零售业
603031,2019,零售业
603032,2016,道路运输业
603032,2017,道路运输业
603032,2018,道路运输业
603032,2019,道路运输业
603033,2016,橡胶和塑料制品业
603033,2017,橡胶和塑料制品业
603033,2018,橡胶和塑料制品业
603033,2019,橡胶和塑料制品业
603035,2016,汽车制造业
603035,2017,汽车制造业
603035,2018,汽车制造业
603035,2019,汽车制造业
603036,2016,专用设备制造业
603036,2017,专用设备制造业
603036,2018,专用设备制造业
603036,2019,专用设备制造业
603037,2016,汽车制造业
603037,2017,汽车制造业
603037,2018,汽车制造业
603037,2019,汽车制造业
603038,2016,其他制造业
603038,2017,其他制造业
603038,2018,其他制造业
603038,2019,其他制造业
603039,2016,软件和信息技术服务业
603039,2017,软件和信息技术服务业
603039,2018,软件和信息技术服务业
603039,2019,软件和信息技术服务业
603040,2016,金属制品业
603040,2017,金属制品业
603040,2018,金属制品业
603040,2019,金属制品业
603041,2017,化学原料和化学制品制造业
603041,2018,化学原料和化学制品制造业
603041,2019,化学原料和化学制品制造业
603042,2017,计算机、通信和其他电子设备制造业
603042,2018,计算机、通信和其他电子设备制造业
603042,2019,计算机、通信和其他电子设备制造业
603043,2017,食品制造业
603043,2018,食品制造业
603043,2019,食品制造业
603045,2018,电气机械和器材制造业
603045,2019,电气机械和器材制造业
603050,2017,电气机械和器材制造业
603050,2018,电气机械和器材制造业
603050,2019,电气机械和器材制造业
603053,2019,燃气生产和供应业
603055,2017,纺织业
603055,2018,纺织业
603055,2019,纺织业
603056,2017,邮政业
603056,2018,邮政业
603056,2019,邮政业
603058,2016,印刷和记录媒介复制业
603058,2017,印刷和记录媒介复制业
603058,2018,印刷和记录媒介复制业
603058,2019,印刷和记录媒介复制业
603059,2018,其他制造业
603059,2019,其他制造业
603060,2016,专业技术服务业
603060,2017,专业技术服务业
603060,2018,专业技术服务业
603060,2019,专业技术服务业
603063,2017,电气机械和器材制造业
603063,2018,电气机械和器材制造业
603063,2019,电气机械和器材制造业
603066,2015,装卸搬运和仓储业
603066,2016,装卸搬运和仓储业
603066,2017,装卸搬运和仓储业
603066,2018,装卸搬运和仓储业
603066,2019,装卸搬运和仓储业
603067,2016,化学原料和化学制品制造业
603067,2017,化学原料和化学制品制造业
603067,2018,化学原料和化学制品制造业
603067,2019,化学原料和化学制品制造业
603068,2019,计算机、通信和其他电子设备制造业
603069,2016,道路运输业
603069,2017,道路运输业
603069,2018,道路运输业
603069,2019,道路运输业
603076,2017,专用设备制造业
603076,2018,专用设备制造业
603076,2019,专用设备制造业
603077,2015,化学原料和化学制品制造业
603077,2016,化学原料和化学制品制造业
603077,2017,化学原料和化学制品制造业
603077,2018,化学原料和化学制品制造业
603077,2019,化学原料和化学制品制造业
603078,2017,化学原料和化学制品制造业
603078,2018,化学原料和化学制品制造业
603078,2019,化学原料和化学制品制造业
603079,2017,食品制造业
603079,2018,食品制造业
603079,2019,食品制造业
603080,2017,燃气生产和供应业
603080,2018,燃气生产和供应业
603080,2019,燃气生产和供应业
603081,2017,专用设备制造业
603081,2018,专用设备制造业
603081,2019,专用设备制造业
603083,2017,计算机、通信和其他电子设备制造业
603083,2018,计算机、通信和其他电子设备制造业
603083,2019,计算机、通信和其他电子设备制造业
603085,2015,专用设备制造业
603085,2016,专用设备制造业
603085,2017,专用设备制造业
603085,2018,专用设备制造业
603085,2019,专用设备制造业
603086,2017,化学原料和化学制品制造业
603086,2018,化学原料和化学制品制造业
603086,2019,化学原料和化学制品制造业
603088,2015,专用设备制造业
603088,2016,专用设备制造业
603088,2017,专用设备制造业
603088,2018,专用设备制造业
603088,2019,专用设备制造业
603089,2016,汽车制造业
603089,2017,汽车制造业
603089,2018,汽车制造业
603089,2019,汽车制造业
603090,2016,通用设备制造业
603090,2017,通用设备制造业
603090,2018,通用设备制造业
603090,2019,通用设备制造业
603096,2017,新闻和出版业
603096,2018,新闻和出版业
603096,2019,新闻和出版业
603098,2016,建筑装饰、装修和其他建筑业
603098,2017,建筑装饰、装修和其他建筑业
603098,2018,建筑装饰、装修和其他建筑业
603098,2019,建筑装饰、装修和其他建筑业
603099,2015,公共设施管理业
603099,2016,公共设施管理业
603099,2017,公共设施管理业
603099,2018,公共设施管理业
603099,2019,公共设施管理业
603100,2015,仪器仪表制造业
603100,2016,仪器仪表制造业
603100,2017,仪器仪表制造业
603100,2018,仪器仪表制造业
603100,2019,仪器仪表制造业
603101,2016,零售业
603101,2017,零售业
603101,2018,零售业
603101,2019,零售业
603103,2017,广播、电视、电影和录音制作业
603103,2018,广播、电视、电影和录音制作业
603103,2019,广播、电视、电影和录音制作业
603105,2018,电气机械和器材制造业
603105,2019,电气机械和器材制造业
603106,2017,计算机、通信和其他电子设备制造业
603106,2018,计算机、通信和其他电子设备制造业
603106,2019,计算机、通信和其他电子设备制造业
603108,2015,批发业
603108,2016,批发业
603108,2017,批发业
603108,2018,批发业
603108,2019,批发业
603109,2019,通用设备制造业
603110,2017,化学原料和化学制品制造业
603110,2018,化学原料和化学制品制造业
603110,2019,化学原料和化学制品制造业
603111,2015,铁路、船舶、航空航天和其他运输设备制造业
603111,2016,铁路、船舶、航空航天和其他运输设备制造业
603111,2017,铁路、船舶、航空航天和其他运输设备制造业
603111,2018,铁路、船舶、航空航天和其他运输设备制造业
603111,2019,铁路、船舶、航空航天和其他运输设备制造业
603113,2017,石油、煤炭及其他燃料加工业
603113,2018,石油、煤炭及其他燃料加工业
603113,2019,石油、煤炭及其他燃料加工业
603115,2019,计算机、通信和其他电子设备制造业
603116,2015,皮革、毛皮、羽毛及其制品和制鞋业
603116,2016,皮革、毛皮、羽毛及其制品和制鞋业
603116,2017,皮革、毛皮、羽毛及其制品和制鞋业
603116,2018,皮革、毛皮、羽毛及其制品和制鞋业
603116,2019,皮革、毛皮、羽毛及其制品和制鞋业
603117,2015,商务服务业
603117,2016,商务服务业
603117,2017,商务服务业
603117,2018,商务服务业
603117,2019,商务服务业
603118,2015,计算机、通信和其他电子设备制造业
603118,2016,计算机、通信和其他电子设备制造业
603118,2017,计算机、通信和其他电子设备制造业
603118,2018,计算机、通信和其他电子设备制造业
603118,2019,计算机、通信和其他电子设备制造业
603121,2018,汽车制造业
603121,2019,汽车制造业
603123,2015,零售业
603123,2016,零售业
603123,2017,零售业
603123,2018,零售业
603123,2019,零售业
603126,2015,专业技术服务业
603126,2016,专业技术服务业
603126,2017,专业技术服务业
603126,2018,专业技术服务业
603126,2019,专业技术服务业
603127,2017,研究和试验发展
603127,2018,研究和试验发展
603127,2019,研究和试验发展
603128,2015,多式联运和运输代理业
603128,2016,多式联运和运输代理业
603128,2017,多式联运和运输代理业
603128,2018,多式联运和运输代理业
603128,2019,多式联运和运输代理业
603129,2017,铁路、船舶、航空航天和其他运输设备制造业
603129,2018,铁路、船舶、航空航天和其他运输设备制造业
603129,2019,铁路、船舶、航空航天和其他运输设备制造业
603131,2016,通用设备制造业
603131,2017,通用设备制造业
603131,2018,通用设备制造业
603131,2019,通用设备制造业
603133,2017,计算机、通信和其他电子设备制造业
603133,2018,计算机、通信和其他电子设备制造业
603133,2019,计算机、通信和其他电子设备制造业
603136,2017,公共设施管理业
603136,2018,公共设施管理业
603136,2019,公共设施管理业
603138,2017,软件和信息技术服务业
603138,2018,软件和信息技术服务业
603138,2019,软件和信息技术服务业
603139,2017,医药制造业
603139,2018,医药制造业
603139,2019,医药制造业
603156,2017,酒、饮料和精制茶制造业
603156,2018,酒、饮料和精制茶制造业
603156,2019,酒、饮料和精制茶制造业
603157,2017,纺织服装、服饰业
603157,2018,纺织服装、服饰业
603157,2019,纺织服装、服饰业
603158,2015,汽车制造业
603158,2016,汽车制造业
603158,2017,汽车制造业
603158,2018,汽车制造业
603158,2019,汽车制造业
603159,2016,专用设备制造业
603159,2017,专用设备制造业
603159,2018,专用设备制造业
603159,2019,专用设备制造业
603160,2016,计算机、通信和其他电子设备制造业
603160,2017,计算机、通信和其他电子设备制造业
603160,2018,计算机、通信和其他电子设备制造业
603160,2019,计算机、通信和其他电子设备制造业
603161,2017,汽车制造业
603161,2018,汽车制造业
603161,2019,汽车制造业
603165,2016,造纸和纸制品业
603165,2017,造纸和纸制品业
603165,2018,造纸和纸制品业
603165,2019,造纸和纸制品业
603166,2015,汽车制造业
603166,2016,汽车制造业
603166,2017,汽车制造业
603166,2018,汽车制造业
603166,2019,汽车制造业
603167,2015,水上运输业
603167,2016,水上运输业
603167,2017,水上运输业
603167,2018,水上运输业
603167,2019,水上运输业
603168,2015,医药制造业
603168,2016,医药制造业
603168,2017,医药制造业
603168,2018,医药制造业
603168,2019,医药制造业
603169,2015,专用设备制造业
603169,2016,专用设备制造业
603169,2017,专用设备制造业
603169,2018,专用设备制造业
603169,2019,专用设备制造业
603177,2016,生态保护和环境治理业
603177,2017,生态保护和环境治理业
603177,2018,生态保护和环境治理业
603177,2019,生态保护和环境治理业
603178,2017,汽车制造业
603178,2018,汽车制造业
603178,2019,汽车制造业
603179,2017,汽车制造业
603179,2018,汽车制造业
603179,2019,汽车制造业
603180,2017,家具制造业
603180,2018,家具制造业
603180,2019,家具制造业
603181,2017,化学原料和化学制品制造业
603181,2018,化学原料和化学制品制造业
603181,2019,化学原料和化学制品制造业
603183,2017,专业技术服务业
603183,2018,专业技术服务业
603183,2019,专业技术服务业
603185,2018,专用设备制造业
603185,2019,专用设备制造业
603186,2016,计算机、通信和其他电子设备制造业
603186,2017,计算机、通信和其他电子设备制造业
603186,2018,计算机、通信和其他电子设备制造业
603186,2019,计算机、通信和其他电子设备制造业
603187,2018,通用设备制造业
603187,2019,通用设备制造业
603188,2015,化学原料和化学制品制造业
603188,2016,化学原料和化学制品制造业
603188,2017,化学原料和化学制品制造业
603188,2018,化学原料和化学制品制造业
603188,2019,化学原料和化学制品制造业
603189,2016,软件和信息技术服务业
603189,2017,软件和信息技术服务业
603189,2018,软件和信息技术服务业
603189,2019,软件和信息技术服务业
603192,2018,化学原料和化学制品制造业
603192,2019,化学原料和化学制品制造业
603195,2019,电气机械和器材制造业
603196,2017,纺织服装、服饰业
603196,2018,纺织服装、服饰业
603196,2019,纺织服装、服饰业
603197,2017,汽车制造业
603197,2018,汽车制造业
603197,2019,汽车制造业
603198,2015,酒、饮料和精制茶制造业
603198,2016,酒、饮料和精制茶制造业
603198,2017,酒、饮料和精制茶制造业
603198,2018,酒、饮料和精制茶制造业
603198,2019,酒、饮料和精制茶制造业
603199,2015,公共设施管理业
603199,2016,公共设施管理业
603199,2017,公共设施管理业
603199,2018,公共设施管理业
603199,2019,公共设施管理业
603200,2017,生态保护和环境治理业
603200,2018,生态保护和环境治理业
603200,2019,生态保护和环境治理业
603203,2016,专用设备制造业
603203,2017,专用设备制造业
603203,2018,专用设备制造业
603203,2019,专用设备制造业
603208,2016,家具制造业
603208,2017,家具制造业
603208,2018,家具制造业
603208,2019,家具制造业
603214,2018,零售业
603214,2019,零售业
603217,2019,化学原料和化学制品制造业
603218,2016,通用设备制造业
603218,2017,通用设备制造业
603218,2018,通用设备制造业
603218,2019,通用设备制造业
603220,2018,软件和信息技术服务业
603220,2019,软件和信息技术服务业
603222,2015,医药制造业
603222,2016,医药制造业
603222,2017,医药制造业
603222,2018,医药制造业
603222,2019,医药制造业
603223,2015,道路运输业
603223,2016,道路运输业
603223,2017,道路运输业
603223,2018,道路运输业
603223,2019,道路运输业
603225,2017,化学纤维制造业
603225,2018,化学纤维制造业
603225,2019,化学纤维制造业
603226,2017,木材加工和木、竹、藤、棕、草制品业
603226,2018,木材加工和木、竹、藤、棕、草制品业
603226,2019,木材加工和木、竹、藤、棕、草制品业
603227,2015,化学原料和化学制品制造业
603227,2016,化学原料和化学制品制造业
603227,2017,化学原料和化学制品制造业
603227,2018,化学原料和化学制品制造业
603227,2019,化学原料和化学制品制造业
603228,2016,计算机、通信和其他电子设备制造业
603228,2017,计算机、通信和其他电子设备制造业
603228,2018,计算机、通信和其他电子设备制造业
603228,2019,计算机、通信和其他电子设备制造业
603229,2017,医药制造业
603229,2018,医药制造业
603229,2019,医药制造业
603232,2017,软件和信息技术服务业
603232,2018,软件和信息技术服务业
603232,2019,软件和信息技术服务业
603233,2017,零售业
603233,2018,零售业
603233,2019,零售业
603236,2019,计算机、通信和其他电子设备制造业
603238,2016,纺织业
603238,2017,纺织业
603238,2018,纺织业
603238,2019,纺织业
603239,2016,汽车制造业
603239,2017,汽车制造业
603239,2018,汽车制造业
603239,2019,汽车制造业
603256,2019,非金属矿物制品业
603258,2016,软件和信息技术服务业
603258,2017,互联网和相关服务
603258,2018,互联网和相关服务
603258,2019,互联网和相关服务
603259,2018,研究和试验发展
603259,2019,研究和试验发展
603260,2017,化学原料和化学制品制造业
603260,2018,化学原料和化学制品制造业
603260,2019,化学原料和化学制品制造业
603266,2016,橡胶和塑料制品业
603266,2017,橡胶和塑料制品业
603266,2018,橡胶和塑料制品业
603266,2019,橡胶和塑料制品业
603267,2019,计算机、通信和其他电子设备制造业
603268,2015,非金属矿物制品业
603268,2016,非金属矿物制品业
603268,2017,非金属矿物制品业
603268,2018,非金属矿物制品业
603268,2019,非金属矿物制品业
603269,2017,通用设备制造业
603269,2018,通用设备制造业
603269,2019,通用设备制造业
603277,2017,通用设备制造业
603277,2018,通用设备制造业
603277,2019,通用设备制造业
603278,2017,金属制品业
603278,2018,金属制品业
603278,2019,金属制品业
603279,2019,通用设备制造业
603283,2017,专用设备制造业
603283,2018,专用设备制造业
603283,2019,专用设备制造业
603286,2017,汽车制造业
603286,2018,汽车制造业
603286,2019,汽车制造业
603288,2015,食品制造业
603288,2016,食品制造业
603288,2017,食品制造业
603288,2018,食品制造业
603288,2019,食品制造业
603289,2017,专用设备制造业
603289,2018,专用设备制造业
603289,2019,专用设备制造业
603290,2019,计算机、通信和其他电子设备制造业
603297,2018,仪器仪表制造业
603297,2019,仪器仪表制造业
603298,2016,通用设备制造业
603298,2017,通用设备制造业
603298,2018,通用设备制造业
603298,2019,通用设备制造业
603299,2015,化学原料和化学制品制造业
603299,2016,化学原料和化学制品制造业
603299,2017,化学原料和化学制品制造业
603299,2018,化学原料和化学制品制造业
603299,2019,食品制造业
603300,2015,租赁业
603300,2016,租赁业
603300,2017,租赁业
603300,2018,租赁业
603300,2019,租赁业
603301,2018,专用设备制造业
603301,2019,专用设备制造业
603303,2017,电气机械和器材制造业
603303,2018,电气机械和器材制造业
603303,2019,电气机械和器材制造业
603305,2017,有色金属冶炼和压延加工业
603305,2018,有色金属冶炼和压延加工业
603305,2019,有色金属冶炼和压延加工业
603306,2015,汽车制造业
603306,2016,汽车制造业
603306,2017,汽车制造业
603306,2018,汽车制造业
603306,2019,汽车制造业
603308,2015,专用设备制造业
603308,2016,专用设备制造业
603308,2017,专用设备制造业
603308,2018,专用设备制造业
603308,2019,专用设备制造业
603309,2015,专用设备制造业
603309,2016,专用设备制造业
603309,2017,专用设备制造业
603309,2018,专用设备制造业
603309,2019,专用设备制造业
603311,2015,专用设备制造业
603311,2016,专用设备制造业
603311,2017,专用设备制造业
603311,2018,专用设备制造业
603311,2019,专用设备制造业
603313,2016,家具制造业
603313,2017,家具制造业
603313,2018,家具制造业
603313,2019,家具制造业
603315,2015,通用设备制造业
603315,2016,通用设备制造业
603315,2017,通用设备制造业
603315,2018,通用设备制造业
603315,2019,通用设备制造业
603316,2017,土木工程建筑业
603316,2018,土木工程建筑业
603316,2019,土木工程建筑业
603317,2019,食品制造业
603318,2015,专用设备制造业
603318,2016,专用设备制造业
603318,2017,专用设备制造业
603318,2018,专用设备制造业
603318,2019,专用设备制造业
603319,2016,汽车制造业
603319,2017,汽车制造业
603319,2018,汽车制造业
603319,2019,汽车制造业
603320,2017,通用设备制造业
603320,2018,通用设备制造业
603320,2019,通用设备制造业
603321,2017,通用设备制造业
603321,2018,通用设备制造业
603321,2019,通用设备制造业
603322,2016,软件和信息技术服务业
603322,2017,软件和信息技术服务业
603322,2018,软件和信息技术服务业
603322,2019,软件和信息技术服务业
603326,2017,家具制造业
603326,2018,家具制造业
603326,2019,家具制造业
603327,2019,计算机、通信和其他电子设备制造业
603328,2015,计算机、通信和其他电子设备制造业
603328,2016,计算机、通信和其他电子设备制造业
603328,2017,计算机、通信和其他电子设备制造业
603328,2018,计算机、通信和其他电子设备制造业
603328,2019,计算机、通信和其他电子设备制造业
603329,2017,多式联运和运输代理业
603329,2018,多式联运和运输代理业
603329,2019,多式联运和运输代理业
603330,2016,化学原料和化学制品制造业
603330,2017,化学原料和化学制品制造业
603330,2018,化学原料和化学制品制造业
603330,2019,化学原料和化学制品制造业
603331,2017,电气机械和器材制造业
603331,2018,电气机械和器材制造业
603331,2019,电气机械和器材制造业
603332,2018,化学纤维制造业
603332,2019,化学纤维制造业
603333,2015,电气机械和器材制造业
603333,2016,电气机械和器材制造业
603333,2017,电气机械和器材制造业
603333,2018,电气机械和器材制造业
603333,2019,电气机械和器材制造业
603335,2017,汽车制造业
603335,2018,汽车制造业
603335,2019,汽车制造业
603336,2016,农副食品加工业
603336,2017,农副食品加工业
603336,2018,农副食品加工业
603336,2019,农副食品加工业
603337,2016,专用设备制造业
603337,2017,专用设备制造业
603337,2018,专用设备制造业
603337,2019,专用设备制造业
603338,2015,专用设备制造业
603338,2016,专用设备制造业
603338,2017,专用设备制造业
603338,2018,专用设备制造业
603338,2019,专用设备制造业
603339,2016,通用设备制造业
603339,2017,通用设备制造业
603339,2018,通用设备制造业
603339,2019,通用设备制造业
603345,2016,农副食品加工业
603345,2017,农副食品加工业
603345,2018,农副食品加工业
603345,2019,农副食品加工业
603348,2018,金属制品业
603348,2019,金属制品业
603351,2018,医药制造业
603351,2019,医药制造业
603355,2015,电气机械和器材制造业
603355,2016,电气机械和器材制造业
603355,2017,电气机械和器材制造业
603355,2018,电气机械和器材制造业
603355,2019,电气机械和器材制造业
603356,2017,通用设备制造业
603356,2018,通用设备制造业
603356,2019,通用设备制造业
603357,2017,专业技术服务业
603357,2018,专业技术服务业
603357,2019,专业技术服务业
603358,2016,汽车制造业
603358,2017,汽车制造业
603358,2018,汽车制造业
603358,2019,汽车制造业
603359,2017,土木工程建筑业
603359,2018,土木工程建筑业
603359,2019,土木工程建筑业
603360,2016,化学原料和化学制品制造业
603360,2017,化学原料和化学制品制造业
603360,2018,化学原料和化学制品制造业
603360,2019,化学原料和化学制品制造业
603363,2017,农副食品加工业
603363,2018,农副食品加工业
603363,2019,农副食品加工业
603365,2017,纺织业
603365,2018,纺织业
603365,2019,纺织业
603366,2015,电气机械和器材制造业
603366,2016,电气机械和器材制造业
603366,2017,电气机械和器材制造业
603366,2018,电气机械和器材制造业
603366,2019,电气机械和器材制造业
603367,2017,医药制造业
603367,2018,医药制造业
603367,2019,医药制造业
603368,2015,批发业
603368,2016,批发业
603368,2017,批发业
603368,2018,批发业
603368,2019,批发业
603369,2015,酒、饮料和精制茶制造业
603369,2016,酒、饮料和精制茶制造业
603369,2017,酒、饮料和精制茶制造业
603369,2018,酒、饮料和精制茶制造业
603369,2019,酒、饮料和精制茶制造业
603377,2015,道路运输业
603377,2016,教育
603377,2017,教育
603377,2018,教育
603377,2019,教育
603378,2017,化学原料和化学制品制造业
603378,2018,化学原料和化学制品制造业
603378,2019,化学原料和化学制品制造业
603379,2019,化学原料和化学制品制造业
603380,2017,计算机、通信和其他电子设备制造业
603380,2018,计算机、通信和其他电子设备制造业
603380,2019,计算机、通信和其他电子设备制造业
603383,2017,软件和信息技术服务业
603383,2018,软件和信息技术服务业
603383,2019,软件和信息技术服务业
603385,2017,非金属矿物制品业
603385,2018,非金属矿物制品业
603385,2019,非金属矿物制品业
603386,2017,计算机、通信和其他电子设备制造业
603386,2018,计算机、通信和其他电子设备制造业
603386,2019,计算机、通信和其他电子设备制造业
603387,2017,医药制造业
603387,2018,医药制造业
603387,2019,医药制造业
603388,2017,土木工程建筑业
603388,2018,土木工程建筑业
603388,2019,土木工程建筑业
603389,2016,家具制造业
603389,2017,家具制造业
603389,2018,家具制造业
603389,2019,家具制造业
603390,2019,计算机、通信和其他电子设备制造业
603393,2016,燃气生产和供应业
603393,2017,燃气生产和供应业
603393,2018,燃气生产和供应业
603393,2019,燃气生产和供应业
603396,2017,专用设备制造业
603396,2018,专用设备制造业
603396,2019,专用设备制造业
603398,2015,文教、工美、体育和娱乐用品制造业
603398,2016,文教、工美、体育和娱乐用品制造业
603398,2017,文教、工美、体育和娱乐用品制造业
603398,2018,文教、工美、体育和娱乐用品制造业
603398,2019,文教、工美、体育和娱乐用品制造业
603399,2015,有色金属冶炼和压延加工业
603399,2016,有色金属冶炼和压延加工业
603399,2017,有色金属冶炼和压延加工业
603399,2018,有色金属冶炼和压延加工业
603399,2019,有色金属冶炼和压延加工业
603416,2016,仪器仪表制造业
603416,2017,仪器仪表制造业
603416,2018,仪器仪表制造业
603416,2019,仪器仪表制造业
603421,2016,软件和信息技术服务业
603421,2017,软件和信息技术服务业
603421,2018,软件和信息技术服务业
603421,2019,软件和信息技术服务业
603429,2016,印刷和记录媒介复制业
603429,2017,印刷和记录媒介复制业
603429,2018,印刷和记录媒介复制业
603429,2019,印刷和记录媒介复制业
603444,2016,互联网和相关服务
603444,2017,互联网和相关服务
603444,2018,互联网和相关服务
603444,2019,互联网和相关服务
603456,2015,医药制造业
603456,2016,医药制造业
603456,2017,医药制造业
603456,2018,医药制造业
603456,2019,医药制造业
603458,2017,专业技术服务业
603458,2018,专业技术服务业
603458,2019,专业技术服务业
603466,2017,文化艺术业
603466,2018,文化艺术业
603466,2019,文化艺术业
603477,2017,皮革、毛皮、羽毛及其制品和制鞋业
603477,2018,皮革、毛皮、羽毛及其制品和制鞋业
603477,2019,皮革、毛皮、羽毛及其制品和制鞋业
603486,2018,电气机械和器材制造业
603486,2019,电气机械和器材制造业
603488,2017,电气机械和器材制造业
603488,2018,电气机械和器材制造业
603488,2019,电气机械和器材制造业
603489,2019,电气机械和器材制造业
603496,2017,计算机、通信和其他电子设备制造业
603496,2018,计算机、通信和其他电子设备制造业
603496,2019,计算机、通信和其他电子设备制造业
603499,2017,印刷和记录媒介复制业
603499,2018,印刷和记录媒介复制业
603499,2019,印刷和记录媒介复制业
603500,2017,铁路、船舶、航空航天和其他运输设备制造业
603500,2018,铁路、船舶、航空航天和其他运输设备制造业
603500,2019,铁路、船舶、航空航天和其他运输设备制造业
603501,2017,计算机、通信和其他电子设备制造业
603501,2018,计算机、通信和其他电子设备制造业
603501,2019,计算机、通信和其他电子设备制造业
603505,2017,非金属矿采选业
603505,2018,非金属矿采选业
603505,2019,非金属矿采选业
603506,2017,房地产业
603506,2018,房地产业
603506,2019,房地产业
603507,2017,金属制品业
603507,2018,电气机械和器材制造业
603507,2019,电气机械和器材制造业
603508,2015,软件和信息技术服务业
603508,2016,铁路、船舶、航空航天和其他运输设备制造业
603508,2017,铁路、船舶、航空航天和其他运输设备制造业
603508,2018,铁路、船舶、航空航天和其他运输设备制造业
603508,2019,铁路、船舶、航空航天和其他运输设备制造业
603515,2016,电气机械和器材制造业
603515,2017,电气机械和器材制造业
603515,2018,电气机械和器材制造业
603515,2019,电气机械和器材制造业
603516,2017,计算机、通信和其他电子设备制造业
603516,2018,计算机、通信和其他电子设备制造业
603516,2019,计算机、通信和其他电子设备制造业
603517,2017,农副食品加工业
603517,2018,农副食品加工业
603517,2019,农副食品加工业
603518,2015,纺织服装、服饰业
603518,2016,纺织服装、服饰业
603518,2017,纺织服装、服饰业
603518,2018,纺织服装、服饰业
603518,2019,纺织服装、服饰业
603519,2015,电气机械和器材制造业
603519,2016,电气机械和器材制造业
603519,2017,电气机械和器材制造业
603519,2018,电气机械和器材制造业
603519,2019,电气机械和器材制造业
603520,2015,医药制造业
603520,2016,医药制造业
603520,2017,医药制造业
603520,2018,医药制造业
603520,2019,医药制造业
603527,2017,有色金属冶炼和压延加工业
603527,2018,有色金属冶炼和压延加工业
603527,2019,有色金属冶炼和压延加工业
603528,2016,计算机、通信和其他电子设备制造业
603528,2017,计算机、通信和其他电子设备制造业
603528,2018,计算机、通信和其他电子设备制造业
603528,2019,计算机、通信和其他电子设备制造业
603530,2019,电气机械和器材制造业
603533,2017,互联网和相关服务
603533,2018,互联网和相关服务
603533,2019,互联网和相关服务
603535,2017,装卸搬运和仓储业
603535,2018,装卸搬运和仓储业
603535,2019,装卸搬运和仓储业
603536,2017,农副食品加工业
603536,2018,农副食品加工业
603536,2019,农副食品加工业
603538,2017,医药制造业
603538,2018,医药制造业
603538,2019,医药制造业
603551,2019,电气机械和器材制造业
603555,2015,纺织服装、服饰业
603555,2016,纺织服装、服饰业
603555,2017,纺织服装、服饰业
603555,2018,纺织服装、服饰业
603555,2019,纺织服装、服饰业
603556,2016,仪器仪表制造业
603556,2017,仪器仪表制造业
603556,2018,仪器仪表制造业
603556,2019,仪器仪表制造业
603557,2017,皮革、毛皮、羽毛及其制品和制鞋业
603557,2018,皮革、毛皮、羽毛及其制品和制鞋业
603557,2019,皮革、毛皮、羽毛及其制品和制鞋业
603558,2015,纺织业
603558,2016,纺织业
603558,2017,纺织业
603558,2018,纺织业
603558,2019,纺织业
603559,2016,电信、广播电视和卫星传输服务
603559,2017,电信、广播电视和卫星传输服务
603559,2018,电信、广播电视和卫星传输服务
603559,2019,电信、广播电视和卫星传输服务
603566,2015,医药制造业
603566,2016,医药制造业
603566,2017,医药制造业
603566,2018,医药制造业
603566,2019,医药制造业
603567,2015,医药制造业
603567,2016,医药制造业
603567,2017,医药制造业
603567,2018,医药制造业
603567,2019,医药制造业
603568,2015,生态保护和环境治理业
603568,2016,生态保护和环境治理业
603568,2017,生态保护和环境治理业
603568,2018,生态保护和环境治理业
603568,2019,生态保护和环境治理业
603569,2016,商务服务业
603569,2017,商务服务业
603569,2018,商务服务业
603569,2019,商务服务业
603577,2016,金属制品业
603577,2017,金属制品业
603577,2018,金属制品业
603577,2019,金属制品业
603578,2017,非金属矿物制品业
603578,2018,非金属矿物制品业
603578,2019,非金属矿物制品业
603579,2016,专用设备制造业
603579,2017,专用设备制造业
603579,2018,专用设备制造业
603579,2019,专用设备制造业
603580,2017,橡胶和塑料制品业
603580,2018,橡胶和塑料制品业
603580,2019,橡胶和塑料制品业
603583,2018,电气机械和器材制造业
603583,2019,电气机械和器材制造业
603585,2016,化学原料和化学制品制造业
603585,2017,化学原料和化学制品制造业
603585,2018,化学原料和化学制品制造业
603585,2019,化学原料和化学制品制造业
603586,2017,汽车制造业
603586,2018,汽车制造业
603586,2019,汽车制造业
603587,2018,纺织服装、服饰业
603587,2019,纺织服装、服饰业
603588,2015,生态保护和环境治理业
603588,2016,生态保护和环境治理业
603588,2017,生态保护和环境治理业
603588,2018,生态保护和环境治理业
603588,2019,生态保护和环境治理业
603589,2015,酒、饮料和精制茶制造业
603589,2016,酒、饮料和精制茶制造业
603589,2017,酒、饮料和精制茶制造业
603589,2018,酒、饮料和精制茶制造业
603589,2019,酒、饮料和精制茶制造业
603590,2018,医药制造业
603590,2019,医药制造业
603595,2017,计算机、通信和其他电子设备制造业
603595,2018,计算机、通信和其他电子设备制造业
603595,2019,计算机、通信和其他电子设备制造业
603596,2018,汽车制造业
603596,2019,汽车制造业
603598,2015,商务服务业
603598,2016,商务服务业
603598,2017,商务服务业
603598,2018,商务服务业
603598,2019,商务服务业
603599,2015,化学原料和化学制品制造业
603599,2016,化学原料和化学制品制造业
603599,2017,化学原料和化学制品制造业
603599,2018,化学原料和化学制品制造业
603599,2019,化学原料和化学制品制造业
603600,2015,家具制造业
603600,2016,家具制造业
603600,2017,家具制造业
603600,2018,家具制造业
603600,2019,家具制造业
603601,2015,非金属矿物制品业
603601,2016,非金属矿物制品业
603601,2017,非金属矿物制品业
603601,2018,非金属矿物制品业
603601,2019,非金属矿物制品业
603602,2017,软件和信息技术服务业
603602,2018,软件和信息技术服务业
603602,2019,软件和信息技术服务业
603603,2016,生态保护和环境治理业
603603,2017,生态保护和环境治理业
603603,2018,生态保护和环境治理业
603603,2019,生态保护和环境治理业
603605,2017,化学原料和化学制品制造业
603605,2018,化学原料和化学制品制造业
603605,2019,化学原料和化学制品制造业
603606,2015,电气机械和器材制造业
603606,2016,电气机械和器材制造业
603606,2017,电气机械和器材制造业
603606,2018,电气机械和器材制造业
603606,2019,电气机械和器材制造业
603607,2017,造纸和纸制品业
603607,2018,造纸和纸制品业
603607,2019,造纸和纸制品业
603608,2015,皮革、毛皮、羽毛及其制品和制鞋业
603608,2016,皮革、毛皮、羽毛及其制品和制鞋业
603608,2017,皮革、毛皮、羽毛及其制品和制鞋业
603608,2018,皮革、毛皮、羽毛及其制品和制鞋业
603608,2019,皮革、毛皮、羽毛及其制品和制鞋业
603609,2015,农副食品加工业
603609,2016,农副食品加工业
603609,2017,农副食品加工业
603609,2018,农副食品加工业
603609,2019,农副食品加工业
603610,2019,家具制造业
603611,2015,通用设备制造业
603611,2016,通用设备制造业
603611,2017,通用设备制造业
603611,2018,通用设备制造业
603611,2019,通用设备制造业
603612,2017,非金属矿物制品业
603612,2018,非金属矿物制品业
603612,2019,非金属矿物制品业
603613,2019,互联网和相关服务
603615,2016,橡胶和塑料制品业
603615,2017,橡胶和塑料制品业
603615,2018,橡胶和塑料制品业
603615,2019,橡胶和塑料制品业
603616,2015,非金属矿物制品业
603616,2016,非金属矿物制品业
603616,2017,非金属矿物制品业
603616,2018,非金属矿物制品业
603616,2019,非金属矿物制品业
603617,2017,通用设备制造业
603617,2018,通用设备制造业
603617,2019,通用设备制造业
603618,2015,电气机械和器材制造业
603618,2016,电气机械和器材制造业
603618,2017,电气机械和器材制造业
603618,2018,电气机械和器材制造业
603618,2019,电气机械和器材制造业
603619,2017,开采专业及辅助性活动
603619,2018,开采专业及辅助性活动
603619,2019,开采专业及辅助性活动
603626,2016,金属制品业
603626,2017,金属制品业
603626,2018,金属制品业
603626,2019,金属制品业
603628,2016,其他制造业
603628,2017,其他制造业
603628,2018,其他制造业
603628,2019,其他制造业
603629,2018,金属制品业
603629,2019,金属制品业
603630,2017,化学原料和化学制品制造业
603630,2018,化学原料和化学制品制造业
603630,2019,化学原料和化学制品制造业
603633,2016,计算机、通信和其他电子设备制造业
603633,2017,计算机、通信和其他电子设备制造业
603633,2018,计算机、通信和其他电子设备制造业
603633,2019,计算机、通信和其他电子设备制造业
603636,2015,软件和信息技术服务业
603636,2016,软件和信息技术服务业
603636,2017,软件和信息技术服务业
603636,2018,软件和信息技术服务业
603636,2019,软件和信息技术服务业
603637,2016,专业技术服务业
603637,2017,专业技术服务业
603637,2018,专业技术服务业
603637,2019,专业技术服务业
603638,2016,专用设备制造业
603638,2017,专用设备制造业
603638,2018,专用设备制造业
603638,2019,专用设备制造业
603639,2016,化学原料和化学制品制造业
603639,2017,化学原料和化学制品制造业
603639,2018,化学原料和化学制品制造业
603639,2019,化学原料和化学制品制造业
603648,2017,商务服务业
603648,2018,商务服务业
603648,2019,商务服务业
603650,2018,化学原料和化学制品制造业
603650,2019,化学原料和化学制品制造业
603655,2017,橡胶和塑料制品业
603655,2018,橡胶和塑料制品业
603655,2019,橡胶和塑料制品业
603656,2017,专用设备制造业
603656,2018,专用设备制造业
603656,2019,专用设备制造业
603657,2018,橡胶和塑料制品业
603657,2019,橡胶和塑料制品业
603658,2016,医药制造业
603658,2017,医药制造业
603658,2018,医药制造业
603658,2019,医药制造业
603659,2017,电气机械和器材制造业
603659,2018,电气机械和器材制造业
603659,2019,电气机械和器材制造业
603660,2016,计算机、通信和其他电子设备制造业
603660,2017,计算机、通信和其他电子设备制造业
603660,2018,计算机、通信和其他电子设备制造业
603660,2019,计算机、通信和其他电子设备制造业
603661,2017,家具制造业
603661,2018,家具制造业
603661,2019,家具制造业
603662,2019,仪器仪表制造业
603663,2016,非金属矿物制品业
603663,2017,非金属矿物制品业
603663,2018,非金属矿物制品业
603663,2019,非金属矿物制品业
603665,2017,纺织业
603665,2018,纺织业
603665,2019,纺织业
603666,2018,专用设备制造业
603666,2019,专用设备制造业
603667,2016,通用设备制造业
603667,2017,通用设备制造业
603667,2018,通用设备制造业
603667,2019,通用设备制造业
603668,2016,农副食品加工业
603668,2017,农副食品加工业
603668,2018,农副食品加工业
603668,2019,农副食品加工业
603669,2015,医药制造业
603669,2016,医药制造业
603669,2017,医药制造业
603669,2018,医药制造业
603669,2019,医药制造业
603676,2017,医药制造业
603676,2018,医药制造业
603676,2019,医药制造业
603677,2016,电气机械和器材制造业
603677,2017,电气机械和器材制造业
603677,2018,电气机械和器材制造业
603677,2019,电气机械和器材制造业
603678,2015,计算机、通信和其他电子设备制造业
603678,2016,计算机、通信和其他电子设备制造业
603678,2017,计算机、通信和其他电子设备制造业
603678,2018,计算机、通信和其他电子设备制造业
603678,2019,计算机、通信和其他电子设备制造业
603679,2017,电气机械和器材制造业
603679,2018,电气机械和器材制造业
603679,2019,电气机械和器材制造业
603680,2017,铁路、船舶、航空航天和其他运输设备制造业
603680,2018,铁路、船舶、航空航天和其他运输设备制造业
603680,2019,铁路、船舶、航空航天和其他运输设备制造业
603681,2019,化学原料和化学制品制造业
603683,2017,化学原料和化学制品制造业
603683,2018,化学原料和化学制品制造业
603683,2019,化学原料和化学制品制造业
603685,2017,电气机械和器材制造业
603685,2018,电气机械和器材制造业
603685,2019,电气机械和器材制造业
603686,2015,专用设备制造业
603686,2016,专用设备制造业
603686,2017,专用设备制造业
603686,2018,专用设备制造业
603686,2019,专用设备制造业
603687,2019,造纸和纸制品业
603688,2015,非金属矿物制品业
603688,2016,非金属矿物制品业
603688,2017,非金属矿物制品业
603688,2018,非金属矿物制品业
603688,2019,非金属矿物制品业
603689,2016,燃气生产和供应业
603689,2017,燃气生产和供应业
603689,2018,燃气生产和供应业
603689,2019,燃气生产和供应业
603690,2016,专用设备制造业
603690,2017,专用设备制造业
603690,2018,专用设备制造业
603690,2019,专用设备制造业
603693,2018,电力、热力生产和供应业
603693,2019,电力、热力生产和供应业
603696,2015,食品制造业
603696,2016,食品制造业
603696,2017,食品制造业
603696,2018,食品制造业
603696,2019,食品制造业
603697,2019,食品制造业
603698,2015,专业技术服务业
603698,2016,专业技术服务业
603698,2017,专业技术服务业
603698,2018,专业技术服务业
603698,2019,专业技术服务业
603699,2015,通用设备制造业
603699,2016,通用设备制造业
603699,2017,通用设备制造业
603699,2018,通用设备制造业
603699,2019,通用设备制造业
603700,2018,仪器仪表制造业
603700,2019,仪器仪表制造业
603701,2016,电气机械和器材制造业
603701,2017,电气机械和器材制造业
603701,2018,电气机械和器材制造业
603701,2019,电气机械和器材制造业
603703,2015,电气机械和器材制造业
603703,2016,电气机械和器材制造业
603703,2017,电气机械和器材制造业
603703,2018,电气机械和器材制造业
603703,2019,电气机械和器材制造业
603706,2018,燃气生产和供应业
603706,2019,燃气生产和供应业
603707,2017,医药制造业
603707,2018,医药制造业
603707,2019,医药制造业
603708,2016,零售业
603708,2017,零售业
603708,2018,零售业
603708,2019,零售业
603709,2017,家具制造业
603709,2018,家具制造业
603709,2019,家具制造业
603711,2017,酒、饮料和精制茶制造业
603711,2018,酒、饮料和精制茶制造业
603711,2019,酒、饮料和精制茶制造业
603712,2017,计算机、通信和其他电子设备制造业
603712,2018,计算机、通信和其他电子设备制造业
603712,2019,计算机、通信和其他电子设备制造业
603713,2018,多式联运和运输代理业
603713,2019,多式联运和运输代理业
603716,2016,批发业
603716,2017,批发业
603716,2018,批发业
603716,2019,批发业
603717,2017,土木工程建筑业
603717,2018,土木工程建筑业
603717,2019,土木工程建筑业
603718,2015,医药制造业
603718,2016,医药制造业
603718,2017,医药制造业
603718,2018,医药制造业
603718,2019,医药制造业
603719,2019,零售业
603721,2017,广播、电视、电影和录音制作业
603721,2018,广播、电视、电影和录音制作业
603721,2019,广播、电视、电影和录音制作业
603722,2017,化学原料和化学制品制造业
603722,2018,化学原料和化学制品制造业
603722,2019,化学原料和化学制品制造业
603725,2017,橡胶和塑料制品业
603725,2018,橡胶和塑料制品业
603725,2019,橡胶和塑料制品业
603726,2016,橡胶和塑料制品业
603726,2017,橡胶和塑料制品业
603726,2018,橡胶和塑料制品业
603726,2019,橡胶和塑料制品业
603727,2016,开采专业及辅助性活动
603727,2017,开采专业及辅助性活动
603727,2018,开采专业及辅助性活动
603727,2019,开采专业及辅助性活动
603728,2017,电气机械和器材制造业
603728,2018,电气机械和器材制造业
603728,2019,电气机械和器材制造业
603729,2015,商务服务业
603729,2016,商务服务业
603729,2017,商务服务业
603729,2018,商务服务业
603729,2019,商务服务业
603730,2017,汽车制造业
603730,2018,汽车制造业
603730,2019,汽车制造业
603733,2018,造纸和纸制品业
603733,2019,造纸和纸制品业
603737,2016,化学原料和化学制品制造业
603737,2017,化学原料和化学制品制造业
603737,2018,化学原料和化学制品制造业
603737,2019,化学原料和化学制品制造业
603738,2016,其他制造业
603738,2017,其他制造业
603738,2018,其他制造业
603738,2019,其他制造业
603739,2018,食品制造业
603739,2019,食品制造业
603755,2019,食品制造业
603757,2017,通用设备制造业
603757,2018,通用设备制造业
603757,2019,通用设备制造业
603758,2017,汽车制造业
603758,2018,汽车制造业
603758,2019,汽车制造业
603766,2015,铁路、船舶、航空航天和其他运输设备制造业
603766,2016,铁路、船舶、航空航天和其他运输设备制造业
603766,2017,铁路、船舶、航空航天和其他运输设备制造业
603766,2018,铁路、船舶、航空航天和其他运输设备制造业
603766,2019,铁路、船舶、航空航天和其他运输设备制造业
603767,2017,汽车制造业
603767,2018,汽车制造业
603767,2019,汽车制造业
603768,2017,汽车制造业
603768,2018,汽车制造业
603768,2019,汽车制造业
603773,2018,计算机、通信和其他电子设备制造业
603773,2019,计算机、通信和其他电子设备制造业
603776,2017,专业技术服务业
603776,2018,专业技术服务业
603776,2019,专业技术服务业
603777,2016,零售业
603777,2017,零售业
603777,2018,零售业
603777,2019,零售业
603778,2015,土木工程建筑业
603778,2016,土木工程建筑业
603778,2017,土木工程建筑业
603778,2018,土木工程建筑业
603778,2019,土木工程建筑业
603779,2016,酒、饮料和精制茶制造业
603779,2017,酒、饮料和精制茶制造业
603779,2018,酒、饮料和精制茶制造业
603779,2019,酒、饮料和精制茶制造业
603786,2019,汽车制造业
603787,2017,铁路、船舶、航空航天和其他运输设备制造业
603787,2018,铁路、船舶、航空航天和其他运输设备制造业
603787,2019,铁路、船舶、航空航天和其他运输设备制造业
603788,2015,汽车制造业
603788,2016,汽车制造业
603788,2017,汽车制造业
603788,2018,汽车制造业
603788,2019,汽车制造业
603789,2015,专用设备制造业
603789,2016,专用设备制造业
603789,2017,专用设备制造业
603789,2018,专用设备制造业
603789,2019,专用设备制造业
603790,2018,化学原料和化学制品制造业
603790,2019,化学原料和化学制品制造业
603797,2017,生态保护和环境治理业
603797,2018,生态保护和环境治理业
603797,2019,生态保护和环境治理业
603798,2016,石油、煤炭及其他燃料加工业
603798,2017,石油、煤炭及其他燃料加工业
603798,2018,石油、煤炭及其他燃料加工业
603798,2019,石油、煤炭及其他燃料加工业
603799,2015,有色金属冶炼和压延加工业
603799,2016,有色金属冶炼和压延加工业
603799,2017,有色金属冶炼和压延加工业
603799,2018,有色金属冶炼和压延加工业
603799,2019,有色金属冶炼和压延加工业
603800,2015,专用设备制造业
603800,2016,专用设备制造业
603800,2017,专用设备制造业
603800,2018,专用设备制造业
603800,2019,专用设备制造业
603801,2017,家具制造业
603801,2018,家具制造业
603801,2019,家具制造业
603803,2017,计算机、通信和其他电子设备制造业
603803,2018,计算机、通信和其他电子设备制造业
603803,2019,计算机、通信和其他电子设备制造业
603806,2015,橡胶和塑料制品业
603806,2016,橡胶和塑料制品业
603806,2017,橡胶和塑料制品业
603806,2018,橡胶和塑料制品业
603806,2019,橡胶和塑料制品业
603808,2015,纺织服装、服饰业
603808,2016,纺织服装、服饰业
603808,2017,纺织服装、服饰业
603808,2018,纺织服装、服饰业
603808,2019,纺织服装、服饰业
603809,2017,汽车制造业
603809,2018,汽车制造业
603809,2019,汽车制造业
603810,2018,化学原料和化学制品制造业
603810,2019,化学原料和化学制品制造业
603811,2017,医药制造业
603811,2018,医药制造业
603811,2019,医药制造业
603813,2017,道路运输业
603813,2018,道路运输业
603813,2019,道路运输业
603815,2019,土木工程建筑业
603816,2016,家具制造业
603816,2017,家具制造业
603816,2018,家具制造业
603816,2019,家具制造业
603817,2016,水的生产和供应业
603817,2017,水的生产和供应业
603817,2018,水的生产和供应业
603817,2019,水的生产和供应业
603818,2015,家具制造业
603818,2016,家具制造业
603818,2017,家具制造业
603818,2018,家具制造业
603818,2019,家具制造业
603819,2016,电气机械和器材制造业
603819,2017,电气机械和器材制造业
603819,2018,电气机械和器材制造业
603819,2019,电气机械和器材制造业
603822,2016,化学原料和化学制品制造业
603822,2017,化学原料和化学制品制造业
603822,2018,化学原料和化学制品制造业
603822,2019,化学原料和化学制品制造业
603823,2016,化学原料和化学制品制造业
603823,2017,化学原料和化学制品制造业
603823,2018,化学原料和化学制品制造业
603823,2019,化学原料和化学制品制造业
603825,2017,互联网和相关服务
603825,2018,互联网和相关服务
603825,2019,互联网和相关服务
603826,2017,非金属矿物制品业
603826,2018,非金属矿物制品业
603826,2019,非金属矿物制品业
603828,2015,建筑装饰、装修和其他建筑业
603828,2016,建筑装饰、装修和其他建筑业
603828,2017,建筑装饰、装修和其他建筑业
603828,2018,建筑装饰、装修和其他建筑业
603828,2019,建筑装饰、装修和其他建筑业
603829,2017,电气机械和器材制造业
603829,2018,电气机械和器材制造业
603829,2019,电气机械和器材制造业
603833,2017,家具制造业
603833,2018,家具制造业
603833,2019,家具制造业
603838,2015,非金属矿物制品业
603838,2016,非金属矿物制品业
603838,2017,非金属矿物制品业
603838,2018,非金属矿物制品业
603838,2019,非金属矿物制品业
603839,2016,纺织服装、服饰业
603839,2017,纺织服装、服饰业
603839,2018,纺织服装、服饰业
603839,2019,纺织服装、服饰业
603843,2016,土木工程建筑业
603843,2017,土木工程建筑业
603843,2018,土木工程建筑业
603843,2019,土木工程建筑业
603848,2017,金属制品业
603848,2018,金属制品业
603848,2019,金属制品业
603855,2017,专用设备制造业
603855,2018,专用设备制造业
603855,2019,专用设备制造业
603856,2017,橡胶和塑料制品业
603856,2018,橡胶和塑料制品业
603856,2019,橡胶和塑料制品业
603858,2016,医药制造业
603858,2017,医药制造业
603858,2018,医药制造业
603858,2019,医药制造业
603859,2016,专业技术服务业
603859,2017,专业技术服务业
603859,2018,专业技术服务业
603859,2019,专业技术服务业
603860,2017,专业技术服务业
603860,2018,专业技术服务业
603860,2019,专业技术服务业
603861,2016,电气机械和器材制造业
603861,2017,电气机械和器材制造业
603861,2018,电气机械和器材制造业
603861,2019,电气机械和器材制造业
603863,2019,造纸和纸制品业
603866,2015,食品制造业
603866,2016,食品制造业
603866,2017,食品制造业
603866,2018,食品制造业
603866,2019,食品制造业
603867,2019,化学原料和化学制品制造业
603868,2016,电气机械和器材制造业
603868,2017,电气机械和器材制造业
603868,2018,电气机械和器材制造业
603868,2019,电气机械和器材制造业
603869,2015,公共设施管理业
603869,2016,公共设施管理业
603869,2017,公共设施管理业
603869,2018,公共设施管理业
603869,2019,软件和信息技术服务业
603871,2017,多式联运和运输代理业
603871,2018,多式联运和运输代理业
603871,2019,多式联运和运输代理业
603876,2018,有色金属冶炼和压延加工业
603876,2019,有色金属冶炼和压延加工业
603877,2016,纺织服装、服饰业
603877,2017,纺织服装、服饰业
603877,2018,纺织服装、服饰业
603877,2019,纺织服装、服饰业
603878,2016,黑色金属冶炼和压延加工业
603878,2017,黑色金属冶炼和压延加工业
603878,2018,黑色金属冶炼和压延加工业
603878,2019,黑色金属冶炼和压延加工业
603879,2017,化学原料和化学制品制造业
603879,2018,化学原料和化学制品制造业
603879,2019,化学原料和化学制品制造业
603880,2017,医药制造业
603880,2018,医药制造业
603880,2019,医药制造业
603881,2016,互联网和相关服务
603881,2017,互联网和相关服务
603881,2018,互联网和相关服务
603881,2019,互联网和相关服务
603882,2017,卫生
603882,2018,卫生
603882,2019,卫生
603883,2015,零售业
603883,2016,零售业
603883,2017,零售业
603883,2018,零售业
603883,2019,零售业
603885,2015,航空运输业
603885,2016,航空运输业
603885,2017,航空运输业
603885,2018,航空运输业
603885,2019,航空运输业
603886,2016,食品制造业
603886,2017,食品制造业
603886,2018,食品制造业
603886,2019,食品制造业
603887,2016,土木工程建筑业
603887,2017,土木工程建筑业
603887,2018,土木工程建筑业
603887,2019,土木工程建筑业
603888,2016,互联网和相关服务
603888,2017,互联网和相关服务
603888,2018,互联网和相关服务
603888,2019,互联网和相关服务
603889,2015,纺织业
603889,2016,纺织业
603889,2017,纺织业
603889,2018,纺织业
603889,2019,纺织业
603890,2017,计算机、通信和其他电子设备制造业
603890,2018,计算机、通信和其他电子设备制造业
603890,2019,计算机、通信和其他电子设备制造业
603893,2019,计算机、通信和其他电子设备制造业
603895,2017,专用设备制造业
603895,2018,专用设备制造业
603895,2019,专用设备制造业
603896,2017,医药制造业
603896,2018,医药制造业
603896,2019,医药制造业
603897,2018,电气机械和器材制造业
603897,2019,电气机械和器材制造业
603898,2015,家具制造业
603898,2016,家具制造业
603898,2017,家具制造业
603898,2018,家具制造业
603898,2019,家具制造业
603899,2015,文教、工美、体育和娱乐用品制造业
603899,2016,文教、工美、体育和娱乐用品制造业
603899,2017,文教、工美、体育和娱乐用品制造业
603899,2018,文教、工美、体育和娱乐用品制造业
603899,2019,文教、工美、体育和娱乐用品制造业
603900,2016,零售业
603900,2017,零售业
603900,2018,零售业
603900,2019,零售业
603901,2015,专用设备制造业
603901,2016,专用设备制造业
603901,2017,专用设备制造业
603901,2018,专用设备制造业
603901,2019,专用设备制造业
603903,2017,生态保护和环境治理业
603903,2018,生态保护和环境治理业
603903,2019,生态保护和环境治理业
603906,2017,化学原料和化学制品制造业
603906,2018,化学原料和化学制品制造业
603906,2019,化学原料和化学制品制造业
603908,2017,纺织服装、服饰业
603908,2018,纺织服装、服饰业
603908,2019,纺织服装、服饰业
603909,2016,专业技术服务业
603909,2017,专业技术服务业
603909,2018,专业技术服务业
603909,2019,专业技术服务业
603912,2017,专用设备制造业
603912,2018,专用设备制造业
603912,2019,专用设备制造业
603915,2019,通用设备制造业
603916,2017,化学原料和化学制品制造业
603916,2018,化学原料和化学制品制造业
603916,2019,化学原料和化学制品制造业
603917,2017,专用设备制造业
603917,2018,专用设备制造业
603917,2019,专用设备制造业
603918,2015,软件和信息技术服务业
603918,2016,软件和信息技术服务业
603918,2017,软件和信息技术服务业
603918,2018,软件和信息技术服务业
603918,2019,软件和信息技术服务业
603919,2016,酒、饮料和精制茶制造业
603919,2017,酒、饮料和精制茶制造业
603919,2018,酒、饮料和精制茶制造业
603919,2019,酒、饮料和精制茶制造业
603920,2017,计算机、通信和其他电子设备制造业
603920,2018,计算机、通信和其他电子设备制造业
603920,2019,计算机、通信和其他电子设备制造业
603922,2017,汽车制造业
603922,2018,汽车制造业
603922,2019,汽车制造业
603926,2017,汽车制造业
603926,2018,汽车制造业
603926,2019,汽车制造业
603927,2019,软件和信息技术服务业
603928,2016,化学原料和化学制品制造业
603928,2017,化学原料和化学制品制造业
603928,2018,化学原料和化学制品制造业
603928,2019,化学原料和化学制品制造业
603929,2016,建筑安装业
603929,2017,建筑安装业
603929,2018,建筑安装业
603929,2019,建筑安装业
603933,2017,计算机、通信和其他电子设备制造业
603933,2018,计算机、通信和其他电子设备制造业
603933,2019,计算机、通信和其他电子设备制造业
603936,2015,计算机、通信和其他电子设备制造业
603936,2016,计算机、通信和其他电子设备制造业
603936,2017,计算机、通信和其他电子设备制造业
603936,2018,计算机、通信和其他电子设备制造业
603936,2019,计算机、通信和其他电子设备制造业
603937,2017,金属制品业
603937,2018,金属制品业
603937,2019,金属制品业
603938,2017,化学原料和化学制品制造业
603938,2018,化学原料和化学制品制造业
603938,2019,化学原料和化学制品制造业
603939,2015,零售业
603939,2016,零售业
603939,2017,零售业
603939,2018,零售业
603939,2019,零售业
603955,2017,土木工程建筑业
603955,2018,土木工程建筑业
603955,2019,土木工程建筑业
603956,2018,专用设备制造业
603956,2019,专用设备制造业
603958,2016,皮革、毛皮、羽毛及其制品和制鞋业
603958,2017,皮革、毛皮、羽毛及其制品和制鞋业
603958,2018,皮革、毛皮、羽毛及其制品和制鞋业
603958,2019,皮革、毛皮、羽毛及其制品和制鞋业
603959,2016,专业技术服务业
603959,2017,专业技术服务业
603959,2018,专业技术服务业
603959,2019,专业技术服务业
603960,2017,专用设备制造业
603960,2018,专用设备制造业
603960,2019,专用设备制造业
603963,2017,医药制造业
603963,2018,医药制造业
603963,2019,医药制造业
603966,2016,通用设备制造业
603966,2017,通用设备制造业
603966,2018,通用设备制造业
603966,2019,通用设备制造业
603967,2019,多式联运和运输代理业
603968,2015,化学原料和化学制品制造业
603968,2016,化学原料和化学制品制造业
603968,2017,化学原料和化学制品制造业
603968,2018,化学原料和化学制品制造业
603968,2019,化学原料和化学制品制造业
603969,2015,金属制品业
603969,2016,金属制品业
603969,2017,金属制品业
603969,2018,金属制品业
603969,2019,金属制品业
603970,2017,批发业
603970,2018,批发业
603970,2019,批发业
603976,2017,医药制造业
603976,2018,医药制造业
603976,2019,医药制造业
603977,2016,化学原料和化学制品制造业
603977,2017,化学原料和化学制品制造业
603977,2018,化学原料和化学制品制造业
603977,2019,化学原料和化学制品制造业
603978,2017,有色金属冶炼和压延加工业
603978,2018,有色金属冶炼和压延加工业
603978,2019,有色金属冶炼和压延加工业
603979,2015,开采专业及辅助性活动
603979,2016,开采专业及辅助性活动
603979,2017,开采专业及辅助性活动
603979,2018,开采专业及辅助性活动
603979,2019,开采专业及辅助性活动
603980,2017,化学原料和化学制品制造业
603980,2018,化学原料和化学制品制造业
603980,2019,化学原料和化学制品制造业
603982,2019,汽车制造业
603983,2019,化学原料和化学制品制造业
603985,2017,金属制品业
603985,2018,金属制品业
603985,2019,金属制品业
603986,2016,计算机、通信和其他电子设备制造业
603986,2017,计算机、通信和其他电子设备制造业
603986,2018,计算机、通信和其他电子设备制造业
603986,2019,计算机、通信和其他电子设备制造业
603987,2016,专用设备制造业
603987,2017,专用设备制造业
603987,2018,专用设备制造业
603987,2019,专用设备制造业
603988,2015,电气机械和器材制造业
603988,2016,电气机械和器材制造业
603988,2017,电气机械和器材制造业
603988,2018,电气机械和器材制造业
603988,2019,电气机械和器材制造业
603989,2015,计算机、通信和其他电子设备制造业
603989,2016,计算机、通信和其他电子设备制造业
603989,2017,计算机、通信和其他电子设备制造业
603989,2018,计算机、通信和其他电子设备制造业
603989,2019,计算机、通信和其他电子设备制造业
603990,2016,软件和信息技术服务业
603990,2017,软件和信息技术服务业
603990,2018,软件和信息技术服务业
603990,2019,软件和信息技术服务业
603991,2017,橡胶和塑料制品业
603991,2018,橡胶和塑料制品业
603991,2019,橡胶和塑料制品业
603992,2019,橡胶和塑料制品业
603993,2015,有色金属矿采选业
603993,2016,有色金属矿采选业
603993,2017,有色金属矿采选业
603993,2018,有色金属矿采选业
603993,2019,有色金属矿采选业
603995,2019,黑色金属冶炼和压延加工业
603996,2015,计算机、通信和其他电子设备制造业
603996,2016,计算机、通信和其他电子设备制造业
603996,2017,计算机、通信和其他电子设备制造业
603996,2018,计算机、通信和其他电子设备制造业
603996,2019,计算机、通信和其他电子设备制造业
603997,2015,汽车制造业
603997,2016,汽车制造业
603997,2017,汽车制造业
603997,2018,汽车制造业
603997,2019,汽车制造业
603998,2015,医药制造业
603998,2016,医药制造业
603998,2017,医药制造业
603998,2018,医药制造业
603998,2019,医药制造业
603999,2015,新闻和出版业
603999,2016,新闻和出版业
603999,2017,新闻和出版业
603999,2018,新闻和出版业
603999,2019,新闻和出版业
688001,2019,专用设备制造业
688002,2019,计算机、通信和其他电子设备制造业
688003,2019,专用设备制造业
688005,2019,计算机、通信和其他电子设备制造业
688006,2019,专用设备制造业
688007,2019,计算机、通信和其他电子设备制造业
688008,2019,计算机、通信和其他电子设备制造业
688009,2019,铁路、船舶、航空航天和其他运输设备制造业
688010,2019,仪器仪表制造业
688011,2019,计算机、通信和其他电子设备制造业
688012,2019,专用设备制造业
688015,2019,铁路、船舶、航空航天和其他运输设备制造业
688016,2019,专用设备制造业
688018,2019,软件和信息技术服务业
688019,2019,计算机、通信和其他电子设备制造业
688020,2019,计算机、通信和其他电子设备制造业
688021,2019,专用设备制造业
688022,2019,专用设备制造业
688023,2019,软件和信息技术服务业
688025,2019,计算机、通信和其他电子设备制造业
688026,2019,橡胶和塑料制品业
688028,2019,专用设备制造业
688029,2019,专用设备制造业
688030,2019,软件和信息技术服务业
688033,2019,铁路、船舶、航空航天和其他运输设备制造业
688036,2019,计算机、通信和其他电子设备制造业
688037,2019,专用设备制造业
688039,2019,软件和信息技术服务业
688058,2019,软件和信息技术服务业
688066,2019,软件和信息技术服务业
688068,2019,医药制造业
688078,2019,软件和信息技术服务业
688080,2019,计算机、通信和其他电子设备制造业
688081,2019,计算机、通信和其他电子设备制造业
688086,2019,计算机、通信和其他电子设备制造业
688088,2019,软件和信息技术服务业
688089,2019,食品制造业
688090,2019,专用设备制造业
688098,2019,医药制造业
688099,2019,软件和信息技术服务业
688100,2019,计算机、通信和其他电子设备制造业
688101,2019,专用设备制造业
688108,2019,专用设备制造业
688111,2019,软件和信息技术服务业
688116,2019,化学原料和化学制品制造业
688118,2019,软件和信息技术服务业
688122,2019,有色金属冶炼和压延加工业
688123,2019,计算机、通信和其他电子设备制造业
688126,2019,计算机、通信和其他电子设备制造业
688128,2019,专业技术服务业
688138,2019,计算机、通信和其他电子设备制造业
688139,2019,专用设备制造业
688158,2019,互联网和相关服务
688159,2019,计算机、通信和其他电子设备制造业
688166,2019,医药制造业
688168,2019,软件和信息技术服务业
688169,2019,电气机械和器材制造业
688177,2019,医药制造业
688178,2019,生态保护和环境治理业
688181,2019,计算机、通信和其他电子设备制造业
688186,2019,金属制品业
688188,2019,软件和信息技术服务业
688196,2019,废弃资源综合利用业
688198,2019,专用设备制造业
688199,2019,化学原料和化学制品制造业
688200,2019,专用设备制造业
688202,2019,研究和试验发展
688208,2019,计算机、通信和其他电子设备制造业
688218,2019,专用设备制造业
688233,2019,非金属矿物制品业
688258,2019,软件和信息技术服务业
688266,2019,医药制造业
688268,2019,化学原料和化学制品制造业
688278,2019,医药制造业
688288,2019,计算机、通信和其他电子设备制造业
688298,2019,医药制造业
688299,2019,橡胶和塑料制品业
688300,2019,非金属矿物制品业
688310,2019,专用设备制造业
688321,2019,医药制造业
688333,2019,通用设备制造业
688357,2019,化学原料和化学制品制造业
688358,2019,专用设备制造业
688363,2019,医药制造业
688366,2019,医药制造业
688368,2019,软件和信息技术服务业
688369,2019,软件和信息技术服务业
688388,2019,计算机、通信和其他电子设备制造业
688389,2019,专用设备制造业
688396,2019,计算机、通信和其他电子设备制造业
688398,2019,非金属矿物制品业
688399,2019,医药制造业
